No,Kalimat,Deskripsi Topik,Detail Topik,Sentimen,Skor Sentimen
1,Alhamdulillah sangat mempermudah Skali,Topik Tidak Relevan,Tidak Ditemukan,Positif,0.998
2,bagus terbukti dan stnk sudah sampai di rumah dengan ama,Layanan Pengiriman STNK ke Rumah,"rumah, langsung, kirim, stnk, samsat",Positif,0.912
3,terimakasih signal,Proses Pengurusan via Aplikasi SIGNAL,"signal, urus, samsat, digital, ambil",Positif,0.965
4,aku akan bayar pajak melalui signal,Pembayaran Pajak Kendaraan Online,"bayar, pajak, kendara, tahun, online",Netral,0.58
5,terimakasih bapenda dan pemerintah prop Lampung,Perbandingan Layanan Online vs. Kantor Samsat,"kantor, samsat, online, daerah, kota",Positif,0.992
6,aplikasi sangat membantu,Topik Tidak Relevan,Tidak Ditemukan,Positif,0.927
7,namum saat pengiriman dokumen nya lama sekali,Layanan Jasa Kurir Pengiriman,"pos, kirim, via, indonesia, guna",Negatif,0.936
8,tapi buat yang awam aplikasi ini cukup membantu,Fitur dan Layanan Bantuan Aplikasi,"bikin, sistem, antar, chat, cek",Positif,0.768
9,terus tingkatkan lagi agar mudah dalam akses nya,Permintaan Bantuan dan Saran Peningkatan,"bantu, tingkat, proses, samsat, rantau",Netral,0.685
10,tolong di bantu pengiriman blm jg sampai mau live chat tidak bisa agent tidak berada di tempat,Fitur dan Layanan Bantuan Aplikasi,"bikin, sistem, antar, chat, cek",Negatif,0.998
11,sangat membantu luarbiasa proses pengiriman STNK sangat cepat,Proses dan Durasi Pengiriman STNK,"kirim, proses, stnk, tanggal, minggu",Positif,0.964
12,mantap pelayanan cepet,Kualitas Pelayanan dan Antrean di Samsat,"layan, antri, samsat, masyarakat, respon",Positif,0.999
13,Proses beserta pengiriman memakan waktu sekitar Minggu lebih,Proses dan Durasi Pengiriman STNK,"kirim, proses, stnk, tanggal, minggu",Negatif,0.964
14,Banten Jakarta,Permintaan Bantuan dan Saran Peningkatan,"bantu, tingkat, proses, samsat, rantau",Netral,0.556
15,Mantap jadi lebih cepat,Topik Tidak Relevan,Tidak Ditemukan,Positif,1.0
16,aplikasinya sering trouble kalau mau bayar pajak pakai aplikasi jauh dari jatuh tempo aja karena takut dekat jatuh tempo apknya trouble,Perbandingan Layanan Online vs. Kantor Samsat,"kantor, samsat, online, daerah, kota",Negatif,0.982
17,pelayanan sangat bagus mempermudah saya,Kualitas Pelayanan dan Antrean di Samsat,"layan, antri, samsat, masyarakat, respon",Positif,0.997
18,Alhamdulillah memudahkan saran untuk motor atas nama orang lain semoga kedepan bisa bayar lewat app ini,Pembayaran Pajak Kendaraan Online,"bayar, pajak, kendara, tahun, online",Positif,0.89
19,sangat membantu aplikasi ini alhandulillah proses cepat dan yg terpenting tanpa antri sat set sat set bisa di rumah aja tinggal tunggu stnk dateng di anter POS the best SIGNAL,Kualitas Pelayanan dan Antrean di Samsat,"layan, antri, samsat, masyarakat, respon",Positif,0.998
20,konfirmasi penerimaan STNK malah kasih rating,Perpanjangan STNK 5 Tahunan (Ganti Plat),"stnk, panjang, samsat, ganti, plat",Negatif,0.745
21,udah ke x Ngurus E TBPKP lewat signal sumpah g ribet cepet banget tinggal input data yg dibutuhkan dan TF selesai,Proses Pengurusan via Aplikasi SIGNAL,"signal, urus, samsat, digital, ambil",Positif,0.982
22,bukti E TBPKP nya pun mas POS berbaik hati mo ngirim ampe rumah pendaftaran udah pembayaran udah sedang di proses check penerbitan dokumen digital juga check,Proses Pengurusan via Aplikasi SIGNAL,"signal, urus, samsat, digital, ambil",Negatif,0.968
23,nah disini nih yg bikin hedeh,Fitur dan Layanan Bantuan Aplikasi,"bikin, sistem, antar, chat, cek",Negatif,0.964
24,kasian mas POS nya nungguin buktinya ampe hari baru dikirm,Layanan Jasa Kurir Pengiriman,"pos, kirim, via, indonesia, guna",Negatif,0.961
25,entah dimana nya yg perlu diperbaiki za,Perbandingan Layanan Online vs. Kantor Samsat,"kantor, samsat, online, daerah, kota",Netral,0.753
26,makasi,Topik Tidak Relevan,Tidak Ditemukan,Positif,0.942
27,sehat selalu pak petugas,Fitur dan Layanan Bantuan Aplikasi,"bikin, sistem, antar, chat, cek",Netral,0.493
28,terima kasih mas POS,Layanan Jasa Kurir Pengiriman,"pos, kirim, via, indonesia, guna",Positif,0.866
29,sangat membantu sekali puas banggat pelayanannya,Kualitas Pelayanan dan Antrean di Samsat,"layan, antri, samsat, masyarakat, respon",Positif,0.996
30,cocok buat yg males ngantri bayar pajak apalagi yg diluar kota kendala di pengiriman lumayan lama Tegal jakarta seminggu baru nyampe,Pembayaran Pajak Kendaraan Online,"bayar, pajak, kendara, tahun, online",Negatif,0.729
31,tapi Ok,Topik Tidak Relevan,Tidak Ditemukan,Positif,0.97
32,top,Topik Tidak Relevan,Tidak Ditemukan,Positif,0.907
33,cepat aman ga pake ribet,Topik Tidak Relevan,Tidak Ditemukan,Positif,0.993
34,mntap,Topik Tidak Relevan,Tidak Ditemukan,Positif,0.568
35,membantu,Topik Tidak Relevan,Tidak Ditemukan,Positif,0.975
36,sangat membantu,Topik Tidak Relevan,Tidak Ditemukan,Positif,0.939
37,bayar pajak kendaraan lewat online lebih praktis dan cpt prosesnya,Pembayaran Pajak Kendaraan Online,"bayar, pajak, kendara, tahun, online",Positif,0.982
38,proses pengiriman super lambat hari kerja masih pra collecting aja,Proses dan Durasi Pengiriman STNK,"kirim, proses, stnk, tanggal, minggu",Negatif,0.998
39,aplikasinya mudah menghemat waktu tenaga proses lumayan cepat,Proses dan Durasi Pengiriman STNK,"kirim, proses, stnk, tanggal, minggu",Positif,0.999
40,Aplikasi abal abal sudah satu minggu bauar pajak kendaraan tapi lembar pembayaran pajak dan sticker pengesahan blm juga dikirim,Pembayaran Pajak Kendaraan Online,"bayar, pajak, kendara, tahun, online",Negatif,0.994
41,pdhl utk lengiriman sdh dipilih pangiriman express,Layanan Pengiriman STNK ke Rumah,"rumah, langsung, kirim, stnk, samsat",Negatif,0.934
42,Jarak kantor samsat ke rumah juga bukannya jauh,Perbandingan Layanan Online vs. Kantor Samsat,"kantor, samsat, online, daerah, kota",Positif,0.603
43,Layanan BOBROK,Kualitas Pelayanan dan Antrean di Samsat,"layan, antri, samsat, masyarakat, respon",Negatif,0.676
44,kalaj kita terlambat bayar pajak hati saja langsung di denda kena razia ditilang,Kendala Teknis Aplikasi (Loading),"orang, sibuk, data, bayar, bank",Negatif,0.952
45,sdh dibayar pajak secara online malah tidak dikirim sdh satu minggu,Pembayaran Pajak Kendaraan Online,"bayar, pajak, kendara, tahun, online",Negatif,0.869
46,Menyesal menggunakan layanan ini,Kualitas Pelayanan dan Antrean di Samsat,"layan, antri, samsat, masyarakat, respon",Negatif,0.631
47,Mending tutup aja aplikasi tak bermutu ini,Topik Tidak Relevan,Tidak Ditemukan,Negatif,0.965
48,sangat membantu plat daerah yg sedang merantau,Perbandingan Layanan Online vs. Kantor Samsat,"kantor, samsat, online, daerah, kota",Positif,0.938
49,keren si kalau kayak gini memudahkan,Topik Tidak Relevan,Tidak Ditemukan,Positif,0.773
50,ok,Topik Tidak Relevan,Tidak Ditemukan,Netral,0.0
51,mudah dan di percaya,Topik Tidak Relevan,Tidak Ditemukan,Positif,0.992
52,mantapp,Topik Tidak Relevan,Tidak Ditemukan,Positif,0.979
53,terimakasih signal semua proses jd lebih mudah tanpa repot antri,Proses Pengurusan via Aplikasi SIGNAL,"signal, urus, samsat, digital, ambil",Positif,0.999
54,ko Lum sampe pengiriman y,Proses dan Durasi Pengiriman STNK,"kirim, proses, stnk, tanggal, minggu",Negatif,0.811
55,mau daftar cuma loading terus,Rincian Biaya Administrasi dan Transaksi,"kali, daftar, biaya, transaksi, ktp",Negatif,0.995
56,memudahkan pelayanan masyarakat,Kualitas Pelayanan dan Antrean di Samsat,"layan, antri, samsat, masyarakat, respon",Positif,0.986
57,pelayanan Pajak kendaraan di Klaten satset dikirim sampai Bekasi hanya hari,Rincian Biaya Administrasi dan Transaksi,"kali, daftar, biaya, transaksi, ktp",Positif,0.772
58,makasih,Topik Tidak Relevan,Tidak Ditemukan,Positif,0.942
59,Mantapp,Topik Tidak Relevan,Tidak Ditemukan,Positif,0.979
60,lumayan membantu ketika mager,Topik Tidak Relevan,Tidak Ditemukan,Positif,0.995
61,proces cepat STNK aman,Perpanjangan STNK 5 Tahunan (Ganti Plat),"stnk, panjang, samsat, ganti, plat",Positif,0.99
62,mudah cuma untuk ke pengiriman aja terlalu lama dimaklum karena sedang pemutihan sukses utk semua,Proses dan Durasi Pengiriman STNK,"kirim, proses, stnk, tanggal, minggu",Negatif,0.384
63,sdh hari mau bayar tp kode pembayaran tidak bs di bayar ini bagaimana,Pembayaran Pajak Kendaraan Online,"bayar, pajak, kendara, tahun, online",Negatif,0.978
64,prosesnya cepat cuma hari,Proses dan Durasi Pengiriman STNK,"kirim, proses, stnk, tanggal, minggu",Positif,0.894
65,Samsat Medan Kota hari sejak lunas bayar pajak tahunan D nggak dikirim njirr,Pembayaran Pajak Kendaraan Online,"bayar, pajak, kendara, tahun, online",Negatif,0.512
66,padahal tinggal cetak terus kirim lewat pos,Proses dan Durasi Pengiriman STNK,"kirim, proses, stnk, tanggal, minggu",Netral,0.66
67,Apa susahnya Mana udah pilih Pengiriman Pos Express yg lebih mahal,Layanan Jasa Kurir Pengiriman,"pos, kirim, via, indonesia, guna",Negatif,0.995
68,Ngapain bikin pilihan bisa dikirim kalo gk bisa dikirim,Proses dan Durasi Pengiriman STNK,"kirim, proses, stnk, tanggal, minggu",Negatif,0.995
69,thx u.  smoga makin berkembang lagi ya apk nya,Rincian Biaya Administrasi dan Transaksi,"kali, daftar, biaya, transaksi, ktp",Netral,0.605
70,mantepp gercep enakan online bayar pajak bisa sambil rebahan sehari sampai ke rumah pakai pos xpresss,Pembayaran Pajak Kendaraan Online,"bayar, pajak, kendara, tahun, online",Positif,0.998
71,mudah n untuk ke depan nya pajak taunan juga bisa secara online biar tidak datang ke kantor,Perbandingan Layanan Online vs. Kantor Samsat,"kantor, samsat, online, daerah, kota",Positif,0.891
72,mantap,Topik Tidak Relevan,Tidak Ditemukan,Positif,0.979
73,susah utk menambahkan kendaraan dan mengesahkan STNK,Rincian Biaya Administrasi dan Transaksi,"kali, daftar, biaya, transaksi, ktp",Negatif,0.98
74,TOLONG TAMBAHKAN OPSI LAIN JANGAN HANYA KELUARGA KK SJA YG BISA DI PAKE,Rincian Biaya Administrasi dan Transaksi,"kali, daftar, biaya, transaksi, ktp",Netral,0.952
75,BAGAIMANA KALAU SUDAH PINDAH TANGAN,Rincian Biaya Administrasi dan Transaksi,"kali, daftar, biaya, transaksi, ktp",Negatif,0.516
76,ITU DI TINGKATKAN LAGI,Permintaan Bantuan dan Saran Peningkatan,"bantu, tingkat, proses, samsat, rantau",Netral,0.898
77,PERMUDAH SUPAYA MASYARAKAT ITU SENANG BISA BAYAR PAJAK TANPA KE KANTOR SAMSAT BILA SEDANG BERADA DI LIAR PULAU SEKALIPUN,Pembayaran Pajak Kendaraan Online,"bayar, pajak, kendara, tahun, online",Positif,0.636
78,Sangat rekomendasi sekali tanpa harus pulang kedaerah asal Sat Set proses cepat tanpa ribet,Kualitas Pelayanan dan Antrean di Samsat,"layan, antri, samsat, masyarakat, respon",Positif,0.986
79,proses cepat dan mudah,Proses dan Durasi Pengiriman STNK,"kirim, proses, stnk, tanggal, minggu",Positif,0.987
80,proses sangat mudah,Proses dan Durasi Pengiriman STNK,"kirim, proses, stnk, tanggal, minggu",Positif,0.858
81,sangat membantu dalam situasi sibuk banyak kerjaan,Kendala Teknis Aplikasi (Loading),"orang, sibuk, data, bayar, bank",Positif,0.96
82,tidak perlu hadir ke samsat,Perbandingan Layanan Online vs. Kantor Samsat,"kantor, samsat, online, daerah, kota",Positif,0.952
83,sudah bisa perpanjang STNK,Perpanjangan STNK 5 Tahunan (Ganti Plat),"stnk, panjang, samsat, ganti, plat",Negatif,0.528
84,sangat mempermudah membayar pajak kalau ada aplikasi ini insyaallah akan bayar pajak,Pembayaran Pajak Kendaraan Online,"bayar, pajak, kendara, tahun, online",Positif,0.868
85,saya Sudah Bayar Seminggu Lebih Tidak dikirim klo memang belum mampu jangan dipaksakan Digital,Proses dan Durasi Pengiriman STNK,"kirim, proses, stnk, tanggal, minggu",Negatif,0.974
86,prosesnya cepat,Proses dan Durasi Pengiriman STNK,"kirim, proses, stnk, tanggal, minggu",Positif,0.877
87,Kenapa sekarang tidak bisa bayar pajak dari aplikasi ini,Pembayaran Pajak Kendaraan Online,"bayar, pajak, kendara, tahun, online",Negatif,0.491
88,tolong jangan di persulit mau bayar loh ini bukan mau gelapin uang pajak,Pembayaran Pajak Kendaraan Online,"bayar, pajak, kendara, tahun, online",Negatif,0.994
89,sudah kirim email katanya perbaikan sampai skrng perbaikan server jambi ga siap siap nampaknya,Layanan Jasa Kurir Pengiriman,"pos, kirim, via, indonesia, guna",Netral,0.723
90,gak guna,Layanan Jasa Kurir Pengiriman,"pos, kirim, via, indonesia, guna",Netral,0.591
91,tahun bayar pajak lancar tapi kenapa sekang bayar paja tinggal tf kug susah ya selalu gagal di aplikasknya muter terus lemot .padahal aplikasi ini enak lo memudahkan bagi oranv yg sibuk kerja g usah antri ke samsat,Pembayaran Pajak Kendaraan Online,"bayar, pajak, kendara, tahun, online",Negatif,0.538
92,Pendaftaran gagal terus ktp dan foto sudah sesuai dan sudah pernah saya gunakan untuk pendaftaran rekening bank bpjs dll tanpa ada perubahan data dalam kurun waktu tahun terakhir,Rincian Biaya Administrasi dan Transaksi,"kali, daftar, biaya, transaksi, ktp",Negatif,0.998
93,lebih mudah saat bisa langsung bayar ke pihak ketiga tapi malah dipindah lagi ke aplikasi yang nyatanya belum lulus tes blackbox saat developmentnya,Layanan Pengiriman STNK ke Rumah,"rumah, langsung, kirim, stnk, samsat",Negatif,0.687
94,Membantu tdk perlu datang offline namun banyak kendala saat dilakukan proses pembayaran beberapa kali gagal dilakukan proses pembayaran,Rincian Biaya Administrasi dan Transaksi,"kali, daftar, biaya, transaksi, ktp",Positif,0.641
95,Sangat membantu untuk perpanjangan STNK yg domisili Jakarta Sekitarnya karena ada fitur pengiriman via POS Indonesia,Layanan Jasa Kurir Pengiriman,"pos, kirim, via, indonesia, guna",Positif,0.974
96,Jadi tidak perlu datang dan antri ke SAMSAT,Kualitas Pelayanan dan Antrean di Samsat,"layan, antri, samsat, masyarakat, respon",Positif,0.991
97,Good job,Topik Tidak Relevan,Tidak Ditemukan,Positif,0.999
98,luar biasa dipermudah untuk byr pajak,Perbandingan Layanan Online vs. Kantor Samsat,"kantor, samsat, online, daerah, kota",Positif,0.505
99,Sempat Gagal Via ATM dan M banking ada BCA dan BNI namun akhirnya bisa melalui Mbanking Mandiri cepat sekali,Layanan Jasa Kurir Pengiriman,"pos, kirim, via, indonesia, guna",Negatif,0.859
100,Thanks Signal,Proses Pengurusan via Aplikasi SIGNAL,"signal, urus, samsat, digital, ambil",Positif,0.962
101,Alhamdulillah bayar pajak kendaraan aman lancar dan cepat,Pembayaran Pajak Kendaraan Online,"bayar, pajak, kendara, tahun, online",Positif,1.0
102,Cukup baik dan mudah,Topik Tidak Relevan,Tidak Ditemukan,Netral,0.618
103,sangat membantu dan mempermudah proses pembayaran pajak kendaraan,Pembayaran Pajak Kendaraan Online,"bayar, pajak, kendara, tahun, online",Positif,0.994
104,saya download ini cuma mau mengetahui jumlah pajak stnk motor saya udah saya coba berkali tidak bisa di klik tulisan nomer kartu keluarga pd hal hp saya normal yg lain bisa di sentuh atw di klik tinggal tulisan nomer kartu keluarga gk berguna milih saya hapus lg apk ny,Layanan Pengiriman STNK ke Rumah,"rumah, langsung, kirim, stnk, samsat",Negatif,0.817
105,masih bnyk yg harus di upgrade,Topik Tidak Relevan,Tidak Ditemukan,Netral,0.582
106,error nih aplikasi,Topik Tidak Relevan,Tidak Ditemukan,Negatif,0.979
107,gak bs diproses padahal jam kerja apalagi pembayaran gagal terus,Pembayaran Pajak Kendaraan Online,"bayar, pajak, kendara, tahun, online",Negatif,0.722
108,mending ke indomart,Topik Tidak Relevan,Tidak Ditemukan,Negatif,0.882
109,sangat membantu.mantap,Topik Tidak Relevan,Tidak Ditemukan,Netral,0.528
110,Di Aplikasi Udah Dikirim Dan Diterima Tapi Saya Belum Menerima Paket STNK nya Tuh Gimana yaa Tolong Dong Bantuannya STNK Saya Ko blum nyampe di tangan,Layanan Jasa Kurir Pengiriman,"pos, kirim, via, indonesia, guna",Negatif,0.985
111,perpanjangan pajak online di signal memang bisa tapi tidak memuaskan,Pembayaran Pajak Kendaraan Online,"bayar, pajak, kendara, tahun, online",Positif,0.856
112,masa pengurusan perpanjangan pajak tahunan sampai bulan belum sampai ke rumah,Pembayaran Pajak Kendaraan Online,"bayar, pajak, kendara, tahun, online",Positif,0.782
113,pelayanan sangat buruk,Kualitas Pelayanan dan Antrean di Samsat,"layan, antri, samsat, masyarakat, respon",Negatif,0.924
114,ehh maaf,Fitur dan Layanan Bantuan Aplikasi,"bikin, sistem, antar, chat, cek",Negatif,0.587
115,emang betul kenyataannya,Topik Tidak Relevan,Tidak Ditemukan,Netral,0.555
116,ini kenapa ya kak saya baru mau daftar buat akun terkendala di bagian penerimaan kode OTP ga muncul,Proses dan Durasi Pengiriman STNK,"kirim, proses, stnk, tanggal, minggu",Negatif,0.995
117,enak ga perlu repot keluar buat pengesahan stnk tapi lama banget proses nya,Proses dan Durasi Pengiriman STNK,"kirim, proses, stnk, tanggal, minggu",Positif,0.788
118,puas pelayanan onlinya,Kualitas Pelayanan dan Antrean di Samsat,"layan, antri, samsat, masyarakat, respon",Positif,0.997
119,skrg udah g bingung byr pajek,Perbandingan Layanan Online vs. Kantor Samsat,"kantor, samsat, online, daerah, kota",Netral,0.553
120,dimanapun anda berada bisa lwt aplikasi ini,Perbandingan Layanan Online vs. Kantor Samsat,"kantor, samsat, online, daerah, kota",Netral,0.732
121,tengkyu signal,Proses Pengurusan via Aplikasi SIGNAL,"signal, urus, samsat, digital, ambil",Positif,0.666
122,ga bisa motor bekas,Rincian Biaya Administrasi dan Transaksi,"kali, daftar, biaya, transaksi, ktp",Netral,0.604
123,mantap gak perlu pergi ke kantor samsat,Perbandingan Layanan Online vs. Kantor Samsat,"kantor, samsat, online, daerah, kota",Positif,0.999
124,aplikasi nya ga jelas,Topik Tidak Relevan,Tidak Ditemukan,Negatif,0.912
125,sangat membantu dan proses nya sangat cepat,Proses dan Durasi Pengiriman STNK,"kirim, proses, stnk, tanggal, minggu",Positif,0.991
126,mudah transaksinya setelah pengesahan masih perlu ke samsat atau engga kalau saya baca dari berbagai sumber ngga perlu datang ke samsat,Kualitas Pelayanan dan Antrean di Samsat,"layan, antri, samsat, masyarakat, respon",Positif,0.896
127,bener ngga ya,Topik Tidak Relevan,Tidak Ditemukan,Netral,0.522
128,ini membantu memudahkan tks,Kualitas Pelayanan dan Antrean di Samsat,"layan, antri, samsat, masyarakat, respon",Positif,0.998
129,cukup mudah dan membantu,Topik Tidak Relevan,Tidak Ditemukan,Positif,0.991
130,bagus,Topik Tidak Relevan,Tidak Ditemukan,Positif,0.92
131,katanya E tapi ngurus lagi ke samsat hadehhh,Proses Pengurusan via Aplikasi SIGNAL,"signal, urus, samsat, digital, ambil",Negatif,0.863
132,ok sip,Topik Tidak Relevan,Tidak Ditemukan,Positif,0.702
133,mantap mempermudah konsumen yg wajib bayar pajak,Pembayaran Pajak Kendaraan Online,"bayar, pajak, kendara, tahun, online",Positif,0.997
134,pengiriman STNK asli kelamaan padahal ongkos kirim nya k sy hari baru sampai jadi mbl nga le pki selama hari jg,Proses dan Durasi Pengiriman STNK,"kirim, proses, stnk, tanggal, minggu",Negatif,0.99
135,mempermudah pembayaran,Pembayaran Pajak Kendaraan Online,"bayar, pajak, kendara, tahun, online",Positif,0.858
136,gak usah antri,Kualitas Pelayanan dan Antrean di Samsat,"layan, antri, samsat, masyarakat, respon",Positif,0.94
137,lebih praktis,Topik Tidak Relevan,Tidak Ditemukan,Positif,0.996
138,trus tingkatkan kemudahan nya,Permintaan Bantuan dan Saran Peningkatan,"bantu, tingkat, proses, samsat, rantau",Positif,0.725
139,Pertama bayar PKB menggunakan secara online mantep tdk perlu antri lanjutkan pelayanan yang lebih baik cepat dan tdk berbelit belit,Kualitas Pelayanan dan Antrean di Samsat,"layan, antri, samsat, masyarakat, respon",Positif,0.994
140,terimakasih,Topik Tidak Relevan,Tidak Ditemukan,Positif,0.942
141,Utk pengguna lain perhatikan versi perangkat dan kecepatan internet yg digunakan,Layanan Jasa Kurir Pengiriman,"pos, kirim, via, indonesia, guna",Netral,0.923
142,Update kek dah bulan nyoba bayar kode bayar kgk pernah muncul,Pembayaran Pajak Kendaraan Online,"bayar, pajak, kendara, tahun, online",Negatif,0.915
143,sangat mudah dan aman,Topik Tidak Relevan,Tidak Ditemukan,Positif,0.974
144,biarpun aga telat tapi sangat mmbantu sih aplikasi ini ada ya aplikasi SIGNAL membantu masyarakat,Perbandingan Layanan Online vs. Kantor Samsat,"kantor, samsat, online, daerah, kota",Positif,0.926
145,di prtahankan trus kmbangkan,Topik Tidak Relevan,Tidak Ditemukan,Positif,0.939
146,pengirimannya berapa lama sudah Minggu jaraknya juga ga terlalu jauh kurang lebih jam aja kalo dari posisi ke kantor Samsat kenapa pengirimannya lama dan terus statusnya pra collecting,Proses dan Durasi Pengiriman STNK,"kirim, proses, stnk, tanggal, minggu",Negatif,0.979
147,good,Topik Tidak Relevan,Tidak Ditemukan,Positif,0.983
148,tolong tingkatkan lagi sistem signal nya sering eror,Proses Pengurusan via Aplikasi SIGNAL,"signal, urus, samsat, digital, ambil",Netral,0.924
149,klw bagus sistem nya kita bisa byr tepat waktu gx kyk tahun kmrn sampe denda krna kita luar daerah,Perbandingan Layanan Online vs. Kantor Samsat,"kantor, samsat, online, daerah, kota",Netral,0.49
150,benar di anterin di luar espektasi janji seminggu hari udah di anter bravo signal semoga perpanjang sim juga bisa kaya gini,Fitur dan Layanan Bantuan Aplikasi,"bikin, sistem, antar, chat, cek",Positif,0.962
151,sebenernya dah bagus tapi aku agak gasuka sama kurirnyaaa,Topik Tidak Relevan,Tidak Ditemukan,Negatif,0.474
152,membantu bgt sih cuma banyak data yg kosong tdk terisi di STNK gk spt STNK yg lama data nya lengkap mending dateng langsung ke samsat nya pembayaran nya,Kendala Teknis Aplikasi (Loading),"orang, sibuk, data, bayar, bank",Negatif,0.99
153,dipermudah,Topik Tidak Relevan,Tidak Ditemukan,Positif,0.883
154,good sudah sampai,Topik Tidak Relevan,Tidak Ditemukan,Positif,0.972
155,mantap pelayanan cepat pengiriman aman sipp,Kualitas Pelayanan dan Antrean di Samsat,"layan, antri, samsat, masyarakat, respon",Positif,1.0
156,terimakasih sangat membantu,Topik Tidak Relevan,Tidak Ditemukan,Positif,0.997
157,sangat terbantu dengan adanya aplikasi ini,Topik Tidak Relevan,Tidak Ditemukan,Positif,0.842
158,kemudahan pambayaran pajak kendaraan,Pembayaran Pajak Kendaraan Online,"bayar, pajak, kendara, tahun, online",Positif,0.966
159,Pertama kali bayar pajak menggunakan aplikasi sangat mudah cepat dan aman Hanya terkendala di pengiriman saja karena waktu saya bayar pajak itu mendekati hari libur Jum at Sabtu Minggu jadi terlewat dari waktu estimasi sampainya,Pembayaran Pajak Kendaraan Online,"bayar, pajak, kendara, tahun, online",Positif,0.899
160,tp gpp karena bisa di cek secara berkala di aplikasinya,Fitur dan Layanan Bantuan Aplikasi,"bikin, sistem, antar, chat, cek",Negatif,0.798
161,terimakasih Samsat Digital sudah mempermudah masyarakat,Kualitas Pelayanan dan Antrean di Samsat,"layan, antri, samsat, masyarakat, respon",Positif,0.997
162,saya berharap bayar pajak tahunan harusnya juga bisa melalui aplikasi ini karna bisa meminimalisir antrian offline,Pembayaran Pajak Kendaraan Online,"bayar, pajak, kendara, tahun, online",Netral,0.946
163,bapak kapolri tolong di kembangkan utk denda,Rincian Biaya Administrasi dan Transaksi,"kali, daftar, biaya, transaksi, ktp",Netral,0.899
164,terkadang lupa melihat tanggal jatuh tempo dan jarak tinggal baru dengan plat beda provinsi,Perbandingan Layanan Online vs. Kantor Samsat,"kantor, samsat, online, daerah, kota",Netral,0.823
165,dengan teramat sangat di kembangkan,Rincian Biaya Administrasi dan Transaksi,"kali, daftar, biaya, transaksi, ktp",Netral,0.888
166,tidak perlu repot lagi ngantri,Kualitas Pelayanan dan Antrean di Samsat,"layan, antri, samsat, masyarakat, respon",Positif,0.999
167,best,Topik Tidak Relevan,Tidak Ditemukan,Positif,0.945
168,gabut aja,Topik Tidak Relevan,Tidak Ditemukan,Netral,0.712
169,pas pembayaran tidak bisa,Layanan Pengiriman STNK ke Rumah,"rumah, langsung, kirim, stnk, samsat",Netral,0.474
170,bri mandiri BNI udah saya coba tapi tidak bisa juga,Topik Tidak Relevan,Tidak Ditemukan,Negatif,0.932
171,tanpa antri cukup tunggu di rumah klak klik klak klik alhamdulillah beres,Layanan Pengiriman STNK ke Rumah,"rumah, langsung, kirim, stnk, samsat",Positif,0.999
172,mau daftarin kendaraan susahnya melebihi datang ke samsat ampun dah,Pembayaran Pajak Kendaraan Online,"bayar, pajak, kendara, tahun, online",Negatif,0.995
173,signal bagus,Proses Pengurusan via Aplikasi SIGNAL,"signal, urus, samsat, digital, ambil",Positif,0.913
174,sangat mudah dan cepat,Topik Tidak Relevan,Tidak Ditemukan,Positif,0.973
175,dengan aplikasi signal sangat mudah ga cape antri STNK hari di kirim ke rumah,Layanan Pengiriman STNK ke Rumah,"rumah, langsung, kirim, stnk, samsat",Positif,0.996
176,Verifikasi harus senyum,Perpanjangan STNK 5 Tahunan (Ganti Plat),"stnk, panjang, samsat, ganti, plat",Negatif,0.933
177,tapi gak bisa kedetect senyum,Topik Tidak Relevan,Tidak Ditemukan,Negatif,0.834
178,udah nyoba senyum model apa aja sama aja,Proses Pengurusan via Aplikasi SIGNAL,"signal, urus, samsat, digital, ambil",Negatif,0.549
179,Emang orang garang gak boleh pakai apk ini,Kendala Teknis Aplikasi (Loading),"orang, sibuk, data, bayar, bank",Negatif,0.932
180,mantab jika tidak sempat mengantri bayar pajak bisa pakai signal online cepet dan mudah terima kasih,Pembayaran Pajak Kendaraan Online,"bayar, pajak, kendara, tahun, online",Positif,1.0
181,aplikasi nya berjalan baik dan langsung sat set tanpa mempersulit,Kualitas Pelayanan dan Antrean di Samsat,"layan, antri, samsat, masyarakat, respon",Positif,0.72
182,respon Cs lumayan slow ya,Kualitas Pelayanan dan Antrean di Samsat,"layan, antri, samsat, masyarakat, respon",Negatif,0.977
183,mohon ditingkatkan lagi pak untuk fast respon nya,Permintaan Bantuan dan Saran Peningkatan,"bantu, tingkat, proses, samsat, rantau",Netral,0.968
184,mantab,Topik Tidak Relevan,Tidak Ditemukan,Positif,0.986
185,kualitas buruk bayar dari tanggal mei sampai sekarang juni status masih pracollecting saran saya kalau emang tidak siap menjalankan sistem online melayani masyarakat lebih baik tidak usah deh bikin aplikasi beginian bobrok betul,Proses dan Durasi Pengiriman STNK,"kirim, proses, stnk, tanggal, minggu",Negatif,0.99
186,STNK dikirim ke rumah,Layanan Pengiriman STNK ke Rumah,"rumah, langsung, kirim, stnk, samsat",Negatif,0.566
187,Mudah akuntabel,Topik Tidak Relevan,Tidak Ditemukan,Positif,0.968
188,prosesnya lama banget harus nunggu hari mending bayar langsung dah daripada online,Pembayaran Pajak Kendaraan Online,"bayar, pajak, kendara, tahun, online",Negatif,0.917
189,aplikasi ini sangat membantu masyarakat yang tidak memiliki banyak waktu untuk mengurus perpanjangan stnk nya,Perpanjangan STNK 5 Tahunan (Ganti Plat),"stnk, panjang, samsat, ganti, plat",Positif,0.904
190,semoga makin banyak yg menggunakan aplikasi ini,Layanan Jasa Kurir Pengiriman,"pos, kirim, via, indonesia, guna",Netral,0.899
191,proses y cepat mudah pengiriman cepat sampai thanks,Proses dan Durasi Pengiriman STNK,"kirim, proses, stnk, tanggal, minggu",Positif,0.998
192,Subuh min kok saya bayar via mandiri gagal terus ya ada apa ya,Layanan Jasa Kurir Pengiriman,"pos, kirim, via, indonesia, guna",Negatif,0.684
193,sudah kali ngurus setiap STNK kendaraan di signal baik motor maupun mobil aman nyaman dan tanpa pungli tingkatkan lebih baik mantap,Rincian Biaya Administrasi dan Transaksi,"kali, daftar, biaya, transaksi, ktp",Positif,0.934
194,Mantap jos,Fitur dan Layanan Bantuan Aplikasi,"bikin, sistem, antar, chat, cek",Positif,0.998
195,mudah cepat tepat sasaran dalam perpanjang STNK,Perpanjangan STNK 5 Tahunan (Ganti Plat),"stnk, panjang, samsat, ganti, plat",Positif,0.998
196,mudah bgt tanpa harus Dateng ke Samsat sukses selalu buat Signal,Proses Pengurusan via Aplikasi SIGNAL,"signal, urus, samsat, digital, ambil",Positif,0.993
197,Sangat membantu untuk proses pembayaran pajak kendaraan pengalaman penggunaan pertama sukses tidak ada kendala tingkatkan lagi aplikasi signal dan pelayanan agar lebih mudah lagi,Pembayaran Pajak Kendaraan Online,"bayar, pajak, kendara, tahun, online",Positif,0.923
198,pengiriman tidak sampai,Proses dan Durasi Pengiriman STNK,"kirim, proses, stnk, tanggal, minggu",Negatif,0.856
199,mau daftar kedaraan gak bisa mungkin karna beli motor second gak sesuai ktp padahal niatnya mau bayar pajak tapi dipersulit,Pembayaran Pajak Kendaraan Online,"bayar, pajak, kendara, tahun, online",Negatif,0.977
200,sampe detik ini stnk belm sampai ke alamat saya,Proses dan Durasi Pengiriman STNK,"kirim, proses, stnk, tanggal, minggu",Negatif,0.929
201,membantu untuk pekerja harian tanpa harus ijin buat bayar pajak,Pembayaran Pajak Kendaraan Online,"bayar, pajak, kendara, tahun, online",Positif,0.997
202,sangat membantu tidak perlu ribet ke Samsat,Perbandingan Layanan Online vs. Kantor Samsat,"kantor, samsat, online, daerah, kota",Positif,0.994
203,tahun pake ini Alhamdulillah oke STNK sampe dengan selamat,Perpanjangan STNK 5 Tahunan (Ganti Plat),"stnk, panjang, samsat, ganti, plat",Positif,0.972
204,dari semua carut marut kepolisian ini doang yg buat polisi kesayangan kita semua,Fitur dan Layanan Bantuan Aplikasi,"bikin, sistem, antar, chat, cek",Positif,0.468
205,Alhamdulillah bisa good,Topik Tidak Relevan,Tidak Ditemukan,Positif,1.0
206,sangat bagus,Topik Tidak Relevan,Tidak Ditemukan,Positif,0.85
207,dan sangat membantu,Topik Tidak Relevan,Tidak Ditemukan,Positif,0.939
208,tingkatkan lagi,Permintaan Bantuan dan Saran Peningkatan,"bantu, tingkat, proses, samsat, rantau",Netral,0.924
209,maju terus dan semangat buat kepolisian indonesia,Fitur dan Layanan Bantuan Aplikasi,"bikin, sistem, antar, chat, cek",Positif,0.996
210,ini baru keren cepat dan bisa dikirim tahun kedua pakai aplikasi ini mungkin dipikirkan lagi untuk pajak tahunan bisa online,Pembayaran Pajak Kendaraan Online,"bayar, pajak, kendara, tahun, online",Netral,0.531
211,mantaap pelayanan cepat sampai,Kualitas Pelayanan dan Antrean di Samsat,"layan, antri, samsat, masyarakat, respon",Positif,0.999
212,membantu yg sedang merantau tanpa harus pulang dulu,Fitur dan Layanan Bantuan Aplikasi,"bikin, sistem, antar, chat, cek",Positif,0.996
213,Buruk,Topik Tidak Relevan,Tidak Ditemukan,Negatif,0.903
214,oke mntap,Topik Tidak Relevan,Tidak Ditemukan,Positif,0.971
215,smg lebih baik lg,Topik Tidak Relevan,Tidak Ditemukan,Netral,0.869
216,dan memudahkan masyaraka,Topik Tidak Relevan,Tidak Ditemukan,Positif,0.951
217,sulit masuk,Layanan Jasa Kurir Pengiriman,"pos, kirim, via, indonesia, guna",Negatif,0.552
218,sangat membatu,Perbandingan Layanan Online vs. Kantor Samsat,"kantor, samsat, online, daerah, kota",Positif,0.659
219,Alhamdulillah sudah sampai dan sesuai sangat rekomenn bgt kita bisa perpanjang online memudahkan kita yg sibuk di dunia pekerjaan,Perpanjangan STNK 5 Tahunan (Ganti Plat),"stnk, panjang, samsat, ganti, plat",Positif,0.998
220,KOK OTP NYA GAK DIKIRIM PADAHAL UDAH CEK EMAIL WA SAMA PESAN MASIH GAK ADA,Layanan Jasa Kurir Pengiriman,"pos, kirim, via, indonesia, guna",Negatif,0.981
221,WOYYY TOLONG DIFIXING APLIKASINYA DEVELOPER NYA TOLONG STANDBY APALAGI BUGS DI PRODUCTION ITU URGENT DAN CRITICAL KATEGORI NYA UDH BAD MOOD GAK JELAS MENDING UNINSTALL LAGI APK NYA,Topik Tidak Relevan,Tidak Ditemukan,Negatif,0.998
222,Sangat membantu bagi yang tidak sempat datang kesamsat,Kualitas Pelayanan dan Antrean di Samsat,"layan, antri, samsat, masyarakat, respon",Positif,0.974
223,sangat mudah menggunakannya aplikasi ini gak ribet sangat membantu banget,Layanan Jasa Kurir Pengiriman,"pos, kirim, via, indonesia, guna",Positif,0.98
224,sangat membantu sekali proses cepat dan mudah tidak pakai ribet serta terjamin terimakasih aplikasi SIGNAL Sukses selalu,Proses Pengurusan via Aplikasi SIGNAL,"signal, urus, samsat, digital, ambil",Positif,0.998
225,mantap ga perlu repot antri,Kualitas Pelayanan dan Antrean di Samsat,"layan, antri, samsat, masyarakat, respon",Positif,1.0
226,satset dikirim dalam hari,Proses dan Durasi Pengiriman STNK,"kirim, proses, stnk, tanggal, minggu",Negatif,0.602
227,nice,Topik Tidak Relevan,Tidak Ditemukan,Positif,0.935
228,sangat puas,Topik Tidak Relevan,Tidak Ditemukan,Positif,0.93
229,bagaimana cara mengatasi login tapi nomor hp sudah terblokir dan alamat email juga tidak hafal,Rincian Biaya Administrasi dan Transaksi,"kali, daftar, biaya, transaksi, ktp",Netral,0.862
230,Pelayanan SIGNAL Mantap,Proses Pengurusan via Aplikasi SIGNAL,"signal, urus, samsat, digital, ambil",Positif,0.996
231,cepat mudah,Topik Tidak Relevan,Tidak Ditemukan,Positif,0.98
232,sangat membantu dimasa antrian panjang,Kualitas Pelayanan dan Antrean di Samsat,"layan, antri, samsat, masyarakat, respon",Positif,0.997
233,bayar pajak,Pembayaran Pajak Kendaraan Online,"bayar, pajak, kendara, tahun, online",Netral,0.42
234,jadi mudaah,Topik Tidak Relevan,Tidak Ditemukan,Positif,0.816
235,Mantap banget,Topik Tidak Relevan,Tidak Ditemukan,Positif,0.989
236,Sangat membantu masyarakat,Kualitas Pelayanan dan Antrean di Samsat,"layan, antri, samsat, masyarakat, respon",Positif,0.958
237,Aplikasi tuh gini ga usah kebanyakan per provinsi buat simpel dan pilihan metode pembayaran nya banyak,Fitur dan Layanan Bantuan Aplikasi,"bikin, sistem, antar, chat, cek",Negatif,0.841
238,Keren,Topik Tidak Relevan,Tidak Ditemukan,Positif,0.898
239,sangat memudahkan untuk orang yang super sibuk terimakasih pak,Kendala Teknis Aplikasi (Loading),"orang, sibuk, data, bayar, bank",Positif,0.972
240,simpel gak perlu ngantri lagi,Kualitas Pelayanan dan Antrean di Samsat,"layan, antri, samsat, masyarakat, respon",Positif,1.0
241,good dalam pelayanan,Kualitas Pelayanan dan Antrean di Samsat,"layan, antri, samsat, masyarakat, respon",Positif,0.996
242,kereen aplikasinya,Topik Tidak Relevan,Tidak Ditemukan,Positif,0.892
243,ALHAMDULILLAAH,Topik Tidak Relevan,Tidak Ditemukan,Positif,0.563
244,SAMSAT SEMAKIN HEBAT,Perbandingan Layanan Online vs. Kantor Samsat,"kantor, samsat, online, daerah, kota",Positif,0.639
245,Tadinya takut mau memperpanjang di aplikasi signal ini memberanikan diri untuk memperpanjang STNK ini di aplikasi signal tapi prosesnya lama banget dan setelah kirim email kasih tanda bukti pembayaran engga lama langsung proses pengiriman dan terimakasih banyak aplikasi signal mempermudah untuk memperpanjang STNK amanah,Perpanjangan STNK 5 Tahunan (Ganti Plat),"stnk, panjang, samsat, ganti, plat",Negatif,0.867
246,sukses,Topik Tidak Relevan,Tidak Ditemukan,Positif,0.895
247,Oke mempermudah dalam membayar pajak kendaraan,Pembayaran Pajak Kendaraan Online,"bayar, pajak, kendara, tahun, online",Positif,0.996
248,So far everything is quite good,Topik Tidak Relevan,Tidak Ditemukan,Positif,0.993
249,Please improve the service especially by speeding up the delivery,Topik Tidak Relevan,Tidak Ditemukan,Netral,0.966
250,bagus cman tolonglah beri kemudahan buat kendaraan second msa hrus nma sndiri nyetor pajak kok sulit amat yg butuh siapa sbenernya bayar pajak tanah rumah aja g seribet ini pdhal klo ad sengketa juga tanah sma rumah,Pembayaran Pajak Kendaraan Online,"bayar, pajak, kendara, tahun, online",Negatif,0.868
251,good job,Topik Tidak Relevan,Tidak Ditemukan,Positif,0.999
252,ga pake ribet ga pake lama,Topik Tidak Relevan,Tidak Ditemukan,Positif,0.437
253,terimakasihh signal samsat.sangat membantuu,Proses Pengurusan via Aplikasi SIGNAL,"signal, urus, samsat, digital, ambil",Positif,0.483
254,cepat,Topik Tidak Relevan,Tidak Ditemukan,Positif,0.799
255,sejauh ini bgus sayang nya tidak bunyi notifikasi jadi kudu rutin terus kita chek nya,Topik Tidak Relevan,Tidak Ditemukan,Negatif,0.939
256,kenapa ya pas masuk di aplikasi mau pengesahan stnk tdk berhasil di daftarkan .padhal data nya sdh bener muncul nomor plat nys,Rincian Biaya Administrasi dan Transaksi,"kali, daftar, biaya, transaksi, ktp",Negatif,0.998
257,masa harus ke samsat,Perbandingan Layanan Online vs. Kantor Samsat,"kantor, samsat, online, daerah, kota",Netral,0.377
258,mantafffff,Topik Tidak Relevan,Tidak Ditemukan,Positif,0.726
259,bayar pajak kendaraan bisa dengan mudah sambil dirumah atau dimanapun,Pembayaran Pajak Kendaraan Online,"bayar, pajak, kendara, tahun, online",Positif,0.965
260,lama lelet,Topik Tidak Relevan,Tidak Ditemukan,Negatif,0.842
261,sangat memudahkan membayar pajak,Pembayaran Pajak Kendaraan Online,"bayar, pajak, kendara, tahun, online",Positif,0.797
262,karena ada aplikasi pembayaran pjk online jd memudahkan dan tidak perlu antri,Pembayaran Pajak Kendaraan Online,"bayar, pajak, kendara, tahun, online",Positif,0.96
263,mantap amanah dan terpecaya,Topik Tidak Relevan,Tidak Ditemukan,Positif,1.0
264,mau tanya apakh bisa bayar pajak yg tahunan di aplikasi signal,Pembayaran Pajak Kendaraan Online,"bayar, pajak, kendara, tahun, online",Netral,0.651
265,pertamakali bayar pajak lewat signal proses mudah dan cepat semoga kedepannya lebih baik lagi,Pembayaran Pajak Kendaraan Online,"bayar, pajak, kendara, tahun, online",Positif,0.973
266,Ok,Topik Tidak Relevan,Tidak Ditemukan,Netral,0.0
267,untuk pembayaran provinsi jawa barat tolong sediain secepatnya,Kendala Teknis Aplikasi (Loading),"orang, sibuk, data, bayar, bank",Netral,0.907
268,Coba daftar utk bayar pajak mobil yg mau jatuh tempo di awal juli ini selalu gagal,Perbandingan Layanan Online vs. Kantor Samsat,"kantor, samsat, online, daerah, kota",Negatif,0.983
269,mantappppp,Topik Tidak Relevan,Tidak Ditemukan,Positif,0.855
270,Pelayanan oke banget cepet kilat,Kualitas Pelayanan dan Antrean di Samsat,"layan, antri, samsat, masyarakat, respon",Positif,0.999
271,bulan belum d kirim STNKnya,Proses dan Durasi Pengiriman STNK,"kirim, proses, stnk, tanggal, minggu",Negatif,0.942
272,memudahkan masyarakat wajib Pajak,Perbandingan Layanan Online vs. Kantor Samsat,"kantor, samsat, online, daerah, kota",Positif,0.957
273,sangat cepat proses nya,Proses dan Durasi Pengiriman STNK,"kirim, proses, stnk, tanggal, minggu",Positif,0.804
274,sepertinya lagi error ya kode pembayaran suspec timeout di mbanking BCA,Pembayaran Pajak Kendaraan Online,"bayar, pajak, kendara, tahun, online",Negatif,0.981
275,jam kemudian generate kode pembayaran baru juga masih error,Pembayaran Pajak Kendaraan Online,"bayar, pajak, kendara, tahun, online",Negatif,0.884
276,Apakah berkaitan dengan libur nasional,Kualitas Pelayanan dan Antrean di Samsat,"layan, antri, samsat, masyarakat, respon",Netral,0.88
277,rumit musti pake KTP lah email lah no TLP lah kayak mau lapor kehilangan kendaran saja,Layanan Jasa Kurir Pengiriman,"pos, kirim, via, indonesia, guna",Negatif,0.834
278,jgn donload,Topik Tidak Relevan,Tidak Ditemukan,Negatif,0.501
279,Sampai sekarang STNK fisik nya belum sampai,Perpanjangan STNK 5 Tahunan (Ganti Plat),"stnk, panjang, samsat, ganti, plat",Negatif,0.647
280,the best kilat tanpa harus antri,Kualitas Pelayanan dan Antrean di Samsat,"layan, antri, samsat, masyarakat, respon",Positif,0.998
281,Alhamdulillah sudah merasakan manfaat bayar pajak tahunan kendaraan lewat aplikasi SIGNAL dan hasilnya di kirim via pos karena posisi sy di Jawa tengah,Pembayaran Pajak Kendaraan Online,"bayar, pajak, kendara, tahun, online",Positif,0.998
282,Terima kasih SIGNAL,Proses Pengurusan via Aplikasi SIGNAL,"signal, urus, samsat, digital, ambil",Positif,0.965
283,praktis banget,Topik Tidak Relevan,Tidak Ditemukan,Positif,0.986
284,alhamdulilah sangat terbantu pembayaran pajak online tanpa dateng antri terus bisa di antar ke alamat rumah top,Pembayaran Pajak Kendaraan Online,"bayar, pajak, kendara, tahun, online",Positif,0.998
285,tolong di perbaiki lgi saat proses pengiriman nya agar lebih cepat lagi selebihnya bagus,Proses dan Durasi Pengiriman STNK,"kirim, proses, stnk, tanggal, minggu",Positif,0.77
286,Aplikasi ini sangat membatu untuk proses perpanjangan stnk semoga tetap di pertahankan dan semakin baik,Perpanjangan STNK 5 Tahunan (Ganti Plat),"stnk, panjang, samsat, ganti, plat",Positif,0.939
287,Terima Kasih,Topik Tidak Relevan,Tidak Ditemukan,Positif,0.942
288,Satu kata mantap,Topik Tidak Relevan,Tidak Ditemukan,Positif,0.925
289,Terimakasih,Topik Tidak Relevan,Tidak Ditemukan,Positif,0.942
290,Sempat terkendala dalam masalah pembayaran alhamdulillah akhirnya bisa terselesaikan,Proses Pengurusan via Aplikasi SIGNAL,"signal, urus, samsat, digital, ambil",Positif,0.968
291,memudahkan urusan,Proses Pengurusan via Aplikasi SIGNAL,"signal, urus, samsat, digital, ambil",Positif,0.983
292,memudahkan masyarakat yang sibuk bekerja dan tidak bisa perpanjangan stnk,Perpanjangan STNK 5 Tahunan (Ganti Plat),"stnk, panjang, samsat, ganti, plat",Positif,0.949
293,mantappp,Topik Tidak Relevan,Tidak Ditemukan,Positif,0.979
294,Aplikasi SAMPAH mau bayar pajak aja dipersulit di negara ini masa pendaftaran pengesahan stnk tidak dapat diproses mulu malah disuruh ke samsat jadi apa gunanya bayar online,Pembayaran Pajak Kendaraan Online,"bayar, pajak, kendara, tahun, online",Negatif,0.999
295,praktis,Topik Tidak Relevan,Tidak Ditemukan,Positif,0.986
296,Sangat membantu mudah cepat pelayanan dan tepat waktu pengiriman,Kualitas Pelayanan dan Antrean di Samsat,"layan, antri, samsat, masyarakat, respon",Positif,0.999
297,kenapa ini blm sampe ya stnk saya,Perpanjangan STNK 5 Tahunan (Ganti Plat),"stnk, panjang, samsat, ganti, plat",Negatif,0.83
298,Alhamdulillah stelah beberapa lama sltr mingguan akhirnya tiba dirumah surat pajak stnk nya,Layanan Pengiriman STNK ke Rumah,"rumah, langsung, kirim, stnk, samsat",Positif,0.997
299,mudah dan proses sangat cepat,Proses dan Durasi Pengiriman STNK,"kirim, proses, stnk, tanggal, minggu",Positif,0.987
300,mau melakukan pembayan via online tapi kode virtual account yg di input tidak ada,Pembayaran Pajak Kendaraan Online,"bayar, pajak, kendara, tahun, online",Negatif,0.964
301,gimana ceritanya,Topik Tidak Relevan,Tidak Ditemukan,Positif,0.449
302,sangat mmbantu jd lebih mudah ajibbbbbb,Topik Tidak Relevan,Tidak Ditemukan,Positif,0.995
303,Memuaskan saya sudah menerima E TBPKP dalam hari sejak pembayaran,Proses Pengurusan via Aplikasi SIGNAL,"signal, urus, samsat, digital, ambil",Positif,0.941
304,sungguh membantu bayar pajak makin satset,Pembayaran Pajak Kendaraan Online,"bayar, pajak, kendara, tahun, online",Positif,0.995
305,percuma bikin aplikasi kalau tetap harus datang ke kantornya,Perbandingan Layanan Online vs. Kantor Samsat,"kantor, samsat, online, daerah, kota",Negatif,0.976
306,hmmm,Topik Tidak Relevan,Tidak Ditemukan,Netral,0.708
307,saya posisi lagi di luar kota,Perbandingan Layanan Online vs. Kantor Samsat,"kantor, samsat, online, daerah, kota",Netral,0.825
308,ga harus kirim dokumen dan antri,Layanan Jasa Kurir Pengiriman,"pos, kirim, via, indonesia, guna",Positif,0.912
309,tolong kalo bisa ganti kaleng via online juga dong,Perpanjangan STNK 5 Tahunan (Ganti Plat),"stnk, panjang, samsat, ganti, plat",Netral,0.97
310,sangat membantu bravooo,Topik Tidak Relevan,Tidak Ditemukan,Positif,0.967
311,buat bayar gagal melulu tolong di perbaiki sistemnya,Fitur dan Layanan Bantuan Aplikasi,"bikin, sistem, antar, chat, cek",Negatif,0.741
312,dengan aplikasi ini mempermudah pajak tahunan,Pembayaran Pajak Kendaraan Online,"bayar, pajak, kendara, tahun, online",Positif,0.676
313,tanpa harus ke kantor samsat,Perbandingan Layanan Online vs. Kantor Samsat,"kantor, samsat, online, daerah, kota",Positif,0.596
314,bayar pajak tanpa harus mengantri,Pembayaran Pajak Kendaraan Online,"bayar, pajak, kendara, tahun, online",Positif,0.969
315,ini kerennn banget bayar pajak tanpa antri diantar kerumah pula,Pembayaran Pajak Kendaraan Online,"bayar, pajak, kendara, tahun, online",Positif,0.999
316,cepat dan tepat mantap,Topik Tidak Relevan,Tidak Ditemukan,Positif,0.998
317,Pepanjang STNK Sudah bulan TAPI Kenapa belum di kirim kirim sampai sekarang,Proses dan Durasi Pengiriman STNK,"kirim, proses, stnk, tanggal, minggu",Negatif,0.985
318,apk yg bagus dan membantu,Topik Tidak Relevan,Tidak Ditemukan,Positif,0.993
319,cukup membantu,Topik Tidak Relevan,Tidak Ditemukan,Positif,0.939
320,ok gak perlu ngantri dan tdk ganggu wktu krja,Kualitas Pelayanan dan Antrean di Samsat,"layan, antri, samsat, masyarakat, respon",Positif,0.981
321,terimakasih mudah dan lancar,Topik Tidak Relevan,Tidak Ditemukan,Positif,0.999
322,mudah dan praktis,Topik Tidak Relevan,Tidak Ditemukan,Positif,0.998
323,pembayaran agak memakan waktu cukup lama d,Rincian Biaya Administrasi dan Transaksi,"kali, daftar, biaya, transaksi, ktp",Netral,0.545
324,good aq suka ini tidak perlu ngatri duduk manis aja tanks apl signa sangat membantu untuk saya,Layanan Jasa Kurir Pengiriman,"pos, kirim, via, indonesia, guna",Positif,0.999
325,terpercaya,Topik Tidak Relevan,Tidak Ditemukan,Positif,0.952
326,cepat simpel akurat,Topik Tidak Relevan,Tidak Ditemukan,Positif,0.999
327,minus dalam pengiriman nya sahaja kurang lebih hampir minggu baru ada itupun pengirimnya tidak konfirmasi atau menghubungi bahwa tbpkp sudah di antar ke lokasi dalam bentuk chat atau bukti foto,Proses Pengurusan via Aplikasi SIGNAL,"signal, urus, samsat, digital, ambil",Negatif,0.994
328,selebihnya Cukup terus berkembang kedepannya buat tim signal,Proses Pengurusan via Aplikasi SIGNAL,"signal, urus, samsat, digital, ambil",Positif,0.754
329,cepat dan mudah,Topik Tidak Relevan,Tidak Ditemukan,Positif,0.98
330,mau masukin data motor aja susahnya minta ampun,Kendala Teknis Aplikasi (Loading),"orang, sibuk, data, bayar, bank",Negatif,0.994
331,puas banget semua serba satset,Topik Tidak Relevan,Tidak Ditemukan,Positif,0.989
332,kocak tiap mau bayar loading sampe gk beres beres padhal tahun kemren gk gtu,Layanan Pengiriman STNK ke Rumah,"rumah, langsung, kirim, stnk, samsat",Negatif,0.99
333,mantap cepat n pas,Layanan Pengiriman STNK ke Rumah,"rumah, langsung, kirim, stnk, samsat",Positif,0.999
334,sangat membantu dalam pembayaran pajak kendaraan apalagi klo tinggal di luar kota,Pembayaran Pajak Kendaraan Online,"bayar, pajak, kendara, tahun, online",Positif,0.975
335,Makin lama aplikasi makin busuk,Topik Tidak Relevan,Tidak Ditemukan,Negatif,0.816
336,Mau bayar gagal terus,Pembayaran Pajak Kendaraan Online,"bayar, pajak, kendara, tahun, online",Negatif,0.975
337,Sangat memper mudah banget,Topik Tidak Relevan,Tidak Ditemukan,Positif,0.877
338,Alhamdulillah kali ini saya benar benar puas dng apk Pemda ini bayar online hari Sabtu hari Rabu sampai rumah,Rincian Biaya Administrasi dan Transaksi,"kali, daftar, biaya, transaksi, ktp",Positif,1.0
339,Mantaps ini,Topik Tidak Relevan,Tidak Ditemukan,Positif,0.839
340,kalo begini sih,Topik Tidak Relevan,Tidak Ditemukan,Netral,0.547
341,sudah bulan STNK tidak dikirim status pra colecting,Proses dan Durasi Pengiriman STNK,"kirim, proses, stnk, tanggal, minggu",Negatif,0.998
342,top untuk wilayah jabar proses cepat mudah simpel.sekarang sambil tiduran bisa urus stnk keren pertahankan,Perpanjangan STNK 5 Tahunan (Ganti Plat),"stnk, panjang, samsat, ganti, plat",Positif,1.0
343,sistem baik,Fitur dan Layanan Bantuan Aplikasi,"bikin, sistem, antar, chat, cek",Netral,0.925
344,gaperlu harus ke samsat untuk bayar pajak tahunan,Pembayaran Pajak Kendaraan Online,"bayar, pajak, kendara, tahun, online",Netral,0.455
345,tidak solutif customer servicenya,Topik Tidak Relevan,Tidak Ditemukan,Negatif,0.913
346,sangat membantu bagi yang jauh di rantau dan mempersingkat waktu bagi pekerja,Permintaan Bantuan dan Saran Peningkatan,"bantu, tingkat, proses, samsat, rantau",Positif,0.931
347,Uang sudah di Transfer tapi status Gagal Kadaluarsa,Proses Pengurusan via Aplikasi SIGNAL,"signal, urus, samsat, digital, ambil",Negatif,0.999
348,Gimana ini uang Saya,Proses Pengurusan via Aplikasi SIGNAL,"signal, urus, samsat, digital, ambil",Negatif,0.832
349,sebenarnya sangat membantu tapi gagal total kayak gak niat bikin aplikasi ini cuma buat promalitas saja,Fitur dan Layanan Bantuan Aplikasi,"bikin, sistem, antar, chat, cek",Negatif,0.997
350,pengiriman paket sangat lambat sy transaksi pembayaran tgl juni dikirim paketnya tgl juni hari baru dikirim di samsat Ujung Batu,Proses dan Durasi Pengiriman STNK,"kirim, proses, stnk, tanggal, minggu",Negatif,0.998
351,Untuk resi pengiriman yg tertera di apl resi samsat bukan resi pos jadi tidak bisa dilacak,Layanan Jasa Kurir Pengiriman,"pos, kirim, via, indonesia, guna",Negatif,0.994
352,Memuaskan,Topik Tidak Relevan,Tidak Ditemukan,Positif,0.922
353,Bayar pajak kendaraan lebih Mudah Tanpa Antri,Pembayaran Pajak Kendaraan Online,"bayar, pajak, kendara, tahun, online",Positif,0.994
354,Tidak bisa menmbahkan Data Kendaraan Bermotor,Pembayaran Pajak Kendaraan Online,"bayar, pajak, kendara, tahun, online",Negatif,0.657
355,padahal data diri sudah benar,Kendala Teknis Aplikasi (Loading),"orang, sibuk, data, bayar, bank",Netral,0.429
356,mantap ngga perlu ribet sudah di antar langsung trimakasih sudah membantu,Layanan Pengiriman STNK ke Rumah,"rumah, langsung, kirim, stnk, samsat",Positif,1.0
357,APK ini sangat sangat membantu dalam proses membayar pajak tidak perlu repot repot datang langsung ke samsat hanya duduk saja di rumah tinggal klik dan ikuti step by stepnya dari HP kerennnn good job by the way saya sudah nerima paketnya dengan kurun waktu penerimaan kurang dari hari TERIMA KASIHH,Layanan Pengiriman STNK ke Rumah,"rumah, langsung, kirim, stnk, samsat",Positif,0.99
358,mau bayar aja susah lemot,Pembayaran Pajak Kendaraan Online,"bayar, pajak, kendara, tahun, online",Negatif,0.996
359,tambahan biayanya banyak banget sampai,Rincian Biaya Administrasi dan Transaksi,"kali, daftar, biaya, transaksi, ktp",Negatif,0.802
360,belum termasuk ongkir,Rincian Biaya Administrasi dan Transaksi,"kali, daftar, biaya, transaksi, ktp",Negatif,0.894
361,gini amat bisnis pajak,Pembayaran Pajak Kendaraan Online,"bayar, pajak, kendara, tahun, online",Negatif,0.575
362,sama kyk lewat calo tp ini calo nya aplikasi,Topik Tidak Relevan,Tidak Ditemukan,Negatif,0.745
363,Gabisa pilih bank dan mendapatkan kode qr,Proses dan Durasi Pengiriman STNK,"kirim, proses, stnk, tanggal, minggu",Negatif,0.85
364,kemudahan dalam transaksi kecepatan dalam pengiriman terimakasih banyak atas kemudahannya,Rincian Biaya Administrasi dan Transaksi,"kali, daftar, biaya, transaksi, ktp",Positif,0.995
365,app ini sudah sangat membantu hanya mohon di tingkatkan sistemnya yg sering error,Fitur dan Layanan Bantuan Aplikasi,"bikin, sistem, antar, chat, cek",Negatif,0.514
366,mempermudah tanpa harus repot antri di samsat,Kualitas Pelayanan dan Antrean di Samsat,"layan, antri, samsat, masyarakat, respon",Positif,1.0
367,pelayanan nya cpat trimakasih,Kualitas Pelayanan dan Antrean di Samsat,"layan, antri, samsat, masyarakat, respon",Positif,0.994
368,dgn adanya aplikasi ini sangat memudahkan saya yg jauh dan tdk perlu langsung urus ke bekasi.pokoknyq mantul bgt,Layanan Pengiriman STNK ke Rumah,"rumah, langsung, kirim, stnk, samsat",Positif,0.913
369,sangat memuaskan cepat di tanggapi terimakasih,Topik Tidak Relevan,Tidak Ditemukan,Positif,0.997
370,kenapa pemilihan samsat pengirim nya tidak muncul,Proses dan Durasi Pengiriman STNK,"kirim, proses, stnk, tanggal, minggu",Negatif,0.949
371,coba dong tolong kalo mau cek pembayaran pajak tidak usah harus nunggu tanggal jatuh tempo baru bisa kelihatan jumlah total pembayaran pajak kenapa gak di bikin setiap hari aja,Pembayaran Pajak Kendaraan Online,"bayar, pajak, kendara, tahun, online",Negatif,0.904
372,mempermudah proses bayar pajak kendaraan,Pembayaran Pajak Kendaraan Online,"bayar, pajak, kendara, tahun, online",Positif,0.929
373,aplikasi tidak berguna,Layanan Jasa Kurir Pengiriman,"pos, kirim, via, indonesia, guna",Negatif,0.416
374,bagaimana cara melakukan pengesahan stnk.nya ya kak tidak bisa melakukan pembayaran,Rincian Biaya Administrasi dan Transaksi,"kali, daftar, biaya, transaksi, ktp",Negatif,0.745
375,apakah harus ke samsat untk verivikasi data digital,Proses Pengurusan via Aplikasi SIGNAL,"signal, urus, samsat, digital, ambil",Netral,0.665
376,Di permudah dong mau bayar pajak kendaraan bekas sura komplit Gak usah upload dokumen ktp cukup pake data Nik aja mau bayar loh bukan minta,Pembayaran Pajak Kendaraan Online,"bayar, pajak, kendara, tahun, online",Negatif,0.723
377,alhamdulillah serba mudah amat terbantu.terima kasih,Topik Tidak Relevan,Tidak Ditemukan,Positif,1.0
378,untuk saat ini bagus,Topik Tidak Relevan,Tidak Ditemukan,Positif,0.957
379,makin mudah bayar pajak,Pembayaran Pajak Kendaraan Online,"bayar, pajak, kendara, tahun, online",Positif,0.797
380,Mantaaap,Topik Tidak Relevan,Tidak Ditemukan,Positif,0.979
381,pengiriman lambat,Proses dan Durasi Pengiriman STNK,"kirim, proses, stnk, tanggal, minggu",Negatif,0.981
382,Apk ini bagus buat yang pengen bayar pajak tapi males pergi ke kantor,Pembayaran Pajak Kendaraan Online,"bayar, pajak, kendara, tahun, online",Positif,0.895
383,alhamdulillah praktis membantu sekalih mantaaap,Topik Tidak Relevan,Tidak Ditemukan,Positif,1.0
384,praktis aman dan simple,Topik Tidak Relevan,Tidak Ditemukan,Positif,1.0
385,hari beres,Rincian Biaya Administrasi dan Transaksi,"kali, daftar, biaya, transaksi, ktp",Negatif,0.504
386,tinggal pengesahan data dan cap,Kendala Teknis Aplikasi (Loading),"orang, sibuk, data, bayar, bank",Netral,0.762
387,Sangat membantu u pembayaran PKB,Pembayaran Pajak Kendaraan Online,"bayar, pajak, kendara, tahun, online",Positif,0.968
388,tak kira signal bisa byr pajak kendaraan yg masih atas nama org lain .udah daftar udah minta ktp org yg atas nama kendaraan ee ternyata pajak kendaraan melalui signal hy bisa kendaraan atas nama sendiri dan hy bisa yg satu kk .met,Pembayaran Pajak Kendaraan Online,"bayar, pajak, kendara, tahun, online",Netral,0.676
389,cukup membantu dalam pengurusan STNK karena tidak perlu bolak balik ke samsat,Perpanjangan STNK 5 Tahunan (Ganti Plat),"stnk, panjang, samsat, ganti, plat",Positif,0.995
390,aplikasi sangat membantu sekali proses nya cepat namun disayangkan untuk pengiriman nya masih pra collecting tolong di perhatikan,Proses dan Durasi Pengiriman STNK,"kirim, proses, stnk, tanggal, minggu",Negatif,0.932
391,the best sangat membantu tingkatkan lagi kedepan lebih baik lagi,Permintaan Bantuan dan Saran Peningkatan,"bantu, tingkat, proses, samsat, rantau",Positif,0.986
392,perdana bayar on line,Pembayaran Pajak Kendaraan Online,"bayar, pajak, kendara, tahun, online",Netral,0.941
393,mantap proses cepat,Proses dan Durasi Pengiriman STNK,"kirim, proses, stnk, tanggal, minggu",Positif,0.998
394,mau proses pembayaran kok pilih metode pembayaran nya ngga bisa ya,Proses dan Durasi Pengiriman STNK,"kirim, proses, stnk, tanggal, minggu",Negatif,0.688
395,apa lagi eror,Proses Pengurusan via Aplikasi SIGNAL,"signal, urus, samsat, digital, ambil",Negatif,0.905
396,Simple gak ribet gak usah Dateng ke Samsat,Perbandingan Layanan Online vs. Kantor Samsat,"kantor, samsat, online, daerah, kota",Positif,0.882
397,daftar pengesahan slalu gak bisa bukan mempermudah malah mempersulit,Rincian Biaya Administrasi dan Transaksi,"kali, daftar, biaya, transaksi, ktp",Negatif,0.961
398,sangat membantu sekali,Topik Tidak Relevan,Tidak Ditemukan,Positif,0.876
399,aplikasi yang sangat dibutuhkan bagi pembayar pajak kendaraan,Pembayaran Pajak Kendaraan Online,"bayar, pajak, kendara, tahun, online",Negatif,0.765
400,Mantap,Topik Tidak Relevan,Tidak Ditemukan,Positif,0.979
401,signal layanan paling bagus,Proses Pengurusan via Aplikasi SIGNAL,"signal, urus, samsat, digital, ambil",Positif,0.945
402,sangat memudahkan nyaman bisa dilakukan dimanapun dan kapanpun,Perbandingan Layanan Online vs. Kantor Samsat,"kantor, samsat, online, daerah, kota",Positif,0.972
403,mantap udh sampai,Topik Tidak Relevan,Tidak Ditemukan,Positif,0.973
404,oke,Topik Tidak Relevan,Tidak Ditemukan,Positif,0.92
405,proses mudah dan cepat jadi gak perlu keluar lagi ngurusnya,Proses dan Durasi Pengiriman STNK,"kirim, proses, stnk, tanggal, minggu",Positif,0.997
406,Sangat Membantu,Topik Tidak Relevan,Tidak Ditemukan,Positif,0.939
407,sangat mantap,Topik Tidak Relevan,Tidak Ditemukan,Positif,0.949
408,Proses mudah dan cepat,Proses dan Durasi Pengiriman STNK,"kirim, proses, stnk, tanggal, minggu",Positif,0.988
409,Terimakasih tepat waktu,Topik Tidak Relevan,Tidak Ditemukan,Positif,0.983
410,apknya sangat membantu bgt bagi pekerja yg males keluar rumah dan gak perlu repot ngantri,Layanan Pengiriman STNK ke Rumah,"rumah, langsung, kirim, stnk, samsat",Positif,0.998
411,sangat membantu untuk yang berada diluar daerah,Perbandingan Layanan Online vs. Kantor Samsat,"kantor, samsat, online, daerah, kota",Positif,0.794
412,Greattt cepat banget lgsg selesai pembayaran pajak,Pembayaran Pajak Kendaraan Online,"bayar, pajak, kendara, tahun, online",Positif,0.996
413,Mungkin bisa ditambahkan kode pembayaran pada progres transaksi karena saya sempat lupa mengcopy kode pembayaran alhasil harus ulang transaksi dari awal,Rincian Biaya Administrasi dan Transaksi,"kali, daftar, biaya, transaksi, ktp",Netral,0.849
414,Sangat membantu aplikasi yg luar biasa,Perbandingan Layanan Online vs. Kantor Samsat,"kantor, samsat, online, daerah, kota",Positif,0.839
415,Mantaap,Topik Tidak Relevan,Tidak Ditemukan,Positif,0.979
416,tahun lalu bisa di pakai tahun ini tiba harus validasi NIK.aplikasi Aneh,Pembayaran Pajak Kendaraan Online,"bayar, pajak, kendara, tahun, online",Netral,0.849
417,mudah dan simpel,Topik Tidak Relevan,Tidak Ditemukan,Positif,0.996
418,bagus tepat dan terukur dan amanah,Topik Tidak Relevan,Tidak Ditemukan,Positif,0.999
419,luar biasa sangat membantu,Perbandingan Layanan Online vs. Kantor Samsat,"kantor, samsat, online, daerah, kota",Positif,0.731
420,lumayan ada peningkatan dari tahun kemarin kedepannya tolong bisa pakai m banking dan bisa bayar pajak yang tahunana,Pembayaran Pajak Kendaraan Online,"bayar, pajak, kendara, tahun, online",Netral,0.929
421,saya punya laporan tidak selesai,Proses dan Durasi Pengiriman STNK,"kirim, proses, stnk, tanggal, minggu",Negatif,0.895
422,dari tanggal april sampai sekarang tgl Juni,Proses dan Durasi Pengiriman STNK,"kirim, proses, stnk, tanggal, minggu",Negatif,0.793
423,kejadiannya saya bayar lewat aplikasi blibli untuk perpanjangan STNK tetapi dikirim STNK saya meminta perbaiki dan kirim ulang tetapi pihak sana malah mau merefund dan menghapus data saya,Perpanjangan STNK 5 Tahunan (Ganti Plat),"stnk, panjang, samsat, ganti, plat",Negatif,0.978
424,saya bukan minta di refund hanya minta perbaiki STNK dan data saya perpanjang tolong di update di sistem kalian,Perpanjangan STNK 5 Tahunan (Ganti Plat),"stnk, panjang, samsat, ganti, plat",Netral,0.641
425,kerja dari SIGNAL sangat mengecewakan,Proses Pengurusan via Aplikasi SIGNAL,"signal, urus, samsat, digital, ambil",Netral,0.596
426,dokumen pajak saya belum saya terima udah mau bulan dari transaksi bayar pajak tapi belum di kirim,Proses dan Durasi Pengiriman STNK,"kirim, proses, stnk, tanggal, minggu",Negatif,0.926
427,terkirim dengan selamat,Proses dan Durasi Pengiriman STNK,"kirim, proses, stnk, tanggal, minggu",Positif,0.65
428,lambat pengiriman,Proses dan Durasi Pengiriman STNK,"kirim, proses, stnk, tanggal, minggu",Negatif,0.983
429,paling lama pengiriman brapa lama,Proses dan Durasi Pengiriman STNK,"kirim, proses, stnk, tanggal, minggu",Negatif,0.874
430,sudah x ini pengurusan perpanjangan STNK via online Samsat hasilnya memuaskan n sangat membantu sekali terutama utk yg sedang tinggal di luar kota,Perpanjangan STNK 5 Tahunan (Ganti Plat),"stnk, panjang, samsat, ganti, plat",Positif,0.995
431,hanya saja proses pengiriman yg cukup lama hampir bulan lebih tp masih tetap memuaskan inovasi pelayanannya,Proses dan Durasi Pengiriman STNK,"kirim, proses, stnk, tanggal, minggu",Negatif,0.499
432,kenapa Jawa Barat gak ada,Kendala Teknis Aplikasi (Loading),"orang, sibuk, data, bayar, bank",Netral,0.939
433,puas,Topik Tidak Relevan,Tidak Ditemukan,Positif,0.97
434,efisien,Topik Tidak Relevan,Tidak Ditemukan,Positif,0.967
435,jozzz mantaaap tanpa harus dateng tanpa antri tanpa kasih KTP dan STNK ke calo pokoknya jozzz,Rincian Biaya Administrasi dan Transaksi,"kali, daftar, biaya, transaksi, ktp",Positif,0.998
436,memuaskan,Topik Tidak Relevan,Tidak Ditemukan,Positif,0.922
437,help full,Topik Tidak Relevan,Tidak Ditemukan,Netral,0.424
438,aplikasi tidak menyediakan opsi penghapusan akun,Kendala Teknis Aplikasi (Loading),"orang, sibuk, data, bayar, bank",Negatif,0.689
439,luar biasa cepat dan mudah,Perbandingan Layanan Online vs. Kantor Samsat,"kantor, samsat, online, daerah, kota",Positif,0.909
440,sangat bermanfaat sekali,Topik Tidak Relevan,Tidak Ditemukan,Positif,0.67
441,Diantar sesuai alamat,Fitur dan Layanan Bantuan Aplikasi,"bikin, sistem, antar, chat, cek",Positif,0.495
442,ITU KENAPA ADA BIAYA PENGEMBANGAN APLIKASI DAN BIAYA ADMIN BANK,Rincian Biaya Administrasi dan Transaksi,"kali, daftar, biaya, transaksi, ktp",Negatif,0.84
443,APLIKASI MILIK PRIBADI KAH KOQ ADA BIAYA PENGEMBANGAN APLIKASI KENAPA DI BEBANKAN KE WAJIB PAJAK,Rincian Biaya Administrasi dan Transaksi,"kali, daftar, biaya, transaksi, ktp",Negatif,0.891
444,BIAYA ADMIN BANK JUGA CUKUPLAH KASIH KODE BAYAR SAJA KAN NANTI KITA YG TRANSFER KE BANK BIAYA TRANSFER KAN NANTI KAN KITA YG TANGGUNG,Rincian Biaya Administrasi dan Transaksi,"kali, daftar, biaya, transaksi, ktp",Negatif,0.841
445,DARI APLIKASI KENA BIAYA ADMIN BANK DARI TRANSFER KENA ADMIN LAGI HADEEH,Kendala Teknis Aplikasi (Loading),"orang, sibuk, data, bayar, bank",Negatif,0.956
446,sangat membantu sangat cepat dan sangat puas hasilnya cepat terimakasih untuk APL signal,Proses Pengurusan via Aplikasi SIGNAL,"signal, urus, samsat, digital, ambil",Positif,0.999
447,tolong perbaiki kita mau taat bayar pajak daftar aja susah,Pembayaran Pajak Kendaraan Online,"bayar, pajak, kendara, tahun, online",Negatif,0.972
448,yang niat bang kalo bikin apk seperti ini ini saya sudah bayar pajak dan pengen dikirim ke rumah udah bulan ga sampe rumah gimana sih,Layanan Pengiriman STNK ke Rumah,"rumah, langsung, kirim, stnk, samsat",Negatif,0.994
449,pembayaran juga sudah sesuai agar dokumen nya dikirim kan kerumah,Layanan Jasa Kurir Pengiriman,"pos, kirim, via, indonesia, guna",Netral,0.439
450,Pengiriman terlalu lama biaya layanan aplikasi mohon untuk di pertimbangkan lagi karena terlalu memberatkan,Kualitas Pelayanan dan Antrean di Samsat,"layan, antri, samsat, masyarakat, respon",Negatif,0.953
451,mantab perpanjng dari rumah nyampek juka sntk nya,Layanan Pengiriman STNK ke Rumah,"rumah, langsung, kirim, stnk, samsat",Positif,0.999
452,sengaja kasih bintang biar di notice,Topik Tidak Relevan,Tidak Ditemukan,Negatif,0.547
453,jadi saya sudah dapat kode bayar tapi ketika mau bayar lewat aplikasi bsi dana Shopee mbanking riau tetap gak bisa,Pembayaran Pajak Kendaraan Online,"bayar, pajak, kendara, tahun, online",Negatif,0.965
454,apa karena saya melakukan pembayaran di jam malam ya apa harus pagi,Proses Pengurusan via Aplikasi SIGNAL,"signal, urus, samsat, digital, ambil",Netral,0.752
455,ok keren cepat pengiriman,Proses dan Durasi Pengiriman STNK,"kirim, proses, stnk, tanggal, minggu",Positif,0.962
456,Cepat Akurat,Topik Tidak Relevan,Tidak Ditemukan,Positif,0.983
457,Layanan sangat baik dan berintegritas,Kualitas Pelayanan dan Antrean di Samsat,"layan, antri, samsat, masyarakat, respon",Netral,0.443
458,pelayanan oke semoga di tingkat kan lagi untuk jasa pengiriman nya biar cepat,Layanan Jasa Kurir Pengiriman,"pos, kirim, via, indonesia, guna",Positif,0.828
459,sangat membatu untuk orang sibuk,Kendala Teknis Aplikasi (Loading),"orang, sibuk, data, bayar, bank",Positif,0.655
460,okee,Topik Tidak Relevan,Tidak Ditemukan,Positif,0.861
461,mesti ad kenda TPI menepati janji,Kendala Teknis Aplikasi (Loading),"orang, sibuk, data, bayar, bank",Positif,0.972
462,bagus dan mantap,Topik Tidak Relevan,Tidak Ditemukan,Positif,0.998
463,mohon agar dapat diperbaiki agar dapat diakses lebih cepat dan mudah digunakan secara mobile,Layanan Jasa Kurir Pengiriman,"pos, kirim, via, indonesia, guna",Netral,0.981
464,Lumayan,Topik Tidak Relevan,Tidak Ditemukan,Negatif,0.505
465,Ga harus ngantri,Kualitas Pelayanan dan Antrean di Samsat,"layan, antri, samsat, masyarakat, respon",Positif,0.981
466,Cuman aga lama,Topik Tidak Relevan,Tidak Ditemukan,Negatif,0.948
467,mau daftar di aplikasi saja susah masak iya data yg saya masukan katanya salah padahal udah bener semua error ni aplikasi,Rincian Biaya Administrasi dan Transaksi,"kali, daftar, biaya, transaksi, ktp",Negatif,0.999
468,gabisa verifikasi KTP atau photo padahal tidak buram photonya,Rincian Biaya Administrasi dan Transaksi,"kali, daftar, biaya, transaksi, ktp",Negatif,0.928
469,saya kecewa dengan aplikasi ini baru kali ini saya mau melakukan pembayaran tpi tidak bisa setelah saya tanya ke agennya di suruh mendatangi kantornya terus apa fungsinya aplikasi ini klw masih mau mendatangi kantornya,Rincian Biaya Administrasi dan Transaksi,"kali, daftar, biaya, transaksi, ktp",Negatif,0.985
470,bagus sekali rekomended,Topik Tidak Relevan,Tidak Ditemukan,Positif,0.985
471,dengan adanya pembayaran via online menjadi lebih praktis dan tidak perlu antri,Pembayaran Pajak Kendaraan Online,"bayar, pajak, kendara, tahun, online",Positif,0.979
472,untuk bayar pajak kendaraan sangat membantu sekali praktis dan dokumen dikirim via pos,Layanan Jasa Kurir Pengiriman,"pos, kirim, via, indonesia, guna",Positif,0.97
473,sangat sangat membantu,Topik Tidak Relevan,Tidak Ditemukan,Positif,0.896
474,keren cepet ga ribet,Topik Tidak Relevan,Tidak Ditemukan,Positif,0.998
475,program gak jelas,Topik Tidak Relevan,Tidak Ditemukan,Negatif,0.891
476,cepat tepat dan amanah berkas dikirim ke alamat tidak dititipkan ke orang lain,Proses dan Durasi Pengiriman STNK,"kirim, proses, stnk, tanggal, minggu",Positif,0.997
477,sangat membantu bagi yang ngrantau dan ga sempat ke samsat,Perbandingan Layanan Online vs. Kantor Samsat,"kantor, samsat, online, daerah, kota",Positif,0.95
478,lumayan terbantu tapi cukup mengesalkan akhir tahun ini karna serba terlambat,Pembayaran Pajak Kendaraan Online,"bayar, pajak, kendara, tahun, online",Negatif,0.921
479,giliran kita lambat bayar kena denda giliran mereka telat kirim sampai sebulan kayak gak ada apa apanya,Kendala Teknis Aplikasi (Loading),"orang, sibuk, data, bayar, bank",Negatif,0.999
480,mohon dievaluasi lagi,Topik Tidak Relevan,Tidak Ditemukan,Netral,0.959
481,saya kasih bintang soalnya pas daftar ko no KK yg jaman bahala yg terdaftar mau hub live chat petugas tidak ada dit mulu jawabannya ngapain nyediain live chat kl petugasnya gak ada cm ngomong sm robot gak bakal ketemu jalan keluarnya,Fitur dan Layanan Bantuan Aplikasi,"bikin, sistem, antar, chat, cek",Negatif,0.997
482,terima kasih,Topik Tidak Relevan,Tidak Ditemukan,Positif,0.942
483,Mantap saya gk perlu antri di Samsat lagi tapi untuk pengiriman lewat post lama sekali,Kualitas Pelayanan dan Antrean di Samsat,"layan, antri, samsat, masyarakat, respon",Positif,0.986
484,sangat bermanfaat dan memudahkan saat membayar pajak kendaraan bermotor,Pembayaran Pajak Kendaraan Online,"bayar, pajak, kendara, tahun, online",Positif,0.97
485,Mudah prosesnya Tinggal ikuti petunjuknya saja Sistem pembayaran banyak pilihan,Proses dan Durasi Pengiriman STNK,"kirim, proses, stnk, tanggal, minggu",Positif,0.904
486,syarat harus kendaraan milik pribadi milik keluarg dalam satu KK .mantap cepat kilat mudah,Layanan Pengiriman STNK ke Rumah,"rumah, langsung, kirim, stnk, samsat",Positif,0.828
487,aplikasi yg sangat bagus proses nya cepet dan langsung di antar ke rumah,Layanan Pengiriman STNK ke Rumah,"rumah, langsung, kirim, stnk, samsat",Positif,0.996
488,Terimakasih pelayanan sangat cepat dan paket juga terkirim sesuai dan cepat,Layanan Jasa Kurir Pengiriman,"pos, kirim, via, indonesia, guna",Positif,0.999
489,TIDAK BERHASIL DI DAFTARKAN,Rincian Biaya Administrasi dan Transaksi,"kali, daftar, biaya, transaksi, ktp",Negatif,0.961
490,tanya samsat ternyata ini apk pihak ketiga,Perbandingan Layanan Online vs. Kantor Samsat,"kantor, samsat, online, daerah, kota",Negatif,0.706
491,dan ga ada solusi karna bukan samsat yg buat,Kendala Teknis Aplikasi (Loading),"orang, sibuk, data, bayar, bank",Netral,0.788
492,dahlah apk gak guna,Layanan Jasa Kurir Pengiriman,"pos, kirim, via, indonesia, guna",Negatif,0.905
493,sengaja d erorkan apa gmn biar calo cuan lg,Proses Pengurusan via Aplikasi SIGNAL,"signal, urus, samsat, digital, ambil",Negatif,0.986
494,Sangat membantu sekali,Topik Tidak Relevan,Tidak Ditemukan,Positif,0.876
495,Terima kasih,Topik Tidak Relevan,Tidak Ditemukan,Positif,0.942
496,sangat membantu sekali dan memudahkan apk signal,Proses Pengurusan via Aplikasi SIGNAL,"signal, urus, samsat, digital, ambil",Positif,0.988
497,semoga kedepannya lebih baik lagi terima kasih signal,Proses Pengurusan via Aplikasi SIGNAL,"signal, urus, samsat, digital, ambil",Netral,0.761
498,kode pembayaran error tidak bisa digunakan waktu mau bayar,Pembayaran Pajak Kendaraan Online,"bayar, pajak, kendara, tahun, online",Negatif,0.973
499,mudah,Topik Tidak Relevan,Tidak Ditemukan,Positif,0.883
500,Sangat membantu,Topik Tidak Relevan,Tidak Ditemukan,Positif,0.939
501,gk bisa anjinglah masak pelayanan masyarakat begini mempersulit orang yg tidak ada waktu ke samsat ini namanya nanti gk dibayar didenda,Kendala Teknis Aplikasi (Loading),"orang, sibuk, data, bayar, bank",Negatif,0.849
502,mau bayar pajak aja susah banget,Pembayaran Pajak Kendaraan Online,"bayar, pajak, kendara, tahun, online",Negatif,0.991
503,EROR MULU UDAH BULAN NYOBA GADA PERUBAHAN SAMPE APUS DATA DOWNLOAD LAGI KELUAR,Rincian Biaya Administrasi dan Transaksi,"kali, daftar, biaya, transaksi, ktp",Negatif,0.997
504,GITU AJA TERUS TAPI TETEP GAADA HASIL,Topik Tidak Relevan,Tidak Ditemukan,Negatif,0.4
505,Mau pengesahan stnk tapi tidak bisa malah di suruh ke samsat.Buat apa coba ini aplikasi kalau tidak bisa di gunakan,Perpanjangan STNK 5 Tahunan (Ganti Plat),"stnk, panjang, samsat, ganti, plat",Negatif,0.996
506,awalnya bingung paymentnya udah masukin kode bayar ke beberapa mbanking yg saya punya tp gagal terus sampai cari opsi pembayaran yg lain ternyata bisa bayar pakai DANA lancar jayaa saran saya yg terkendala dipembayaran bisa bayar pakai DANA tinggal masukin kode bayarnya udah beres,Pembayaran Pajak Kendaraan Online,"bayar, pajak, kendara, tahun, online",Negatif,0.942
507,semoga membantu ya,Topik Tidak Relevan,Tidak Ditemukan,Positif,0.858
508,samsat balaraja lamaaa,Perbandingan Layanan Online vs. Kantor Samsat,"kantor, samsat, online, daerah, kota",Negatif,0.792
509,prosesnya,Proses dan Durasi Pengiriman STNK,"kirim, proses, stnk, tanggal, minggu",Positif,0.387
510,sangat memuaskan kan kita tapi tolong perbaiki layanan pengirimannya agar lebih cepat lgi dan kembangkan utk pajak tahunan,Pembayaran Pajak Kendaraan Online,"bayar, pajak, kendara, tahun, online",Positif,0.939
511,baik,Topik Tidak Relevan,Tidak Ditemukan,Netral,0.903
512,memudahkan masyarakat,Kualitas Pelayanan dan Antrean di Samsat,"layan, antri, samsat, masyarakat, respon",Positif,0.918
513,terimakasih untuk pelayanan nya,Kualitas Pelayanan dan Antrean di Samsat,"layan, antri, samsat, masyarakat, respon",Positif,0.986
514,mempermudah sekali adanya pelayanan seperti ini,Kualitas Pelayanan dan Antrean di Samsat,"layan, antri, samsat, masyarakat, respon",Positif,0.844
515,saya sebagai pelanggan terpenuhi kepuasan pelanggan saya Customer Satisfaction,Topik Tidak Relevan,Tidak Ditemukan,Positif,0.87
516,proses cepat,Proses dan Durasi Pengiriman STNK,"kirim, proses, stnk, tanggal, minggu",Positif,0.877
517,tidak jelas bagaimana cara membayar pajak tahunan,Pembayaran Pajak Kendaraan Online,"bayar, pajak, kendara, tahun, online",Negatif,0.794
518,cari kode bayar dimana,Pembayaran Pajak Kendaraan Online,"bayar, pajak, kendara, tahun, online",Negatif,0.757
519,tidak ada notifikasi pengingat deadline bayar pajak,Pembayaran Pajak Kendaraan Online,"bayar, pajak, kendara, tahun, online",Negatif,0.946
520,harus cari tutorial sana sini untuk buka aplikasi ini,Proses Pengurusan via Aplikasi SIGNAL,"signal, urus, samsat, digital, ambil",Negatif,0.903
521,sangat sangat tidak informatif,Topik Tidak Relevan,Tidak Ditemukan,Netral,0.524
522,Josss Sangan Membantu Buar Orang Yang Sibuk,Kendala Teknis Aplikasi (Loading),"orang, sibuk, data, bayar, bank",Positif,0.999
523,sangat membantu sekali good job,Topik Tidak Relevan,Tidak Ditemukan,Positif,0.998
524,bisa hindari pungli saya biasa transaksi banyak yg berhasil,Rincian Biaya Administrasi dan Transaksi,"kali, daftar, biaya, transaksi, ktp",Positif,0.849
525,jika terjadi kesulitan aplikasi silahkan email,Layanan Jasa Kurir Pengiriman,"pos, kirim, via, indonesia, guna",Negatif,0.477
526,Alhamdulillah ada solusi,Kendala Teknis Aplikasi (Loading),"orang, sibuk, data, bayar, bank",Positif,0.984
527,jika pengiriman tidak juga sampai setelah hari kerja silahkan hubungi pos Indonesia,Layanan Jasa Kurir Pengiriman,"pos, kirim, via, indonesia, guna",Negatif,0.927
528,aman,Topik Tidak Relevan,Tidak Ditemukan,Positif,0.838
529,good good,Topik Tidak Relevan,Tidak Ditemukan,Positif,0.999
530,aplikasi ini sangat membantu dalam pembayaran pajak kendaraan bermotor,Pembayaran Pajak Kendaraan Online,"bayar, pajak, kendara, tahun, online",Positif,0.912
531,selama ini selalu darah tinggi tiap ke samsat waktu habis bisa setengah hari,Layanan Pengiriman STNK ke Rumah,"rumah, langsung, kirim, stnk, samsat",Netral,0.69
532,sangat membantu bagi kita yg pekerja g usah antri ke Samsat lumayan cepat prosesnya,Kualitas Pelayanan dan Antrean di Samsat,"layan, antri, samsat, masyarakat, respon",Positif,0.996
533,terimakasih sangat memudahkan saat bayar pajak,Pembayaran Pajak Kendaraan Online,"bayar, pajak, kendara, tahun, online",Positif,0.992
534,Simpel pembayaran tidak ribet tidak antri,Kualitas Pelayanan dan Antrean di Samsat,"layan, antri, samsat, masyarakat, respon",Positif,0.999
535,Tinggal nunggu dirumah,Layanan Pengiriman STNK ke Rumah,"rumah, langsung, kirim, stnk, samsat",Positif,0.602
536,mantap bisa lebih praktis gak perlu antri,Kualitas Pelayanan dan Antrean di Samsat,"layan, antri, samsat, masyarakat, respon",Positif,1.0
537,gangguan mulu mau perpanjang STNK bisa aja jadi telat,Perpanjangan STNK 5 Tahunan (Ganti Plat),"stnk, panjang, samsat, ganti, plat",Negatif,0.997
538,mau sampe kapan dah,Topik Tidak Relevan,Tidak Ditemukan,Negatif,0.688
539,Memudahkan untuk pembayaran pajak kendaraan,Pembayaran Pajak Kendaraan Online,"bayar, pajak, kendara, tahun, online",Positif,0.911
540,woy ini kenapa bayar pajak online cuma bisa di beberapa daerah doang kok ga semua provinsi dimasukin jelek bgt sih kalo gini terus,Pembayaran Pajak Kendaraan Online,"bayar, pajak, kendara, tahun, online",Negatif,0.887
541,aplikasi sampah buang buang anggaran,Kualitas Pelayanan dan Antrean di Samsat,"layan, antri, samsat, masyarakat, respon",Negatif,0.987
542,tiap mau bayar ada aja kendala udh coba bayar pkai m.banking gk bisa bayar ke indomaret gk bisa jg,Pembayaran Pajak Kendaraan Online,"bayar, pajak, kendara, tahun, online",Negatif,0.783
543,so easy,Topik Tidak Relevan,Tidak Ditemukan,Positif,0.902
544,buat kalian urungkan niat buat bayar pajak kendaraan anda saya bayar pajak motor nunggu stnk di cetak sampe bulan belum ada kejelasan apapun sampe sekarang,Pembayaran Pajak Kendaraan Online,"bayar, pajak, kendara, tahun, online",Negatif,0.725
545,mamtap ni,Topik Tidak Relevan,Tidak Ditemukan,Negatif,0.35
546,byr pajak kendaraan jadi gk perlu ke samsat cukup bayar online dan surat pengesahan sampe rumah dikirim via pos,Layanan Jasa Kurir Pengiriman,"pos, kirim, via, indonesia, guna",Positif,0.849
547,susah verifikasi giliran masukin data kendaraan g bisa,Kendala Teknis Aplikasi (Loading),"orang, sibuk, data, bayar, bank",Negatif,0.999
548,harus hubungi pengaduan dulu,Layanan Jasa Kurir Pengiriman,"pos, kirim, via, indonesia, guna",Negatif,0.99
549,nnti kalau sudah ada progres baru diganti ya bintangnya,Perpanjangan STNK 5 Tahunan (Ganti Plat),"stnk, panjang, samsat, ganti, plat",Netral,0.855
550,pasang SIGNAL SAMSAT,Proses Pengurusan via Aplikasi SIGNAL,"signal, urus, samsat, digital, ambil",Netral,0.714
551,terus beri pelayanan yang terbaik,Kualitas Pelayanan dan Antrean di Samsat,"layan, antri, samsat, masyarakat, respon",Positif,0.683
552,simpel tidak perlu datang tinggal menunggu di rumah,Layanan Pengiriman STNK ke Rumah,"rumah, langsung, kirim, stnk, samsat",Positif,0.998
553,memudahkan,Topik Tidak Relevan,Tidak Ditemukan,Positif,0.883
554,joss dah,Topik Tidak Relevan,Tidak Ditemukan,Positif,0.923
555,ini aplikasi tidak berguna mau pengesahan ujung nya di suruh ke Samsat jg,Perbandingan Layanan Online vs. Kantor Samsat,"kantor, samsat, online, daerah, kota",Negatif,0.995
556,Ini kenapa dah Kode Bayarnya Kadaluwarsa mulu,Pembayaran Pajak Kendaraan Online,"bayar, pajak, kendara, tahun, online",Negatif,0.985
557,Aplikasinya ini gimana masa NIK di ktp sama di aplikasi jadinya beda masukin data kendaraan akhirnya nggak bisa,Kendala Teknis Aplikasi (Loading),"orang, sibuk, data, bayar, bank",Negatif,0.936
558,Mempermudah menghemat waktu pengesahan ga perlu dateng ke samsat tunggu di rumah saja,Layanan Pengiriman STNK ke Rumah,"rumah, langsung, kirim, stnk, samsat",Positif,0.998
559,ribet,Topik Tidak Relevan,Tidak Ditemukan,Positif,0.627
560,nggak bisa digunakan,Layanan Jasa Kurir Pengiriman,"pos, kirim, via, indonesia, guna",Netral,0.612
561,mudah dan praktis bagi kita yg jauh dr t pembayarannya tp kok mobilku bayarnya gak bisa lewat signal ya,Pembayaran Pajak Kendaraan Online,"bayar, pajak, kendara, tahun, online",Positif,0.983
562,mantap pisan uyyy,Topik Tidak Relevan,Tidak Ditemukan,Positif,0.996
563,menjadi lebih baik,Topik Tidak Relevan,Tidak Ditemukan,Positif,0.673
564,jadi tidak bertemu dgn calo yg meresahkan,Topik Tidak Relevan,Tidak Ditemukan,Positif,0.817
565,keren presisi,Kualitas Pelayanan dan Antrean di Samsat,"layan, antri, samsat, masyarakat, respon",Positif,0.994
566,Aplikasi tidak berfungsi mendaftarkan kendaraan saja gagal terus,Rincian Biaya Administrasi dan Transaksi,"kali, daftar, biaya, transaksi, ktp",Negatif,0.998
567,Buat laporan melalui email sudah seminggu tidak juga direspon,Layanan Jasa Kurir Pengiriman,"pos, kirim, via, indonesia, guna",Negatif,0.908
568,Ujung nya bayar pajak motor tetap saja datang ke samsat seperti biasanya,Pembayaran Pajak Kendaraan Online,"bayar, pajak, kendara, tahun, online",Negatif,0.728
569,Payah ga guna nih aplikasi kirain bisa memudahkan untuk bayar pajak motor dizaman yg serba digital dan online eh malah masih saja pakai cara jadul,Pembayaran Pajak Kendaraan Online,"bayar, pajak, kendara, tahun, online",Negatif,0.805
570,EDITED Juni aplikasi bagus buat bayar pajak online ga ribet ga pake antri cepat tepat,Pembayaran Pajak Kendaraan Online,"bayar, pajak, kendara, tahun, online",Positif,0.973
571,bagus dan simpel,Topik Tidak Relevan,Tidak Ditemukan,Positif,0.997
572,dengan adanya signal mengurus pajak kendaraan semakin mudah dan transparan tanpa ketemu calo kalau kita mengurus offline terima kasih,Proses Pengurusan via Aplikasi SIGNAL,"signal, urus, samsat, digital, ambil",Positif,0.957
573,mau bayar ga bisa mulu aplikasi macam apa ini,Pembayaran Pajak Kendaraan Online,"bayar, pajak, kendara, tahun, online",Negatif,0.991
574,aplikasi sangat tidak membantuu susah buat daftar semua data tidak valid selalu kembali selalu tidak bisa cuma mau cek total suusahh nya minta ampunnn karna mau daftar saja tidak bisa,Rincian Biaya Administrasi dan Transaksi,"kali, daftar, biaya, transaksi, ktp",Negatif,0.998
575,mantap sekali memangkas birokrasi tinggal ketik alamat pengantar bayar dan,Proses dan Durasi Pengiriman STNK,"kirim, proses, stnk, tanggal, minggu",Positif,0.988
576,tunggu dirumah,Layanan Pengiriman STNK ke Rumah,"rumah, langsung, kirim, stnk, samsat",Netral,0.535
577,cepat gak pakai ribet prosesnya sangat membatu bagi yg kerja di luar domisili,Perbandingan Layanan Online vs. Kantor Samsat,"kantor, samsat, online, daerah, kota",Positif,0.992
578,coz gak perlu pulkam,Topik Tidak Relevan,Tidak Ditemukan,Positif,0.942
579,tinggal tunggu proses Minggu,Proses dan Durasi Pengiriman STNK,"kirim, proses, stnk, tanggal, minggu",Netral,0.687
580,STNK di kirim ke alamat kita tuju,Proses dan Durasi Pengiriman STNK,"kirim, proses, stnk, tanggal, minggu",Negatif,0.921
581,kalo bisa untuk pajek lima tahunan juga di permudah di satu aplikasi ini juga min,Pembayaran Pajak Kendaraan Online,"bayar, pajak, kendara, tahun, online",Netral,0.801
582,terimakasi,Topik Tidak Relevan,Tidak Ditemukan,Positif,0.606
583,mantuulll,Topik Tidak Relevan,Tidak Ditemukan,Netral,0.523
584,Alhamdulillah di terima dengan baik dan cepat,Topik Tidak Relevan,Tidak Ditemukan,Positif,0.999
585,canggih ui,Topik Tidak Relevan,Tidak Ditemukan,Positif,0.851
586,Sangat Mudah dan Cepat,Topik Tidak Relevan,Tidak Ditemukan,Positif,0.973
587,mantap tidak perlu kesamsat sntk langsung datang kerumah,Layanan Pengiriman STNK ke Rumah,"rumah, langsung, kirim, stnk, samsat",Positif,1.0
588,mantap dan mudah gak perlu ngantri,Kualitas Pelayanan dan Antrean di Samsat,"layan, antri, samsat, masyarakat, respon",Positif,1.0
589,bermanfaat,Topik Tidak Relevan,Tidak Ditemukan,Positif,0.866
590,aplikasi bodoh ini verifikasi wajah tidak bisa,Perpanjangan STNK 5 Tahunan (Ganti Plat),"stnk, panjang, samsat, ganti, plat",Negatif,0.989
591,posisi wajah sudah pas pencahayaan terang,Layanan Pengiriman STNK ke Rumah,"rumah, langsung, kirim, stnk, samsat",Negatif,0.835
592,aneh,Topik Tidak Relevan,Tidak Ditemukan,Negatif,0.867
593,ini kenapa ya mau pendaftaran pengesahan nya tidak bisa terus padahal dulu pernah x bayar pajak di signal sekarang mau bayar g bisa,Pembayaran Pajak Kendaraan Online,"bayar, pajak, kendara, tahun, online",Negatif,0.968
594,sangat membantu untuk perpanjang stnk estimasi pengiriman stnk kalo bisa dipercepat maksimal hari kerja jangan hari terlalu lama,Perpanjangan STNK 5 Tahunan (Ganti Plat),"stnk, panjang, samsat, ganti, plat",Positif,0.967
595,mudah cepat,Topik Tidak Relevan,Tidak Ditemukan,Positif,0.985
596,Sejak beli mobil di th pajak th selalu rutin saya bayarkan via Signal,Pembayaran Pajak Kendaraan Online,"bayar, pajak, kendara, tahun, online",Netral,0.853
597,Layanan online ini sangat membantu sekali ketika semua kantor pembayaran offline tutup di hari Minggu jadi gak telat bayar deh,Perbandingan Layanan Online vs. Kantor Samsat,"kantor, samsat, online, daerah, kota",Negatif,0.745
598,Saya proses pendaftaran pengesahan STNK di Samsat Digital pas Minggu malam fisik STNKnya lgsg saya terima di Rabu sore,Proses dan Durasi Pengiriman STNK,"kirim, proses, stnk, tanggal, minggu",Negatif,0.994
599,Benar aman terpercaya,Topik Tidak Relevan,Tidak Ditemukan,Positif,0.995
600,Kalau sudah tahu begini tahun depan tidak perlu repot meluangkan waktu utk antri di Samsat cukup proses dari rumah saja,Kualitas Pelayanan dan Antrean di Samsat,"layan, antri, samsat, masyarakat, respon",Positif,0.528
601,ok mantap,Topik Tidak Relevan,Tidak Ditemukan,Positif,0.979
602,Aplikasinya sangat membantu,Topik Tidak Relevan,Tidak Ditemukan,Positif,0.927
603,bagus buat yg sibuk kerja,Kendala Teknis Aplikasi (Loading),"orang, sibuk, data, bayar, bank",Positif,0.852
604,sangan mmmbantu,Fitur dan Layanan Bantuan Aplikasi,"bikin, sistem, antar, chat, cek",Positif,0.944
605,mudah praktis cukup menunggu saja di rumah setelah transaksi pembayaran sudah dilakukan,Rincian Biaya Administrasi dan Transaksi,"kali, daftar, biaya, transaksi, ktp",Positif,0.996
606,Terimakasih polri proses cepat,Proses dan Durasi Pengiriman STNK,"kirim, proses, stnk, tanggal, minggu",Positif,0.999
607,maap yah ko ini mau daftar kendala di no otp ga ngirim udaa di cek wa sms email ampe ganti email gada jugaaa uda x minta otp ampe gabisa dari sitemnya,Layanan Jasa Kurir Pengiriman,"pos, kirim, via, indonesia, guna",Negatif,0.996
608,keren memudahkan dalam membayar pajak tidak perlu antri tidak perlu ke kantor samsat,Pembayaran Pajak Kendaraan Online,"bayar, pajak, kendara, tahun, online",Positif,1.0
609,tinggal klik bayar sampai,Layanan Pengiriman STNK ke Rumah,"rumah, langsung, kirim, stnk, samsat",Positif,0.557
610,sangat membantu buat saya yg kerja merantau TDK harus pulkam untuk perpanjangan STNK,Perpanjangan STNK 5 Tahunan (Ganti Plat),"stnk, panjang, samsat, ganti, plat",Positif,0.971
611,sangat membantu sekali aplikasi ini karena menghindari calo,Perpanjangan STNK 5 Tahunan (Ganti Plat),"stnk, panjang, samsat, ganti, plat",Positif,0.968
612,mudah dan sangat bermanfaat,Topik Tidak Relevan,Tidak Ditemukan,Positif,0.983
613,Alhamdulillah dapat informasi dari temen tentang aplikasi ini buat bayar pajak ga pake ribet harus datang ke kantor Samsat cukup di rumah ajj atau sambil kerja juga bisa namun sayangnya buat kedepannya tolong di sediakan pembayarannya lewat m banking atau bank lainnya karena saat saya mau bayar cuma bisa bayar via shopee ajj yang lainnya dari pembayaran yang tersedia semuanya loading terus,Pembayaran Pajak Kendaraan Online,"bayar, pajak, kendara, tahun, online",Positif,0.98
614,pengiriman lama dan harus di komplain dulu baru di proses,Proses dan Durasi Pengiriman STNK,"kirim, proses, stnk, tanggal, minggu",Negatif,0.867
615,sangat mudah dan membantu,Topik Tidak Relevan,Tidak Ditemukan,Positif,0.991
616,bayar pajak aja sulit error terus,Pembayaran Pajak Kendaraan Online,"bayar, pajak, kendara, tahun, online",Negatif,0.904
617,kecewa,Topik Tidak Relevan,Tidak Ditemukan,Negatif,0.664
618,karena mau ngecek pajak motor harus login segala,Pembayaran Pajak Kendaraan Online,"bayar, pajak, kendara, tahun, online",Negatif,0.929
619,dari cara pendaftarannya dipersulit harus foto ktp dan wajah segala,Rincian Biaya Administrasi dan Transaksi,"kali, daftar, biaya, transaksi, ktp",Negatif,0.992
620,padahal ktp sudah lucek jadi mau daftar gagal terus,Rincian Biaya Administrasi dan Transaksi,"kali, daftar, biaya, transaksi, ktp",Negatif,0.989
621,satset aman dan terpercaya,Topik Tidak Relevan,Tidak Ditemukan,Positif,0.999
622,semoga pelayanannya tetap optimal,Kualitas Pelayanan dan Antrean di Samsat,"layan, antri, samsat, masyarakat, respon",Positif,0.639
623,Sangat membantu dalam membayar Pajak Kendaraan,Pembayaran Pajak Kendaraan Online,"bayar, pajak, kendara, tahun, online",Positif,0.952
624,Terima Kasih kepada POLRI dan Pengembang Aplikasi,Rincian Biaya Administrasi dan Transaksi,"kali, daftar, biaya, transaksi, ktp",Positif,0.994
625,Signal mantap bagus responsip,Proses Pengurusan via Aplikasi SIGNAL,"signal, urus, samsat, digital, ambil",Positif,0.995
626,cuma kalo bisa yang pajak kaleng tahunan juga lewat signal lebih mantap lagi,Pembayaran Pajak Kendaraan Online,"bayar, pajak, kendara, tahun, online",Netral,0.841
627,Sangat memudahkan untuk perpanjangan STNK,Perpanjangan STNK 5 Tahunan (Ganti Plat),"stnk, panjang, samsat, ganti, plat",Positif,0.878
628,tinggal tunggu di rumah pak pos antar stnk sy,Layanan Pengiriman STNK ke Rumah,"rumah, langsung, kirim, stnk, samsat",Netral,0.476
629,hehehehe,Topik Tidak Relevan,Tidak Ditemukan,Netral,0.76
630,sangat membantu untuk aku yg malas ke Samsat heheh sat set pokoknya,Kualitas Pelayanan dan Antrean di Samsat,"layan, antri, samsat, masyarakat, respon",Positif,0.998
631,sangat membantuuu,Topik Tidak Relevan,Tidak Ditemukan,Positif,0.461
632,simple ga pakai ribet,Topik Tidak Relevan,Tidak Ditemukan,Positif,0.973
633,sukses ke depannya JGN Pakai error ya pak pol,Proses Pengurusan via Aplikasi SIGNAL,"signal, urus, samsat, digital, ambil",Positif,0.591
634,busukk,Topik Tidak Relevan,Tidak Ditemukan,Netral,0.502
635,keren,Topik Tidak Relevan,Tidak Ditemukan,Positif,0.898
636,cepet nyampenya cuma hari,Rincian Biaya Administrasi dan Transaksi,"kali, daftar, biaya, transaksi, ktp",Positif,0.816
637,Mudah bayar pajak dan cepat tanpa datang ke kantor samsat,Pembayaran Pajak Kendaraan Online,"bayar, pajak, kendara, tahun, online",Positif,0.984
638,Mau bayar pajak tapi kode bank dari kemaren ga muncul terus hadeh,Pembayaran Pajak Kendaraan Online,"bayar, pajak, kendara, tahun, online",Negatif,0.992
639,mana ko blm kirim lama bet udh mnggu,Proses dan Durasi Pengiriman STNK,"kirim, proses, stnk, tanggal, minggu",Negatif,0.65
640,memudahkan sekali semoga pajak tahunan bisa online jugaa,Pembayaran Pajak Kendaraan Online,"bayar, pajak, kendara, tahun, online",Netral,0.638
641,sangat merekomendasikan pake app ini,Topik Tidak Relevan,Tidak Ditemukan,Positif,0.62
642,cepat mudah dan transparan,Topik Tidak Relevan,Tidak Ditemukan,Positif,0.987
643,bagus sekarang bayar pajak jadi gak ribet buat saya yang merantau di luar daerah,Pembayaran Pajak Kendaraan Online,"bayar, pajak, kendara, tahun, online",Positif,0.965
644,transaksi dari maret stnk baru sampe juni,Proses dan Durasi Pengiriman STNK,"kirim, proses, stnk, tanggal, minggu",Negatif,0.863
645,keren banget,Topik Tidak Relevan,Tidak Ditemukan,Positif,0.952
646,kalo bisa setahun sampe,Pembayaran Pajak Kendaraan Online,"bayar, pajak, kendara, tahun, online",Netral,0.848
647,ringkas cepat dan profesional sangat membantu bagi yg tak ada waktu,Topik Tidak Relevan,Tidak Ditemukan,Positif,0.959
648,pengembangan aplikasinya mungkin sengaja dihambat kali ya,Rincian Biaya Administrasi dan Transaksi,"kali, daftar, biaya, transaksi, ktp",Negatif,0.719
649,bayar lewat signal pake bank bri gabisa,Kendala Teknis Aplikasi (Loading),"orang, sibuk, data, bayar, bank",Netral,0.688
650,nyoba pake btn bisa,Topik Tidak Relevan,Tidak Ditemukan,Netral,0.897
651,eh setelah brhasil transaksi status bayar pajaknya pun belum bayar,Pembayaran Pajak Kendaraan Online,"bayar, pajak, kendara, tahun, online",Negatif,0.993
652,tiba ada wa dari pos kalo gabiaa ngirim,Layanan Jasa Kurir Pengiriman,"pos, kirim, via, indonesia, guna",Negatif,0.956
653,suruh ke samsat buat nyetak lembar pajaknya,Perpanjangan STNK 5 Tahunan (Ganti Plat),"stnk, panjang, samsat, ganti, plat",Negatif,0.935
654,hhemm,Topik Tidak Relevan,Tidak Ditemukan,Netral,0.5
655,ruwet emang sistem pajak negara ini,Perbandingan Layanan Online vs. Kantor Samsat,"kantor, samsat, online, daerah, kota",Negatif,0.459
656,bayar pajak semakin asik pake signal masukan untuk pengelola signal tolong perbanyak kerja sama dengan bank swasta maupun bank negara dan platform dompet digital agar transaksi untuk bayar pajak lebih mudah dan bayak pilihan menjadi kepuasan tersendiri,Proses Pengurusan via Aplikasi SIGNAL,"signal, urus, samsat, digital, ambil",Netral,0.753
657,Mantapp App Signal sudah eranya digital,Proses Pengurusan via Aplikasi SIGNAL,"signal, urus, samsat, digital, ambil",Positif,0.982
658,pembayaran pjk tahunan bisa dilakukan dimana saja,Pembayaran Pajak Kendaraan Online,"bayar, pajak, kendara, tahun, online",Netral,0.688
659,sangat membantu SIGNAL Terimakasih,Proses Pengurusan via Aplikasi SIGNAL,"signal, urus, samsat, digital, ambil",Positif,0.995
660,Enak banget pake aplikasi ini jadi dipermudah semuanya Tinggal isi data konfirmasi pembayaran langang dikirim deh dokumennya gak perlu pake calo calo lagi lumayan lebih hemat berguna banget untuk anak rantau dan menghemat waktu bangettt Next kalo bisa dibuatin aplikasi untuk perpanjangan tahunan yaaa,Layanan Jasa Kurir Pengiriman,"pos, kirim, via, indonesia, guna",Positif,0.798
661,praktis dan mudah,Topik Tidak Relevan,Tidak Ditemukan,Positif,0.999
662,sangat bermanfaat bagi masyarakat khususnya saya,Kualitas Pelayanan dan Antrean di Samsat,"layan, antri, samsat, masyarakat, respon",Positif,0.803
663,adanya samsat online ini sangat membantu mantaf semoga di tingkat kan lagi yang pajak tahunan nya biar bisa online lagi nosin noka via foto,Pembayaran Pajak Kendaraan Online,"bayar, pajak, kendara, tahun, online",Positif,0.865
664,mantap sangat membantu tdk harus ke samsat,Perbandingan Layanan Online vs. Kantor Samsat,"kantor, samsat, online, daerah, kota",Positif,0.999
665,Ini pertama kalinya pakai aplikasi signal Alhamdulillah lancar saja dan STNK sudah sampai di rumah kurang lebih hari kerja semoga kedepannya bisa lebih baik lagi,Proses Pengurusan via Aplikasi SIGNAL,"signal, urus, samsat, digital, ambil",Positif,0.988
666,Mantap proses gampang,Proses dan Durasi Pengiriman STNK,"kirim, proses, stnk, tanggal, minggu",Positif,0.999
667,tinggal nunggu aslinya di kirim via jasa ke rumah,Layanan Jasa Kurir Pengiriman,"pos, kirim, via, indonesia, guna",Netral,0.938
668,pembayaran susah sinyal bgus tp bufling tolong d update,Layanan Pengiriman STNK ke Rumah,"rumah, langsung, kirim, stnk, samsat",Negatif,0.982
669,proses nya gampang dan cepat,Proses dan Durasi Pengiriman STNK,"kirim, proses, stnk, tanggal, minggu",Positif,0.993
670,Sangat membantu satu hari langsung release tanpa harus datang ke samsat dan kurang dari minggu stnk terbaru sudah sampai dirumah,Layanan Pengiriman STNK ke Rumah,"rumah, langsung, kirim, stnk, samsat",Positif,0.961
671,lambat,Topik Tidak Relevan,Tidak Ditemukan,Negatif,0.933
672,sudah bisa kirim ke alamat rumah kantor tp proses pengirimannya dari samsat lama status update minggu masih pracolecting terus pas sudah dikirim di espedisi POS juga lama,Proses dan Durasi Pengiriman STNK,"kirim, proses, stnk, tanggal, minggu",Negatif,0.985
673,tp mending ini drpd antri di samsat,Kualitas Pelayanan dan Antrean di Samsat,"layan, antri, samsat, masyarakat, respon",Positif,0.913
674,makasih SIGNAL semoga kedepannya makin baik,Proses Pengurusan via Aplikasi SIGNAL,"signal, urus, samsat, digital, ambil",Positif,0.583
675,terimakasih dengan adanya sistem online jadi mempermudah masyarakat untuk membayar pajak cuma harus sabar menunggu hasil pisiknya sekitar sebulan baru smpe rumah tp gpp yg penting sudah terkonfirmasi bahwa kendaraan tersebut sudah membayar pajak,Pembayaran Pajak Kendaraan Online,"bayar, pajak, kendara, tahun, online",Positif,0.969
676,Bagaimana registrasinya jika pemilik kendaraan sudah meninggal sudah coba unggah kutipan akta kematian gagal KTP juga gagal pakai KTP ahli waris gagal apakah harus ubah kepemilikan dulu baru bisa,Rincian Biaya Administrasi dan Transaksi,"kali, daftar, biaya, transaksi, ktp",Negatif,0.875
677,mantap pertama kali mengesahkan stnk lancar sukses terus,Perpanjangan STNK 5 Tahunan (Ganti Plat),"stnk, panjang, samsat, ganti, plat",Positif,0.999
678,klo ada kendala disuruh ke kantor samsat jadi apa fungsi SIGNAL,Proses Pengurusan via Aplikasi SIGNAL,"signal, urus, samsat, digital, ambil",Negatif,0.988
679,Saya mau bayar pajak tahunan dan kirim stnk ke alamat ketika mau bayar lewat Brimo tapi tidak ada pilihan untuk wilayah Lampung,Proses dan Durasi Pengiriman STNK,"kirim, proses, stnk, tanggal, minggu",Negatif,0.936
680,Kenapa ya Dan kritik aplikasi kurang sat set dan kayak setengah pemerintah buat aplikasi ini,Kualitas Pelayanan dan Antrean di Samsat,"layan, antri, samsat, masyarakat, respon",Negatif,0.429
681,sekarang sudah cepat respon transaksi pembayaran,Rincian Biaya Administrasi dan Transaksi,"kali, daftar, biaya, transaksi, ktp",Positif,0.726
682,.langsung diproses,Layanan Pengiriman STNK ke Rumah,"rumah, langsung, kirim, stnk, samsat",Positif,0.594
683,cuma nunggu hari dokumen sudah sanoe di rumah saya,Layanan Pengiriman STNK ke Rumah,"rumah, langsung, kirim, stnk, samsat",Positif,0.66
684,Over all,Topik Tidak Relevan,Tidak Ditemukan,Positif,0.968
685,sudah memudahkan kita dalam pembayaran pajak kendaraan dan terhindar dari pungli oknum oknum yang memanfaatkan ketidak tahuan masyarakat awam Terimakasih tim SIGNAL,Pembayaran Pajak Kendaraan Online,"bayar, pajak, kendara, tahun, online",Positif,0.996
686,Mantap betul,Topik Tidak Relevan,Tidak Ditemukan,Positif,0.969
687,Mantap keren responsif,Topik Tidak Relevan,Tidak Ditemukan,Positif,0.998
688,aplikasi yang sangat membantu dan mudah menggunakannya,Layanan Jasa Kurir Pengiriman,"pos, kirim, via, indonesia, guna",Positif,0.99
689,Hari Senin pembayaran pajak motor tahunan dan hari Rabu sudah di antar ke rumah proses sangat mudah dan cepat terimakasih team signal,Pembayaran Pajak Kendaraan Online,"bayar, pajak, kendara, tahun, online",Positif,0.917
690,jelek gak bisa bayar pajak tahun ini,Pembayaran Pajak Kendaraan Online,"bayar, pajak, kendara, tahun, online",Negatif,0.815
691,masuk kan kode pembayaran terus balasan nya ulangi transaksi anda,Rincian Biaya Administrasi dan Transaksi,"kali, daftar, biaya, transaksi, ktp",Negatif,0.719
692,respon dan pengiriman dokumen cepat,Layanan Jasa Kurir Pengiriman,"pos, kirim, via, indonesia, guna",Positif,0.727
693,Status pengiriman sulit dilacak sudah seminggu sejak pembayaran dokumen belum diterima pengiriman via pos indonesia,Layanan Jasa Kurir Pengiriman,"pos, kirim, via, indonesia, guna",Negatif,0.998
694,Harap lebih di perbaiki pelayanan aplikasinya,Kualitas Pelayanan dan Antrean di Samsat,"layan, antri, samsat, masyarakat, respon",Netral,0.717
695,pelayanan nya mudah dan cepat,Kualitas Pelayanan dan Antrean di Samsat,"layan, antri, samsat, masyarakat, respon",Positif,0.998
696,sangat membantu cepat dan lebih menghemat waktu,Topik Tidak Relevan,Tidak Ditemukan,Positif,0.999
697,bayar pajak tahunan jadi lebih mudah sekarang,Pembayaran Pajak Kendaraan Online,"bayar, pajak, kendara, tahun, online",Positif,0.76
698,mudah diakses sangat membantu.kecepatan perlu ditingkatkan,Permintaan Bantuan dan Saran Peningkatan,"bantu, tingkat, proses, samsat, rantau",Netral,0.535
699,sangat membantu buat saya yg suka di luar provinsi,Fitur dan Layanan Bantuan Aplikasi,"bikin, sistem, antar, chat, cek",Netral,0.451
700,sat set gak pk ribed,Kualitas Pelayanan dan Antrean di Samsat,"layan, antri, samsat, masyarakat, respon",Positif,0.995
701,sangat bermanfaat,Topik Tidak Relevan,Tidak Ditemukan,Positif,0.793
702,mantap proses cepat dan sangat simpel,Proses dan Durasi Pengiriman STNK,"kirim, proses, stnk, tanggal, minggu",Positif,1.0
703,terbantu dgn adanya signal,Proses Pengurusan via Aplikasi SIGNAL,"signal, urus, samsat, digital, ambil",Positif,0.97
704,sistem pengirimam eror,Fitur dan Layanan Bantuan Aplikasi,"bikin, sistem, antar, chat, cek",Negatif,0.96
705,trimakasih pemerintah sudah memudahkan kita dalam pembayaran pajak dan meminimalisir pungli,Pembayaran Pajak Kendaraan Online,"bayar, pajak, kendara, tahun, online",Positif,0.999
706,Cepat tanpa ribet lumayan oke,Topik Tidak Relevan,Tidak Ditemukan,Positif,0.997
707,sangat memudahkan,Topik Tidak Relevan,Tidak Ditemukan,Positif,0.811
708,sgt mendukung utk yg pekerja,Topik Tidak Relevan,Tidak Ditemukan,Positif,0.441
709,Sudah Sangat baik,Topik Tidak Relevan,Tidak Ditemukan,Netral,0.877
710,Dipertahankan dan ditingkatkan,Permintaan Bantuan dan Saran Peningkatan,"bantu, tingkat, proses, samsat, rantau",Positif,0.783
711,Mtrnwn,Topik Tidak Relevan,Tidak Ditemukan,Positif,0.607
712,mantap sih ini keren,Topik Tidak Relevan,Tidak Ditemukan,Positif,0.996
713,verifikasi email tidak bisa,Layanan Jasa Kurir Pengiriman,"pos, kirim, via, indonesia, guna",Negatif,0.541
714,CS hanya office hours,Kualitas Pelayanan dan Antrean di Samsat,"layan, antri, samsat, masyarakat, respon",Negatif,0.782
715,seharusnya jam dengan sistem shifting jadi jam berapapun ada kendala bisa langsung di selesaikan,Proses Pengurusan via Aplikasi SIGNAL,"signal, urus, samsat, digital, ambil",Negatif,0.547
716,masa kalah dengan aplikasi swasta,Topik Tidak Relevan,Tidak Ditemukan,Negatif,0.893
717,verifikasi email saja ribet sekali telat masuknya,Layanan Jasa Kurir Pengiriman,"pos, kirim, via, indonesia, guna",Negatif,0.973
718,saya verifikasi dibilang kadarluasa padahal di menit yang sama Saya klik,Layanan Pengiriman STNK ke Rumah,"rumah, langsung, kirim, stnk, samsat",Negatif,0.981
719,payah,Topik Tidak Relevan,Tidak Ditemukan,Negatif,0.701
720,mau verifikasi email tapi nggak ada masuk masuk emailnya gmn mau pakai aplikasinya,Layanan Jasa Kurir Pengiriman,"pos, kirim, via, indonesia, guna",Negatif,0.94
721,sangat membantu ngga perlu antri,Kualitas Pelayanan dan Antrean di Samsat,"layan, antri, samsat, masyarakat, respon",Positif,0.998
722,Sangat membantu bagi yang sibuk dan males antri,Kualitas Pelayanan dan Antrean di Samsat,"layan, antri, samsat, masyarakat, respon",Positif,0.997
723,Puas,Topik Tidak Relevan,Tidak Ditemukan,Positif,0.97
724,Mau bayar Muter terusss,Perbandingan Layanan Online vs. Kantor Samsat,"kantor, samsat, online, daerah, kota",Negatif,0.952
725,kacau gk ada kerjanya,Topik Tidak Relevan,Tidak Ditemukan,Negatif,0.694
726,tolong dipermudah lah Pak Oknum,Topik Tidak Relevan,Tidak Ditemukan,Positif,0.757
727,Cepat di terima,Topik Tidak Relevan,Tidak Ditemukan,Positif,0.978
728,mempermudah mantabbb,Topik Tidak Relevan,Tidak Ditemukan,Positif,0.981
729,Stiker hologramnya belum dikirim,Proses dan Durasi Pengiriman STNK,"kirim, proses, stnk, tanggal, minggu",Negatif,0.961
730,Sangat membantu ya,Topik Tidak Relevan,Tidak Ditemukan,Positif,0.939
731,Semoga semakin berkembang lagi,Rincian Biaya Administrasi dan Transaksi,"kali, daftar, biaya, transaksi, ktp",Netral,0.942
732,sejauh ini bagus tidak ada kendala,Proses Pengurusan via Aplikasi SIGNAL,"signal, urus, samsat, digital, ambil",Positif,0.727
733,semoga kedepan dokumenya bisa diantar melului kantor pos atau ekpedisi lainnya,Layanan Jasa Kurir Pengiriman,"pos, kirim, via, indonesia, guna",Netral,0.962
734,tidak bisa proses pendaftaran,Rincian Biaya Administrasi dan Transaksi,"kali, daftar, biaya, transaksi, ktp",Negatif,0.801
735,lama pengiriman tidak ada info dari aplikasi,Proses dan Durasi Pengiriman STNK,"kirim, proses, stnk, tanggal, minggu",Negatif,0.664
736,Alhamdulillah semenjak menggunakan signal bayar pajak jadi lebih mudah dan bisa di akses di mana saja,Pembayaran Pajak Kendaraan Online,"bayar, pajak, kendara, tahun, online",Positif,1.0
737,nggak bisa buka opsi kirim dokumen ke rumah tidak tersedia mulu,Layanan Pengiriman STNK ke Rumah,"rumah, langsung, kirim, stnk, samsat",Negatif,0.928
738,tetep ambil sendiri intuk antk fisikny itu kenapa ya nggak tau erorr atau knpaa,Perbandingan Layanan Online vs. Kantor Samsat,"kantor, samsat, online, daerah, kota",Negatif,0.951
739,sudah bisaaaaa setelah beberapa kali gagal sip lah tapi aku kasih bintang dulu,Rincian Biaya Administrasi dan Transaksi,"kali, daftar, biaya, transaksi, ktp",Negatif,0.658
740,sistem signal lagi ada masalah apa gimana sehingga g bisa lacak paket,Proses Pengurusan via Aplikasi SIGNAL,"signal, urus, samsat, digital, ambil",Netral,0.617
741,pengiriman cepat tp tidak bisa langsung bayar x tunggakan,Layanan Pengiriman STNK ke Rumah,"rumah, langsung, kirim, stnk, samsat",Positif,0.88
742,klo boleh ada pilihan untuk yang ingin bayar langsung tahun atau lebih,Layanan Pengiriman STNK ke Rumah,"rumah, langsung, kirim, stnk, samsat",Netral,0.767
743,ok pengiriman juga cepat sampai rumah,Layanan Pengiriman STNK ke Rumah,"rumah, langsung, kirim, stnk, samsat",Positif,0.931
744,tingkatkan terus untuk kebaikan dan perubahan Indonesia tanpa korupsi,Permintaan Bantuan dan Saran Peningkatan,"bantu, tingkat, proses, samsat, rantau",Netral,0.97
745,praktis sekarang bayar pajak kendaraan cukup online dan STNK dikirim ke alamat rumah,Pembayaran Pajak Kendaraan Online,"bayar, pajak, kendara, tahun, online",Positif,0.924
746,saran nya supaya pengiriman nya lebih cepat lagi hehe dan tracking delivery POS nya update,Layanan Jasa Kurir Pengiriman,"pos, kirim, via, indonesia, guna",Netral,0.91
747,thanks SIGNAL,Proses Pengurusan via Aplikasi SIGNAL,"signal, urus, samsat, digital, ambil",Positif,0.962
748,terima kasih dan tingkatkan lagi,Permintaan Bantuan dan Saran Peningkatan,"bantu, tingkat, proses, samsat, rantau",Positif,0.775
749,cukup baik,Topik Tidak Relevan,Tidak Ditemukan,Netral,0.877
750,Terpercaya dan benar dan sangat membantu dlm hal aktifitas sedang berjln,Topik Tidak Relevan,Tidak Ditemukan,Positif,0.999
751,Kenapa jenis pengiriman nya tidak bisa di klik,Layanan Pengiriman STNK ke Rumah,"rumah, langsung, kirim, stnk, samsat",Negatif,0.979
752,beberapa hari ini kode pembayaran online error,Pembayaran Pajak Kendaraan Online,"bayar, pajak, kendara, tahun, online",Negatif,0.973
753,daftar smpai berulang ttp tidak bisa di bayar,Rincian Biaya Administrasi dan Transaksi,"kali, daftar, biaya, transaksi, ktp",Negatif,0.905
754,tolong perbaiki,Topik Tidak Relevan,Tidak Ditemukan,Netral,0.903
755,cepat tanpa ribet,Topik Tidak Relevan,Tidak Ditemukan,Positif,0.98
756,sangat membantu tp utk menu pilihan pengiriman segera diaktifkan biar bisa pengiriman ke alamat wajib pajak,Proses dan Durasi Pengiriman STNK,"kirim, proses, stnk, tanggal, minggu",Negatif,0.461
757,tambahan biayanya besar,Rincian Biaya Administrasi dan Transaksi,"kali, daftar, biaya, transaksi, ktp",Netral,0.551
758,Prosesnya sampai payment nya memang gampang sangat memudahkan tapi untuk diserahkan ke POS nya suangat lamaaaaa berbulan bulan,Proses dan Durasi Pengiriman STNK,"kirim, proses, stnk, tanggal, minggu",Negatif,0.94
759,kalo lama mending jangan di adain online deh khususnya TASIKMALAYA prosesnya sangat lambat sekali,Proses dan Durasi Pengiriman STNK,"kirim, proses, stnk, tanggal, minggu",Negatif,0.858
760,mending nyuruh orang buat perpanjang STNK offline dari pada payment cepet tapi prosesnya berabad abad,Kendala Teknis Aplikasi (Loading),"orang, sibuk, data, bayar, bank",Negatif,0.958
761,Proses cepat aman dan mudah,Proses dan Durasi Pengiriman STNK,"kirim, proses, stnk, tanggal, minggu",Positif,0.997
762,meringankan antrian jarak jauh,Kualitas Pelayanan dan Antrean di Samsat,"layan, antri, samsat, masyarakat, respon",Positif,0.988
763,sangat membantu tidak ribet ngurus SIM,Proses Pengurusan via Aplikasi SIGNAL,"signal, urus, samsat, digital, ambil",Positif,0.991
764,pengiriman agak lama,Proses dan Durasi Pengiriman STNK,"kirim, proses, stnk, tanggal, minggu",Negatif,0.641
765,nunggu agak lama dari tanggal SD tanggal baru sampe tapi memudahkan si ga perlu ke Samsat dirumah aja udah langsung Dateng padahal kirimnya ke beda kabupaten,Layanan Pengiriman STNK ke Rumah,"rumah, langsung, kirim, stnk, samsat",Netral,0.55
766,proses cepat enggak ribet STNK di kirim langsung ke rumah,Layanan Pengiriman STNK ke Rumah,"rumah, langsung, kirim, stnk, samsat",Positif,0.982
767,Alhamdulillah coba bayar pajak tahunan via aplikasi ini berhasil dan mudah,Pembayaran Pajak Kendaraan Online,"bayar, pajak, kendara, tahun, online",Positif,0.979
768,Tekaes,Topik Tidak Relevan,Tidak Ditemukan,Netral,0.504
769,aplikasi sangat bermanfaat bayar pajak gak harus ngantri di lokasi terima kasih,Pembayaran Pajak Kendaraan Online,"bayar, pajak, kendara, tahun, online",Positif,0.992
770,mantaap,Topik Tidak Relevan,Tidak Ditemukan,Positif,0.979
771,mempermudah byr pajak,Perbandingan Layanan Online vs. Kantor Samsat,"kantor, samsat, online, daerah, kota",Positif,0.796
772,sangat memabantu,Topik Tidak Relevan,Tidak Ditemukan,Positif,0.471
773,kalau bisa semua pelayanan publik bisa di akses dan di selesaikan melalui aplikasi saat ini apps signal sudah cukup baik utk pelayanan pembayaran pajak tahunan semoga lebih baik lagi kedepan nya,Proses Pengurusan via Aplikasi SIGNAL,"signal, urus, samsat, digital, ambil",Negatif,0.485
774,SETELAH PEMBAYARAN MAKA AKAN MUNCUL GAMBAR STNK YANG BARU ALANGKAH BAIKNYA BISA DIDOWNLOAD AGAR BISA DI PRINT DALAM GAMBAR KUALITAS HD JELAS TAJAM,Kendala Teknis Aplikasi (Loading),"orang, sibuk, data, bayar, bank",Negatif,0.894
775,memudahkan membayar pajak sangat effisien bagi saya yg bekerja d luar negeri,Pembayaran Pajak Kendaraan Online,"bayar, pajak, kendara, tahun, online",Positif,0.772
776,sngat membantu dn mempermudh plyanan,Topik Tidak Relevan,Tidak Ditemukan,Positif,0.997
777,sangat membantu dalam pembayaran pajak kendaraan,Pembayaran Pajak Kendaraan Online,"bayar, pajak, kendara, tahun, online",Positif,0.952
778,semoga kedepannya dpt sticker hologram buat ditempel dilembar validasi stnk biar gak perlu dateng ke samsat hanya utk sekedar validasi lagi kan udah e samsat masa iya msh harus validasi manual jd rasanya seperti percuma aja byr via e samsat signal cukup sekian terimakasih,Proses Pengurusan via Aplikasi SIGNAL,"signal, urus, samsat, digital, ambil",Netral,0.931
779,good job proses mudah dan cepat,Proses dan Durasi Pengiriman STNK,"kirim, proses, stnk, tanggal, minggu",Positif,1.0
780,cepet prosesnya,Proses dan Durasi Pengiriman STNK,"kirim, proses, stnk, tanggal, minggu",Positif,0.843
781,keren ngak perlu lagi antri di samsat,Kualitas Pelayanan dan Antrean di Samsat,"layan, antri, samsat, masyarakat, respon",Positif,0.999
782,sip ok,Topik Tidak Relevan,Tidak Ditemukan,Positif,0.702
783,sudah kali mengurus STNK secara online Tidak perlu ngantri dan cepat selesai di antar sampai rumah terimakasih,Perpanjangan STNK 5 Tahunan (Ganti Plat),"stnk, panjang, samsat, ganti, plat",Positif,0.999
784,bagus gk pelu repot ngantri,Kualitas Pelayanan dan Antrean di Samsat,"layan, antri, samsat, masyarakat, respon",Positif,1.0
785,sangat membantu pengiriman juga cepat,Proses dan Durasi Pengiriman STNK,"kirim, proses, stnk, tanggal, minggu",Positif,0.98
786,kurang lengkap ya untuk pembayaran pajak sudah di jelas kan tapi untuk plat nomor nya tidak bisa ya tolong bantu ya trimakasih,Perpanjangan STNK 5 Tahunan (Ganti Plat),"stnk, panjang, samsat, ganti, plat",Netral,0.681
787,Alhamdulillah terbantu oleh apps signal,Proses Pengurusan via Aplikasi SIGNAL,"signal, urus, samsat, digital, ambil",Positif,1.0
788,pengiriman lama dri tgl juni padalah pilih pengantaran yg express baru dtg tgl,Proses dan Durasi Pengiriman STNK,"kirim, proses, stnk, tanggal, minggu",Negatif,0.978
789,solusi membayar pajak tanpa antri,Pembayaran Pajak Kendaraan Online,"bayar, pajak, kendara, tahun, online",Positif,0.83
790,proses cepat dan lengkap,Proses dan Durasi Pengiriman STNK,"kirim, proses, stnk, tanggal, minggu",Positif,0.559
791,sangat membantu untuk bayar Pajak yang setahun sekali,Pembayaran Pajak Kendaraan Online,"bayar, pajak, kendara, tahun, online",Positif,0.691
792,semoga kedepannya bisa bayar pajak yang tahun sekali ganti plat,Pembayaran Pajak Kendaraan Online,"bayar, pajak, kendara, tahun, online",Netral,0.99
793,terus untuk gesek no rangka di Samsat terdekat,Perpanjangan STNK 5 Tahunan (Ganti Plat),"stnk, panjang, samsat, ganti, plat",Negatif,0.487
794,mempermudah bayar pajak secara online pertahankan kinerja yang baik dan tingkatkan lebih baik lagi,Pembayaran Pajak Kendaraan Online,"bayar, pajak, kendara, tahun, online",Positif,0.974
795,proses cepat sngat membatu orang yg lg diluar daerah bisa byr kpn aja dan dkrim je rumah,Perbandingan Layanan Online vs. Kantor Samsat,"kantor, samsat, online, daerah, kota",Positif,0.986
796,Mau mudah tanpa menghabiskan waktu di Samsat Aplikasi Signal paling tepat,Layanan Pengiriman STNK ke Rumah,"rumah, langsung, kirim, stnk, samsat",Positif,0.499
797,Terlalu mudah utk dipergunakan,Layanan Jasa Kurir Pengiriman,"pos, kirim, via, indonesia, guna",Positif,0.764
798,klw bisa kasih waktunya jangan jam.parah jam mah,Proses Pengurusan via Aplikasi SIGNAL,"signal, urus, samsat, digital, ambil",Netral,0.73
799,aplikasi SIGnal sudah bisa dipakai dg normal tetap jaga kwalitas dan kawantitas,Proses Pengurusan via Aplikasi SIGNAL,"signal, urus, samsat, digital, ambil",Positif,0.403
800,moga dapat layanan cepat ramah dan jelas,Kualitas Pelayanan dan Antrean di Samsat,"layan, antri, samsat, masyarakat, respon",Positif,0.745
801,Pengiriman lama tidak professional,Proses dan Durasi Pengiriman STNK,"kirim, proses, stnk, tanggal, minggu",Negatif,0.848
802,Mudah tidak ribet seperti bayar manual,Pembayaran Pajak Kendaraan Online,"bayar, pajak, kendara, tahun, online",Positif,0.928
803,Error pada saat ngisi jenis pengiriman,Proses dan Durasi Pengiriman STNK,"kirim, proses, stnk, tanggal, minggu",Negatif,0.99
804,bayar pajak tanpa ribet dari rumah aja semoga bayar tahunan juga bisa online sukses signal,Pembayaran Pajak Kendaraan Online,"bayar, pajak, kendara, tahun, online",Positif,0.952
805,Sangat memudahkan di tengah gempuran era modern yang serba sibuk saat ini apalagi bagi pekerja pengusaha karyawan dll cukup dari Rumah atau dari Kantor tempat kerja atau lagi diperjalanan,Kendala Teknis Aplikasi (Loading),"orang, sibuk, data, bayar, bank",Positif,0.911
806,Sehingga tidak takut lagi terlambat bayar pajak kendaraan,Pembayaran Pajak Kendaraan Online,"bayar, pajak, kendara, tahun, online",Negatif,0.971
807,saya mau bayar pajak kendaraan bermotor tapi saat pilih metode pembayaran kenapa ya selalu buffering kecepatan internet saya sudah up to mbps apakah masih kurang sudah saya coba berulang ulang dan secara berkala namun tetap sama saja bagaimana solusinya,Pembayaran Pajak Kendaraan Online,"bayar, pajak, kendara, tahun, online",Negatif,0.525
808,udah thn perpanjang pajak pake ini mantep proses cepet,Pembayaran Pajak Kendaraan Online,"bayar, pajak, kendara, tahun, online",Positif,0.874
809,Aplikasi gak jelas Gak bisa digunain,Topik Tidak Relevan,Tidak Ditemukan,Negatif,0.972
810,bayar pajak jd praktis,Pembayaran Pajak Kendaraan Online,"bayar, pajak, kendara, tahun, online",Positif,0.976
811,mudah murah cepat,Topik Tidak Relevan,Tidak Ditemukan,Positif,0.971
812,bisa sambiL rebahan,Proses Pengurusan via Aplikasi SIGNAL,"signal, urus, samsat, digital, ambil",Positif,0.848
813,KTP sudah diperbarui jadi seumur hidup,Rincian Biaya Administrasi dan Transaksi,"kali, daftar, biaya, transaksi, ktp",Netral,0.929
814,tapi tetap tidak bisa digunakan,Layanan Jasa Kurir Pengiriman,"pos, kirim, via, indonesia, guna",Netral,0.564
815,katanya gak update datanya,Kendala Teknis Aplikasi (Loading),"orang, sibuk, data, bayar, bank",Netral,0.737
816,disuruh ke kelurahan atau disdukcapil,Perpanjangan STNK 5 Tahunan (Ganti Plat),"stnk, panjang, samsat, ganti, plat",Negatif,0.983
817,masalahnya apa ya,Proses Pengurusan via Aplikasi SIGNAL,"signal, urus, samsat, digital, ambil",Negatif,0.565
818,daftar pengesahan gagal trus,Rincian Biaya Administrasi dan Transaksi,"kali, daftar, biaya, transaksi, ktp",Negatif,0.996
819,Mantap tanpa pungli,Topik Tidak Relevan,Tidak Ditemukan,Positif,0.997
820,dimudahkan dengan aplikasi signal ini klo bisa mah yg tahun jg bisa secara online dan untuk plat nya bisa diambil di samsat domisili terdekat ini untuk kita yg stnk n domisilinya jauh,Perpanjangan STNK 5 Tahunan (Ganti Plat),"stnk, panjang, samsat, ganti, plat",Netral,0.563
821,mohon tingkat kan fitur,Permintaan Bantuan dan Saran Peningkatan,"bantu, tingkat, proses, samsat, rantau",Netral,0.99
822,nungguin verifikasi lama bgt di jam pagi apa iya dI LuAr JAM oPerSiOnAL takut kena scam soalnya udah kirim data,Proses Pengurusan via Aplikasi SIGNAL,"signal, urus, samsat, digital, ambil",Negatif,0.969
823,mantap cepat,Topik Tidak Relevan,Tidak Ditemukan,Positif,0.997
824,mungkin dari cs harus lebih gercep,Kualitas Pelayanan dan Antrean di Samsat,"layan, antri, samsat, masyarakat, respon",Netral,0.628
825,sangat membantu dan memudahkan untuk taat pajak,Pembayaran Pajak Kendaraan Online,"bayar, pajak, kendara, tahun, online",Positif,0.989
826,aplikasi yang sangat membantu,Topik Tidak Relevan,Tidak Ditemukan,Positif,0.927
827,Apps top sangat membantu,Topik Tidak Relevan,Tidak Ditemukan,Positif,0.999
828,saya minta proses dikirim ke alamat ee ujung nya yg elektronik terus itu ongkos kirim dokumen buat apa,Proses dan Durasi Pengiriman STNK,"kirim, proses, stnk, tanggal, minggu",Negatif,0.796
829,gak pake antri gak pake drama top tapi pengiriman lumayan lama,Kualitas Pelayanan dan Antrean di Samsat,"layan, antri, samsat, masyarakat, respon",Positif,0.729
830,semoga bisa di persingkat lagi waktu pengiriman jadi hari sampai,Proses dan Durasi Pengiriman STNK,"kirim, proses, stnk, tanggal, minggu",Netral,0.943
831,sipp,Topik Tidak Relevan,Tidak Ditemukan,Positif,0.702
832,jd gk ngantri lg,Kualitas Pelayanan dan Antrean di Samsat,"layan, antri, samsat, masyarakat, respon",Positif,0.982
833,coba ada aplikasinya yg utk byr th y,Perbandingan Layanan Online vs. Kantor Samsat,"kantor, samsat, online, daerah, kota",Netral,0.918
834,bagus simpel tanpa ribet masukan lebih di tingkatkan untuk waktu pengiriman,Layanan Jasa Kurir Pengiriman,"pos, kirim, via, indonesia, guna",Positif,0.997
835,mudah cepat dan praktis lanjutkan,Permintaan Bantuan dan Saran Peningkatan,"bantu, tingkat, proses, samsat, rantau",Positif,1.0
836,Good Job,Topik Tidak Relevan,Tidak Ditemukan,Positif,0.999
837,lambat padahal dari kantor pos mah cepet,Layanan Jasa Kurir Pengiriman,"pos, kirim, via, indonesia, guna",Negatif,0.921
838,tertahan di kantor samsatnya terlalu lama,Perbandingan Layanan Online vs. Kantor Samsat,"kantor, samsat, online, daerah, kota",Negatif,0.8
839,lumayan lama juga ya pengiriman nya ngga tau nyangkut dimana dulu tapi Alhamdulillah udah nyampe,Perbandingan Layanan Online vs. Kantor Samsat,"kantor, samsat, online, daerah, kota",Negatif,0.943
840,Sangat baik,Topik Tidak Relevan,Tidak Ditemukan,Netral,0.877
841,hallo aku abis ngubah nama kendaraan tapi ga bisa masuk ke app signal nya dan masih tertera pemilik lama cara ngubah ke pemilik baru nya gimana ya ngaruh ga ya pas bayar pajak mohon di bantu jawab min terimakasih,Layanan Pengiriman STNK ke Rumah,"rumah, langsung, kirim, stnk, samsat",Negatif,0.559
842,terpercaya dan membantu untuk perpanjangan kondisi kita jauh di luar kota .terimakasih untuk signal,Perbandingan Layanan Online vs. Kantor Samsat,"kantor, samsat, online, daerah, kota",Positif,0.999
843,cepat dan aman,Topik Tidak Relevan,Tidak Ditemukan,Positif,0.973
844,seneng banget ngurus pajak cepet tanpa ngantri,Kualitas Pelayanan dan Antrean di Samsat,"layan, antri, samsat, masyarakat, respon",Positif,0.996
845,bayar pajak lewat aplikasi bulan ga d kirim dokumen,Proses dan Durasi Pengiriman STNK,"kirim, proses, stnk, tanggal, minggu",Negatif,0.912
846,sudah konplen lewat chat lewat email gtu aja berbelit,Fitur dan Layanan Bantuan Aplikasi,"bikin, sistem, antar, chat, cek",Negatif,0.811
847,klo blm siap pake aplikasi ngapain d afain aplikasi kaya gini,Topik Tidak Relevan,Tidak Ditemukan,Negatif,0.965
848,bikin pusing aja,Fitur dan Layanan Bantuan Aplikasi,"bikin, sistem, antar, chat, cek",Negatif,0.949
849,muanteeep banget,Topik Tidak Relevan,Tidak Ditemukan,Positif,0.738
850,proses dan pengiriman lama meskipun masih dalam satu kota,Proses dan Durasi Pengiriman STNK,"kirim, proses, stnk, tanggal, minggu",Negatif,0.64
851,bagus sekali dan sangat membantu thanks,Topik Tidak Relevan,Tidak Ditemukan,Positif,0.999
852,Sangat mudah cepat tidak perlu ribet antre,Topik Tidak Relevan,Tidak Ditemukan,Positif,0.998
853,sangat membantu bagi yg tinggal di perantauan,Permintaan Bantuan dan Saran Peningkatan,"bantu, tingkat, proses, samsat, rantau",Positif,0.99
854,sat set,Kualitas Pelayanan dan Antrean di Samsat,"layan, antri, samsat, masyarakat, respon",Positif,0.992
855,aku kasi dulu jika di daerah kami Ter daftar juga dan bisa di oprasikan ku kasi nintang,Rincian Biaya Administrasi dan Transaksi,"kali, daftar, biaya, transaksi, ktp",Negatif,0.691
856,saya bayar pengantaran ekspres tapi baru sampai minggu kemudian,Proses dan Durasi Pengiriman STNK,"kirim, proses, stnk, tanggal, minggu",Negatif,0.942
857,stnk saya tidak dikirim,Proses dan Durasi Pengiriman STNK,"kirim, proses, stnk, tanggal, minggu",Negatif,0.89
858,mempermudah untuk pembayaran pajak walaupun di luar daerah dan terhindar dari pungli,Perbandingan Layanan Online vs. Kantor Samsat,"kantor, samsat, online, daerah, kota",Positif,0.982
859,sangat baik dan sangat membantu untuk kita yang malas ngurus ngurus kekantor,Proses Pengurusan via Aplikasi SIGNAL,"signal, urus, samsat, digital, ambil",Positif,0.93
860,mohon dibantu aplikasi tdk bisa melakukan klik pilih Samsat dan jenis pengiriman,Layanan Pengiriman STNK ke Rumah,"rumah, langsung, kirim, stnk, samsat",Negatif,0.793
861,terimakasih sangat mudah dan cepat,Topik Tidak Relevan,Tidak Ditemukan,Positif,0.998
862,sudah mingg pembayaran tapi stnk tidak dikirim,Proses dan Durasi Pengiriman STNK,"kirim, proses, stnk, tanggal, minggu",Negatif,0.928
863,berguna dan berhasil kirim ke rumah,Layanan Jasa Kurir Pengiriman,"pos, kirim, via, indonesia, guna",Positif,0.468
864,aplikasi lumayan membantu tapi masih banyak yang harus di perbaiki dari aplikasi ini,Topik Tidak Relevan,Tidak Ditemukan,Positif,0.882
865,kepada deplover pembuat aplikasi tolong di perbaiki lagi ini,Fitur dan Layanan Bantuan Aplikasi,"bikin, sistem, antar, chat, cek",Netral,0.83
866,untuk masukan data baru ga bisa,Kendala Teknis Aplikasi (Loading),"orang, sibuk, data, bayar, bank",Netral,0.604
867,Good,Topik Tidak Relevan,Tidak Ditemukan,Positif,0.983
868,garcep,Topik Tidak Relevan,Tidak Ditemukan,Positif,0.659
869,NGESELIN BNGT SIH FACE RECOGNITION NYA,Topik Tidak Relevan,Tidak Ditemukan,Negatif,0.986
870,YG BIKIN BLOON APA GMNA,Fitur dan Layanan Bantuan Aplikasi,"bikin, sistem, antar, chat, cek",Negatif,0.968
871,sangat membantu sekali sudah beberapa kali saya menggunakan Aplikasi ini Good Job,Rincian Biaya Administrasi dan Transaksi,"kali, daftar, biaya, transaksi, ktp",Positif,0.993
872,sangat membantu untuk melakukan pembayaran pajak kendaraan tapi khusus untuk atas nama sendiri,Pembayaran Pajak Kendaraan Online,"bayar, pajak, kendara, tahun, online",Positif,0.872
873,keren g hrus antri dan bsa dimna saja tinggl tunggu dirmh stnk jdi,Layanan Pengiriman STNK ke Rumah,"rumah, langsung, kirim, stnk, samsat",Positif,0.999
874,layanan samsat cianjur lambat udah minggu STNK saya gak di kirim,Proses dan Durasi Pengiriman STNK,"kirim, proses, stnk, tanggal, minggu",Negatif,0.998
875,mempermudah,Topik Tidak Relevan,Tidak Ditemukan,Positif,0.883
876,aplikasi yg sangat membantu layanan pengaduannya pun fast respon,Kualitas Pelayanan dan Antrean di Samsat,"layan, antri, samsat, masyarakat, respon",Positif,0.899
877,Lama sampainya,Topik Tidak Relevan,Tidak Ditemukan,Negatif,0.546
878,cara pembayarannya tidak muncul loadingnya lama sampe batas waktu pembayaran habis belum bisa bayar karena masih loading,Kendala Teknis Aplikasi (Loading),"orang, sibuk, data, bayar, bank",Negatif,0.974
879,pengesahan STNK tidak berhasil terus,Perpanjangan STNK 5 Tahunan (Ganti Plat),"stnk, panjang, samsat, ganti, plat",Negatif,0.84
880,melayani sepenuh hati,Kualitas Pelayanan dan Antrean di Samsat,"layan, antri, samsat, masyarakat, respon",Positif,0.856
881,mempermudahkan bayar,Pembayaran Pajak Kendaraan Online,"bayar, pajak, kendara, tahun, online",Positif,0.858
882,mantep mudah gercep aman,Topik Tidak Relevan,Tidak Ditemukan,Positif,0.999
883,mending tutup aplikasi nya,Topik Tidak Relevan,Tidak Ditemukan,Negatif,0.941
884,eror mulu,Topik Tidak Relevan,Tidak Ditemukan,Negatif,0.997
885,pelayanan lambat,Kualitas Pelayanan dan Antrean di Samsat,"layan, antri, samsat, masyarakat, respon",Negatif,0.927
886,kirain bayar dengan metode online lebih efektif tau nya malah makin parah dan menjadi jadi,Perbandingan Layanan Online vs. Kantor Samsat,"kantor, samsat, online, daerah, kota",Netral,0.427
887,ada ongkir tapi lemot banget gak dikirim kirim bug dimana mana user test dulu kalo mau di up ke public gak asal asalan bikin aplikasi,Proses dan Durasi Pengiriman STNK,"kirim, proses, stnk, tanggal, minggu",Negatif,0.999
888,mantap signal samsat digital POLRI sangat membantu dan mempermudah taat pajak kendaraan,Proses Pengurusan via Aplikasi SIGNAL,"signal, urus, samsat, digital, ambil",Positif,1.0
889,knpa app nya tidak bisa digunakan untuk mendaftarkan pengesahan STNK,Rincian Biaya Administrasi dan Transaksi,"kali, daftar, biaya, transaksi, ktp",Negatif,0.993
890,Aplikasi ini memberikan solusi efektif bagi masyarakat dengan mobilitas tinggi khususnya yang bekerja di luar kota,Perbandingan Layanan Online vs. Kantor Samsat,"kantor, samsat, online, daerah, kota",Positif,0.695
891,Melalui layanan pembayaran pajak kendaraan yang cepat dan aman proses administrasi menjadi lebih efisien tanpa mengganggu aktivitas sehari hari,Pembayaran Pajak Kendaraan Online,"bayar, pajak, kendara, tahun, online",Positif,0.989
892,sangat bagus sangat membantu,Topik Tidak Relevan,Tidak Ditemukan,Positif,0.989
893,Pelayanan memuaskan,Kualitas Pelayanan dan Antrean di Samsat,"layan, antri, samsat, masyarakat, respon",Positif,0.981
894,sangat membantu aplikasi signal untuk pembayaran pajak yang mudah,Pembayaran Pajak Kendaraan Online,"bayar, pajak, kendara, tahun, online",Positif,0.991
895,mantaps sangat membantu,Topik Tidak Relevan,Tidak Ditemukan,Positif,0.993
896,cepet selesai,Proses dan Durasi Pengiriman STNK,"kirim, proses, stnk, tanggal, minggu",Positif,0.967
897,proses mudah dan pengirimannya pun cepat,Proses dan Durasi Pengiriman STNK,"kirim, proses, stnk, tanggal, minggu",Positif,0.97
898,aplikasi gk jelas tinggal bayar tp gagal mulu,Pembayaran Pajak Kendaraan Online,"bayar, pajak, kendara, tahun, online",Negatif,0.996
899,kalau bisa perpanjang pajak tahunan sklian tks,Pembayaran Pajak Kendaraan Online,"bayar, pajak, kendara, tahun, online",Netral,0.687
900,Manado nggk masuk daftar wil pembayaran pajak online,Pembayaran Pajak Kendaraan Online,"bayar, pajak, kendara, tahun, online",Negatif,0.9
901,pembayaran sudah tinggal nunggu pengiriman sudah hari stnk tidak di kirim pengaduan juga ga membantu respon lambat,Proses dan Durasi Pengiriman STNK,"kirim, proses, stnk, tanggal, minggu",Negatif,0.973
902,Nggak berguna nggak bisa lihat kode bayar,Pembayaran Pajak Kendaraan Online,"bayar, pajak, kendara, tahun, online",Netral,0.482
903,Baik sangat memuaskan,Topik Tidak Relevan,Tidak Ditemukan,Netral,0.59
904,dan puas dengan pelayanannya,Kualitas Pelayanan dan Antrean di Samsat,"layan, antri, samsat, masyarakat, respon",Positif,0.992
905,update lagi hari sabtu jam siang transaksi dan sukses progres,Rincian Biaya Administrasi dan Transaksi,"kali, daftar, biaya, transaksi, ktp",Netral,0.615
906,status pra colecting,Proses dan Durasi Pengiriman STNK,"kirim, proses, stnk, tanggal, minggu",Negatif,0.991
907,dan sampai hari ini sabtu harian statusnya masih pra colecting,Rincian Biaya Administrasi dan Transaksi,"kali, daftar, biaya, transaksi, ktp",Negatif,0.998
908,saya ga tau kendalanya di samsat atau di pt pos Indonesia,Layanan Jasa Kurir Pengiriman,"pos, kirim, via, indonesia, guna",Negatif,0.9
909,tolong diperbaiki sistemnya,Fitur dan Layanan Bantuan Aplikasi,"bikin, sistem, antar, chat, cek",Netral,0.946
910,olshop aja luar provinsi hari bisa sampe kok,Fitur dan Layanan Bantuan Aplikasi,"bikin, sistem, antar, chat, cek",Negatif,0.84
911,kita bisa bayar pajak dari rumah proses cepat signal keren,Pembayaran Pajak Kendaraan Online,"bayar, pajak, kendara, tahun, online",Positif,0.985
912,tidak memberikan solusi sudah bayar tapi belum terbit stnk pengesahan uang hangus bgtu aja,Kendala Teknis Aplikasi (Loading),"orang, sibuk, data, bayar, bank",Negatif,0.99
913,niat hati ingin taat bayar pajak tapi pembayaran via bank gagal terus sudah coba pakai mandiri dan BRI tetap gagal,Pembayaran Pajak Kendaraan Online,"bayar, pajak, kendara, tahun, online",Negatif,0.993
914,mau Ndak mau akhirnya langsung ke Samsat,Layanan Pengiriman STNK ke Rumah,"rumah, langsung, kirim, stnk, samsat",Negatif,0.965
915,sudah berpuluh kali coba namun tetap gak bisa pilih jenis pengiriman,Proses dan Durasi Pengiriman STNK,"kirim, proses, stnk, tanggal, minggu",Negatif,0.566
916,buruk bgt masa stnk fisik ga dikirim udh lewat berbulan bulan,Proses dan Durasi Pengiriman STNK,"kirim, proses, stnk, tanggal, minggu",Negatif,0.999
917,giliran ke samsat katanya blm bayar pdhl di apk udh bayar,Kendala Teknis Aplikasi (Loading),"orang, sibuk, data, bayar, bank",Negatif,0.974
918,pelayanan yg sangat oke bayar pajak kendaraan tingal tunggu di rumah berkas sampai terimakasih signal,Pembayaran Pajak Kendaraan Online,"bayar, pajak, kendara, tahun, online",Positif,0.997
919,jos sangat memudahkan untuk bayar pajak,Pembayaran Pajak Kendaraan Online,"bayar, pajak, kendara, tahun, online",Positif,0.984
920,polisi kerjanya ngapain sihh ini hari senin lohh pas chat live malah agent kami tidak berada di tempat semua terus gunanya aplikasi ini apaa,Fitur dan Layanan Bantuan Aplikasi,"bikin, sistem, antar, chat, cek",Negatif,0.995
921,Ga pake ribet antri di loket,Kualitas Pelayanan dan Antrean di Samsat,"layan, antri, samsat, masyarakat, respon",Positif,0.991
922,Sat set,Kualitas Pelayanan dan Antrean di Samsat,"layan, antri, samsat, masyarakat, respon",Positif,0.992
923,jadi deh,Topik Tidak Relevan,Tidak Ditemukan,Positif,0.706
924,bagus respon transaksi cepat,Rincian Biaya Administrasi dan Transaksi,"kali, daftar, biaya, transaksi, ktp",Positif,0.992
925,stnk punya saya sudah sampai,Perpanjangan STNK 5 Tahunan (Ganti Plat),"stnk, panjang, samsat, ganti, plat",Negatif,0.705
926,dari samsat kota medan ke jawa timur kab kediri sangat memudahkan masyarat sekali,Perbandingan Layanan Online vs. Kantor Samsat,"kantor, samsat, online, daerah, kota",Positif,0.973
927,mempermudah kami tanpa harus datang offline,Kendala Teknis Aplikasi (Loading),"orang, sibuk, data, bayar, bank",Positif,0.563
928,sangat dimudahkan perhatikan jam jam buat transfer supaya cepat masuk transfernya .makasih pak pol,Proses Pengurusan via Aplikasi SIGNAL,"signal, urus, samsat, digital, ambil",Netral,0.77
929,Mantab makin cepat,Topik Tidak Relevan,Tidak Ditemukan,Positif,0.998
930,aplikasi lemot buat vermuk aja susah,Fitur dan Layanan Bantuan Aplikasi,"bikin, sistem, antar, chat, cek",Negatif,0.996
931,ketika klik cara pembayaran malah muter muter ga jelas,Perbandingan Layanan Online vs. Kantor Samsat,"kantor, samsat, online, daerah, kota",Negatif,0.998
932,di Jak one ada menu signal tapi enggak bisa melulu,Proses Pengurusan via Aplikasi SIGNAL,"signal, urus, samsat, digital, ambil",Negatif,0.632
933,saran untuk yg tahunan sebaiknya dapat menggunakan aplikasi signal selama tidak ganti kepemilikan,Proses Pengurusan via Aplikasi SIGNAL,"signal, urus, samsat, digital, ambil",Netral,0.991
934,sangat membantu untuk yang tidak bisa datang langsung ke samsat,Layanan Pengiriman STNK ke Rumah,"rumah, langsung, kirim, stnk, samsat",Positif,0.913
935,baru pertama kali bayar pajak motor via signal tapi dibuat kecewaaaa terhitung hari dari melakukan pembayaran keterangan berhasil tapi belum dikirim juga ada aplikasi pengaduan tapi tidak bisa live tlp,Pembayaran Pajak Kendaraan Online,"bayar, pajak, kendara, tahun, online",Negatif,0.496
936,cukup puas,Topik Tidak Relevan,Tidak Ditemukan,Positif,0.93
937,Mohon maaf untuk saat ini agent kami sedang tidak berada di tempat semua mohon menunggu untuk dan coba hubungi beberapa saat lagi,Layanan Jasa Kurir Pengiriman,"pos, kirim, via, indonesia, guna",Netral,0.799
938,TOLONG LAH LEBIH RESPONSIF UNTUK LIVE CHAT DAN KAMI BUTUH JAWABAN SAAT ADA KENDALA,Fitur dan Layanan Bantuan Aplikasi,"bikin, sistem, antar, chat, cek",Negatif,0.97
939,cepat praktis,Topik Tidak Relevan,Tidak Ditemukan,Positif,0.997
940,OK cepet juga,Topik Tidak Relevan,Tidak Ditemukan,Positif,0.799
941,biaya biaya tambahannya makin mahal seharusnya free tanpa biaya tambahan kecuali ongkir apalagi klw free ongkir itu akan lbh banyak lagi peminatnya,Rincian Biaya Administrasi dan Transaksi,"kali, daftar, biaya, transaksi, ktp",Negatif,0.996
942,layanan cepat dan aman pastinya memudahkan kita,Kualitas Pelayanan dan Antrean di Samsat,"layan, antri, samsat, masyarakat, respon",Positif,0.999
943,mantabzzz jadi lebih mudah bayar pajak motor ga pake ribet,Pembayaran Pajak Kendaraan Online,"bayar, pajak, kendara, tahun, online",Positif,0.993
944,cukup mudah pemakaian aplikasinya,Topik Tidak Relevan,Tidak Ditemukan,Positif,0.699
945,dan cepat pengiriman,Proses dan Durasi Pengiriman STNK,"kirim, proses, stnk, tanggal, minggu",Positif,0.574
946,ko STNK saya blum nyampe tapi di apk signal sudah diterima,Perpanjangan STNK 5 Tahunan (Ganti Plat),"stnk, panjang, samsat, ganti, plat",Negatif,0.719
947,sangat membantu sekali aplikasi ini,Topik Tidak Relevan,Tidak Ditemukan,Positif,0.792
948,Pelayanan sekitar minggu,Kualitas Pelayanan dan Antrean di Samsat,"layan, antri, samsat, masyarakat, respon",Negatif,0.764
949,mantap memudahkan orang yg lagi merantau ga,Kendala Teknis Aplikasi (Loading),"orang, sibuk, data, bayar, bank",Positif,0.998
950,masih perlu diperbaiki lagi mulai dari no BPKB kode lokasi tidak tercetak,Proses dan Durasi Pengiriman STNK,"kirim, proses, stnk, tanggal, minggu",Netral,0.931
951,Mantaaaaaaappppppp,Topik Tidak Relevan,Tidak Ditemukan,Positif,0.593
952,mantab cepat banget selesainya sangat dipermudah sekali,Proses dan Durasi Pengiriman STNK,"kirim, proses, stnk, tanggal, minggu",Positif,1.0
953,kenapa tidak bisa bayar pajak,Pembayaran Pajak Kendaraan Online,"bayar, pajak, kendara, tahun, online",Netral,0.492
954,tidak bisa pengesahan,Topik Tidak Relevan,Tidak Ditemukan,Negatif,0.635
955,kalau bisa untuk pengiriman di percepat masak hari baru sampai,Proses dan Durasi Pengiriman STNK,"kirim, proses, stnk, tanggal, minggu",Negatif,0.527
956,awalnya tahun sebelumnya bagus kesini kaya to kai giliran mau bayar dibank manapun g ada menu pembayaran pembayaran signal samsat mempersulit aja jadi pajak pada mati lol,Pembayaran Pajak Kendaraan Online,"bayar, pajak, kendara, tahun, online",Negatif,0.819
957,sangat membantu buat org yg mageran,Kendala Teknis Aplikasi (Loading),"orang, sibuk, data, bayar, bank",Positif,0.779
958,pokoknya signal jos sangat membantu sekali simpel ga ribet nunggu antrian time is monay,Proses Pengurusan via Aplikasi SIGNAL,"signal, urus, samsat, digital, ambil",Positif,1.0
959,sangat membantu untuk perpanjang pajak kendaraan cuma agak lama aja sekitar hari baru keterima dokumennya,Pembayaran Pajak Kendaraan Online,"bayar, pajak, kendara, tahun, online",Positif,0.961
960,semoga kedepannya makin cepat,Proses Pengurusan via Aplikasi SIGNAL,"signal, urus, samsat, digital, ambil",Netral,0.922
961,terima kasih polri dan Polda Jawa barat saya senang bgt bayar pajak motor bisa online jd gak perlu datangt ke Samsat,Pembayaran Pajak Kendaraan Online,"bayar, pajak, kendara, tahun, online",Positif,0.99
962,mantap sukses slalu pembayaran pajak untuk negri,Pembayaran Pajak Kendaraan Online,"bayar, pajak, kendara, tahun, online",Positif,0.998
963,pelayanannya cepet,Kualitas Pelayanan dan Antrean di Samsat,"layan, antri, samsat, masyarakat, respon",Positif,0.983
964,mantap mempermudah bayar pajak tahunan gak ribet nunggu di rmh aja,Pembayaran Pajak Kendaraan Online,"bayar, pajak, kendara, tahun, online",Positif,0.998
965,layanan cepat sangat membantu,Kualitas Pelayanan dan Antrean di Samsat,"layan, antri, samsat, masyarakat, respon",Positif,0.998
966,Proses mudah dan Cepat,Proses dan Durasi Pengiriman STNK,"kirim, proses, stnk, tanggal, minggu",Positif,0.988
967,ini saya mau pembayaran pajak saja susahnya sampai kali transaksi delay tolong di update lagi aplikasinya,Rincian Biaya Administrasi dan Transaksi,"kali, daftar, biaya, transaksi, ktp",Negatif,0.983
968,pelayananny bagus,Topik Tidak Relevan,Tidak Ditemukan,Positif,0.951
969,Mantap pengiriman nya cepat,Proses dan Durasi Pengiriman STNK,"kirim, proses, stnk, tanggal, minggu",Positif,0.994
970,sudah hampir bulan kok masih belum dikirim ke rumah pasuruan,Proses dan Durasi Pengiriman STNK,"kirim, proses, stnk, tanggal, minggu",Negatif,0.687
971,thanks signal sudah membantu bagi kita yang sedang di luar kota jadi lebih gampang membayar pajak kendaraan bermotor semoga kedepan nya lebih baik lagi,Pembayaran Pajak Kendaraan Online,"bayar, pajak, kendara, tahun, online",Positif,0.999
972,Lancar,Topik Tidak Relevan,Tidak Ditemukan,Positif,0.948
973,saya sudah bayar pajak di tanggal juni dengan opsi stnk nya dikirim ke alamat saya tapi sampai sekarang juni belum juga dikirim ini gimana apa harus nunggu sebulan apa setahun,Proses dan Durasi Pengiriman STNK,"kirim, proses, stnk, tanggal, minggu",Negatif,0.845
974,masalah pada sinyal,Layanan Pengiriman STNK ke Rumah,"rumah, langsung, kirim, stnk, samsat",Negatif,0.924
975,bagus kalau bisa buat aplikasi pemerintah yang bisa ngurus semuanya dalam aplikasi saja,Proses Pengurusan via Aplikasi SIGNAL,"signal, urus, samsat, digital, ambil",Positif,0.861
976,kerennb,Topik Tidak Relevan,Tidak Ditemukan,Netral,0.578
977,Alhamdulillah sudah sy terima,Topik Tidak Relevan,Tidak Ditemukan,Positif,0.998
978,pelayanan jooooss,Kualitas Pelayanan dan Antrean di Samsat,"layan, antri, samsat, masyarakat, respon",Positif,0.891
979,kenapa gagal bayar pajak error system terus,Pembayaran Pajak Kendaraan Online,"bayar, pajak, kendara, tahun, online",Negatif,0.994
980,agak lama ntah karena sibuk atau,Kendala Teknis Aplikasi (Loading),"orang, sibuk, data, bayar, bank",Netral,0.463
981,mending langsung lewat online lama pengiriman nya,Layanan Pengiriman STNK ke Rumah,"rumah, langsung, kirim, stnk, samsat",Negatif,0.812
982,JELEK SEKALI APLIKASINYA WOYYY BUBARKAN SAJA,Topik Tidak Relevan,Tidak Ditemukan,Negatif,0.995
983,Bagus utk membantu,Topik Tidak Relevan,Tidak Ditemukan,Positif,0.998
984,prosesnya simpel dan terpecaya,Proses dan Durasi Pengiriman STNK,"kirim, proses, stnk, tanggal, minggu",Positif,0.993
985,min mau tanya barangkali bisa terbalas,Topik Tidak Relevan,Tidak Ditemukan,Netral,0.809
986,Kalo mau membayar pajak motor lain tapi masih KK udah gak bisa,Pembayaran Pajak Kendaraan Online,"bayar, pajak, kendara, tahun, online",Negatif,0.817
987,mantab ngga perlu repot repot antri lagsg sat set,Kualitas Pelayanan dan Antrean di Samsat,"layan, antri, samsat, masyarakat, respon",Positif,1.0
988,aplikasi sangat membantu pokonya kerennnn,Layanan Jasa Kurir Pengiriman,"pos, kirim, via, indonesia, guna",Positif,0.997
989,mantapp min ga ribet sat set nyampe,Kualitas Pelayanan dan Antrean di Samsat,"layan, antri, samsat, masyarakat, respon",Positif,0.999
990,sangat membantu untuk bayar pajak kendaraan secara online prosesnya pun sangat mudah sekali,Pembayaran Pajak Kendaraan Online,"bayar, pajak, kendara, tahun, online",Positif,0.975
991,Sangat membantu sekali terimakasih,Topik Tidak Relevan,Tidak Ditemukan,Positif,0.989
992,pelayanan cepat sangat membantu,Kualitas Pelayanan dan Antrean di Samsat,"layan, antri, samsat, masyarakat, respon",Positif,0.998
993,Mempermudah perpanjangan STNK,Perpanjangan STNK 5 Tahunan (Ganti Plat),"stnk, panjang, samsat, ganti, plat",Positif,0.929
994,aplikasi yg bagus,Topik Tidak Relevan,Tidak Ditemukan,Positif,0.884
995,sangat membantu masyarakat,Kualitas Pelayanan dan Antrean di Samsat,"layan, antri, samsat, masyarakat, respon",Positif,0.958
996,saran,Topik Tidak Relevan,Tidak Ditemukan,Netral,0.936
997,semoga bisa juga untuk proses pergantian kaleng dan STNK,Permintaan Bantuan dan Saran Peningkatan,"bantu, tingkat, proses, samsat, rantau",Netral,0.981
998,dan proses balik nama,Proses dan Durasi Pengiriman STNK,"kirim, proses, stnk, tanggal, minggu",Netral,0.814
999,STNK sampai tujuan dengan cepat trmkasih,Proses dan Durasi Pengiriman STNK,"kirim, proses, stnk, tanggal, minggu",Positif,0.958
1000,sangat mempermudah,Topik Tidak Relevan,Tidak Ditemukan,Positif,0.811
1001,Alhamdulillah jadi mudah untuk bayar pajak motor dengan aplikasi ini,Pembayaran Pajak Kendaraan Online,"bayar, pajak, kendara, tahun, online",Positif,0.999
1002,gak perlu lagi cuti kerja tuk ke kantor samsat,Perbandingan Layanan Online vs. Kantor Samsat,"kantor, samsat, online, daerah, kota",Positif,0.943
1003,bagus si mempermudah tetapi prosenya hari baru selesai dan pengirimin via pos juga sangat lama sudah mau minggu proses masih pra collecting,Proses dan Durasi Pengiriman STNK,"kirim, proses, stnk, tanggal, minggu",Negatif,0.954
1004,document stnk saya proses pembayaran dari tgl mei sampai hari ini tgl juni blm ada sy terima proses pengiriman di aplikasi hilang chat pengaduan ga jawaban,Proses dan Durasi Pengiriman STNK,"kirim, proses, stnk, tanggal, minggu",Negatif,0.997
1005,aneh rakyat dipaksa taat pajak buat aplikasi online tapi pelayanan busuk,Pembayaran Pajak Kendaraan Online,"bayar, pajak, kendara, tahun, online",Negatif,0.998
1006,sangat membantu saran saya pengiriman dokumen lebih dipercepat,Layanan Jasa Kurir Pengiriman,"pos, kirim, via, indonesia, guna",Positif,0.948
1007,pengiriman lama,Proses dan Durasi Pengiriman STNK,"kirim, proses, stnk, tanggal, minggu",Negatif,0.641
1008,gas pol,Topik Tidak Relevan,Tidak Ditemukan,Positif,0.823
1009,pengirimannya lama padahal pilih yang expres,Proses dan Durasi Pengiriman STNK,"kirim, proses, stnk, tanggal, minggu",Negatif,0.624
1010,pertama kali nya rating dulu ya mantab,Rincian Biaya Administrasi dan Transaksi,"kali, daftar, biaya, transaksi, ktp",Positif,0.876
1011,aplikasi nya buruk nda bisa dipakai cek pajak kendaraan,Pembayaran Pajak Kendaraan Online,"bayar, pajak, kendara, tahun, online",Negatif,0.994
1012,terpecaya,Topik Tidak Relevan,Tidak Ditemukan,Positif,0.761
1013,sangat membantu smg utk pembayaran plat tahunan juga bs lebih mudah,Pembayaran Pajak Kendaraan Online,"bayar, pajak, kendara, tahun, online",Positif,0.827
1014,saya ingin coba bayar pajak lewat apk ini data sesuai dengan apa yg tertera dgn tnkb kenapa kok begitu di tambahkan kendaraan bermotor anda tidak berhasil di tambahkan,Rincian Biaya Administrasi dan Transaksi,"kali, daftar, biaya, transaksi, ktp",Negatif,0.68
1015,alhamdulilah bayar pajak lkendaran bermotor lebih mudah terima kasih dengan adanya apk signal sangat membantu,Pembayaran Pajak Kendaraan Online,"bayar, pajak, kendara, tahun, online",Positif,0.996
1016,mantap tidak perlu antri,Kualitas Pelayanan dan Antrean di Samsat,"layan, antri, samsat, masyarakat, respon",Positif,1.0
1017,lanjutkan,Permintaan Bantuan dan Saran Peningkatan,"bantu, tingkat, proses, samsat, rantau",Positif,0.755
1018,alhamdulillah ga ribet selesai tanpa halangan pengiriman cepat ngurus dirumah santai stnk lamgsung sampe makasih samsat nasional,Perpanjangan STNK 5 Tahunan (Ganti Plat),"stnk, panjang, samsat, ganti, plat",Positif,1.0
1019,bulan baru sampai wkwkwk,Proses dan Durasi Pengiriman STNK,"kirim, proses, stnk, tanggal, minggu",Negatif,0.764
1020,lama sampe nya,Topik Tidak Relevan,Tidak Ditemukan,Netral,0.524
1021,bayar dan bisa langsung kirim ke rumah,Layanan Pengiriman STNK ke Rumah,"rumah, langsung, kirim, stnk, samsat",Positif,0.565
1022,g perlu ke Samsat kecuali nnti ganti plat,Perpanjangan STNK 5 Tahunan (Ganti Plat),"stnk, panjang, samsat, ganti, plat",Netral,0.721
1023,bagus sangat simpel,Topik Tidak Relevan,Tidak Ditemukan,Positif,0.996
1024,ok terima kasih atas pelayananya mudah cepat sangat membantu,Topik Tidak Relevan,Tidak Ditemukan,Positif,0.999
1025,pengiriman stnk sangat lama sampai minggu padahal satu kabupaten,Proses dan Durasi Pengiriman STNK,"kirim, proses, stnk, tanggal, minggu",Negatif,0.99
1026,pengiriman sampai rumah,Layanan Pengiriman STNK ke Rumah,"rumah, langsung, kirim, stnk, samsat",Positif,0.533
1027,bagusss,Topik Tidak Relevan,Tidak Ditemukan,Positif,0.92
1028,aplikasi bagus sangat membantu bayar pajak jadi lebih mudah dan aman,Pembayaran Pajak Kendaraan Online,"bayar, pajak, kendara, tahun, online",Positif,0.999
1029,bagus aplikasinya,Topik Tidak Relevan,Tidak Ditemukan,Positif,0.88
1030,mantap keren minggu langsung smpe tanpa antri mempermudah yg sibuk kerja.trimakasih,Layanan Pengiriman STNK ke Rumah,"rumah, langsung, kirim, stnk, samsat",Positif,1.0
1031,memudahkan saya bayar pajak,Pembayaran Pajak Kendaraan Online,"bayar, pajak, kendara, tahun, online",Positif,0.871
1032,mudah dan cepat,Topik Tidak Relevan,Tidak Ditemukan,Positif,0.985
1033,lebih mudah bayar pajak satu setengah bulan nota pajak dikirim,Pembayaran Pajak Kendaraan Online,"bayar, pajak, kendara, tahun, online",Positif,0.462
1034,terimakasiiihh cepet sampai nya,Topik Tidak Relevan,Tidak Ditemukan,Positif,0.779
1035,Alhamdulillah hari dari pembayaran STNK nya langsung datang ke rumah pengiriman melalui kantor pos,Layanan Pengiriman STNK ke Rumah,"rumah, langsung, kirim, stnk, samsat",Positif,0.952
1036,sangat aman dan terpercaya,Topik Tidak Relevan,Tidak Ditemukan,Positif,0.985
1037,sangat memuaskan Alhamdulillah mantab bisa Bayar Pajak kendaraan secara Online ini terobosan yang sangat baik dari Kepolisian dan juga kolaborasi yang baik dg Pemda Sumsel Yang Kedua kalinya saya Ajukan di Aplikasi Signal Alhamdulillah Mantab dan sangat membantu Masyarakat untuk taat bayar Pajak,Pembayaran Pajak Kendaraan Online,"bayar, pajak, kendara, tahun, online",Positif,0.999
1038,makasih Kolaborasinya Polri dan Pemda Sumsel,Layanan Jasa Kurir Pengiriman,"pos, kirim, via, indonesia, guna",Positif,0.998
1039,Proses cepat dan pengiriman tepat waktu,Proses dan Durasi Pengiriman STNK,"kirim, proses, stnk, tanggal, minggu",Positif,0.883
1040,best gapake lama gapake ribet gapake antri gapake panas an tinggl isi data bayar isi alamat lembaran pajak terbaru nya langsung di antar kerumah,Kendala Teknis Aplikasi (Loading),"orang, sibuk, data, bayar, bank",Positif,0.992
1041,gak perlu jauh jauh datang ke samsat balaraja,Perbandingan Layanan Online vs. Kantor Samsat,"kantor, samsat, online, daerah, kota",Negatif,0.413
1042,tinggal lewat hape aja beres utk bayar pajak,Pembayaran Pajak Kendaraan Online,"bayar, pajak, kendara, tahun, online",Positif,0.892
1043,bayarnya pake kode bayar tgl Jun dokumen nya sampe rumah bekasi tgl Jun,Proses dan Durasi Pengiriman STNK,"kirim, proses, stnk, tanggal, minggu",Negatif,0.643
1044,pengiriman via POS Indonesia Bayar ribuan,Layanan Jasa Kurir Pengiriman,"pos, kirim, via, indonesia, guna",Negatif,0.831
1045,Mempermudah,Topik Tidak Relevan,Tidak Ditemukan,Positif,0.883
1046,aplikasi ini sangat membantu sekali,Topik Tidak Relevan,Tidak Ditemukan,Positif,0.828
1047,cukup puas cuma tinggal nunggu pengiriman sampe di tempat pemakai kendaraan,Proses dan Durasi Pengiriman STNK,"kirim, proses, stnk, tanggal, minggu",Positif,0.702
1048,ini,Topik Tidak Relevan,Tidak Ditemukan,Netral,0.0
1049,layanan mudah dan cepat,Kualitas Pelayanan dan Antrean di Samsat,"layan, antri, samsat, masyarakat, respon",Positif,0.998
1050,aplikasi ini membantu akan tetapi status masih dipenerbitan dokumen digital selama bulan tidak berubah status ke pengiriman lama kali padahal bayar juga lgsg loh ga kredit,Rincian Biaya Administrasi dan Transaksi,"kali, daftar, biaya, transaksi, ktp",Negatif,0.994
1051,Ayo diperbaiki lagi ini sistemnya,Fitur dan Layanan Bantuan Aplikasi,"bikin, sistem, antar, chat, cek",Netral,0.961
1052,Masak kalah sama belanja online,Perbandingan Layanan Online vs. Kantor Samsat,"kantor, samsat, online, daerah, kota",Negatif,0.979
1053,recommended helpfull apps,Topik Tidak Relevan,Tidak Ditemukan,Positif,0.994
1054,simple dan cepat,Topik Tidak Relevan,Tidak Ditemukan,Positif,0.995
1055,tanpa ribet ke samsat,Perbandingan Layanan Online vs. Kantor Samsat,"kantor, samsat, online, daerah, kota",Positif,0.632
1056,mantap jadi mudah nggak harus pulang kampung untuk bayar pajak kalo pulang kampung biayanya lebih besar saya PP itu buat perjalanan mending buat beli beras keluarga nggak kelaparan,Fitur dan Layanan Bantuan Aplikasi,"bikin, sistem, antar, chat, cek",Positif,0.999
1057,alhamdulillah sangat memudahkan dalam perpajakan,Topik Tidak Relevan,Tidak Ditemukan,Positif,0.999
1058,buat temen yang mau perpanjang stnk tapi sibuk bisa pake apk ini bayar online tinggal tunggu hari stnk dateng kerumah mantep dah gak ribet pula,Perpanjangan STNK 5 Tahunan (Ganti Plat),"stnk, panjang, samsat, ganti, plat",Negatif,0.578
1059,Pelayanan nya lumayan baik dan sangat membantu,Kualitas Pelayanan dan Antrean di Samsat,"layan, antri, samsat, masyarakat, respon",Positif,0.965
1060,Aman,Topik Tidak Relevan,Tidak Ditemukan,Positif,0.838
1061,ga perlu antre dikantor Samsat cukup entry data diri sendiri STNK proses,Proses dan Durasi Pengiriman STNK,"kirim, proses, stnk, tanggal, minggu",Positif,0.93
1062,dan dikirim sama Pos sampe diterima,Layanan Jasa Kurir Pengiriman,"pos, kirim, via, indonesia, guna",Negatif,0.821
1063,sangat ok,Topik Tidak Relevan,Tidak Ditemukan,Netral,0.49
1064,signal memudahkan masyarakat yg ingin memperpanjang STNK terima kasih telah hadir jadi kita tak harus antri,Perpanjangan STNK 5 Tahunan (Ganti Plat),"stnk, panjang, samsat, ganti, plat",Positif,0.994
1065,kdang sistem sering erorr dan lambat,Fitur dan Layanan Bantuan Aplikasi,"bikin, sistem, antar, chat, cek",Negatif,0.994
1066,tapii ini aplikasi sangat memudahkan bangettt simple juga thkyou,Topik Tidak Relevan,Tidak Ditemukan,Positif,0.979
1067,bagus terpercaya kirain d kasih lengkap depan belakang tapi cukup membantu,Proses Pengurusan via Aplikasi SIGNAL,"signal, urus, samsat, digital, ambil",Positif,0.995
1068,mantap pembayaran lebih mudah,Pembayaran Pajak Kendaraan Online,"bayar, pajak, kendara, tahun, online",Positif,0.999
1069,saya telat tahun karna motor di kampung dan saya sedang bekerja diluar pulau,Pembayaran Pajak Kendaraan Online,"bayar, pajak, kendara, tahun, online",Netral,0.924
1070,tapi saya kesulitan untuk membayar dengan aplikasi ini,Pembayaran Pajak Kendaraan Online,"bayar, pajak, kendara, tahun, online",Negatif,0.695
1071,tolong bantuannya,Permintaan Bantuan dan Saran Peningkatan,"bantu, tingkat, proses, samsat, rantau",Positif,0.975
1072,mantul sii sesimple iniii,Topik Tidak Relevan,Tidak Ditemukan,Positif,0.961
1073,sangat membantu mantap,Topik Tidak Relevan,Tidak Ditemukan,Positif,0.997
1074,cepat dan praktis,Topik Tidak Relevan,Tidak Ditemukan,Positif,0.997
1075,x bayar pajak via app ini sangat mudah lumayan cepat sekitar hari,Rincian Biaya Administrasi dan Transaksi,"kali, daftar, biaya, transaksi, ktp",Positif,0.975
1076,pengiriman pos lama kacau,Layanan Jasa Kurir Pengiriman,"pos, kirim, via, indonesia, guna",Negatif,0.965
1077,sisanya aman aplikasinya sangat membantu buat yg mager kesamsat,Fitur dan Layanan Bantuan Aplikasi,"bikin, sistem, antar, chat, cek",Positif,0.996
1078,bayar dan lusa sampai untuk pajak tahunan,Pembayaran Pajak Kendaraan Online,"bayar, pajak, kendara, tahun, online",Netral,0.562
1079,aplikasinya mudah digunakan dan sangat membantu,Layanan Jasa Kurir Pengiriman,"pos, kirim, via, indonesia, guna",Positif,0.989
1080,mudah gak mesti ngantri,Kualitas Pelayanan dan Antrean di Samsat,"layan, antri, samsat, masyarakat, respon",Positif,0.997
1081,Proses perpanjang STNK tahunan walaupun kadang error tp masih bisa berjalan dengan baik,Perpanjangan STNK 5 Tahunan (Ganti Plat),"stnk, panjang, samsat, ganti, plat",Negatif,0.897
1082,makin mudah,Topik Tidak Relevan,Tidak Ditemukan,Positif,0.811
1083,mudah dan sangat membantu untuk yg diluar kota,Perbandingan Layanan Online vs. Kantor Samsat,"kantor, samsat, online, daerah, kota",Positif,0.991
1084,Sangat membantu untuk pembayaran pajak kendaraan bermotor melalui aplikasi signal proses cepat serta pengirimannya lancar,Pembayaran Pajak Kendaraan Online,"bayar, pajak, kendara, tahun, online",Positif,0.956
1085,Tetap dijaga layanan yang sudah bagus,Kualitas Pelayanan dan Antrean di Samsat,"layan, antri, samsat, masyarakat, respon",Positif,0.995
1086,Gampang dan mudah penggunaannya tinggal tunggu di rumah saja,Layanan Pengiriman STNK ke Rumah,"rumah, langsung, kirim, stnk, samsat",Positif,0.998
1087,hanya tidak dapat stiker untuk pengesahannya harus print barcode sendiri mantap,Perpanjangan STNK 5 Tahunan (Ganti Plat),"stnk, panjang, samsat, ganti, plat",Negatif,0.917
1088,memudahkan jika kita sebagai pekerja tidak ada waktu untuk ke samsat jika ingin cepat langsung ke samsat,Layanan Pengiriman STNK ke Rumah,"rumah, langsung, kirim, stnk, samsat",Positif,0.929
1089,jika tidak ada waktu mending aplikasi signal,Proses Pengurusan via Aplikasi SIGNAL,"signal, urus, samsat, digital, ambil",Negatif,0.66
1090,Aplikasi anehhh mau bayar tapi kode pembayarannya nggak terdeteksi terus sangat sangat merosahkan,Pembayaran Pajak Kendaraan Online,"bayar, pajak, kendara, tahun, online",Negatif,0.996
1091,lumayan bagus,Topik Tidak Relevan,Tidak Ditemukan,Positif,0.921
1092,bagus udah x bayar pajak domisili pandeglang karena kerja di jkt pake aplikasi ini jadi mempermudah,Permintaan Bantuan dan Saran Peningkatan,"bantu, tingkat, proses, samsat, rantau",Positif,0.995
1093,Sangant bermanfaat dikala kita sibuk datang ke Samsat saat ini jadi mudah karna aplikasi SIGNAL,Proses Pengurusan via Aplikasi SIGNAL,"signal, urus, samsat, digital, ambil",Positif,0.975
1094,Best lah,Topik Tidak Relevan,Tidak Ditemukan,Positif,0.881
1095,bagus top,Topik Tidak Relevan,Tidak Ditemukan,Positif,0.993
1096,sip tapi belum di kirim,Proses dan Durasi Pengiriman STNK,"kirim, proses, stnk, tanggal, minggu",Negatif,0.728
1097,bagus bgt adanya aplikasi ini bisa di antar sampai rumah juga untuk ibu rumah tangga yang punya anak ga perlu antri dan prgi jauh ke samsat membantu bgt siih aplikasi ini,Layanan Pengiriman STNK ke Rumah,"rumah, langsung, kirim, stnk, samsat",Positif,0.986
1098,estimasi pengiriman hari,Proses dan Durasi Pengiriman STNK,"kirim, proses, stnk, tanggal, minggu",Negatif,0.498
1099,sdh pasti sampai rumah,Layanan Pengiriman STNK ke Rumah,"rumah, langsung, kirim, stnk, samsat",Positif,0.706
1100,maju trus samsat utk inovasi lainnya,Permintaan Bantuan dan Saran Peningkatan,"bantu, tingkat, proses, samsat, rantau",Positif,0.983
1101,sebuah aplikasi revolusioner dari POLRI Benar benar sangat membantu sekali saya senang dengan di beri kemudahan kita dalam pengurusan pajak mungkin saran bisa di semua proses kendaraan atau apapun untuk menghindari pungli dsb,Pembayaran Pajak Kendaraan Online,"bayar, pajak, kendara, tahun, online",Positif,0.973
1102,tpi sayangnya proses nya lama banget dan CS susah untuk di hubungi dan paket pengiriman terlalu lama mngkin bisa juga pakai alternatif paket lain,Layanan Jasa Kurir Pengiriman,"pos, kirim, via, indonesia, guna",Negatif,0.998
1103,bayar pajak ga perlu antri lg di samsat,Pembayaran Pajak Kendaraan Online,"bayar, pajak, kendara, tahun, online",Positif,0.983
1104,mantap sangat membantu reformasi POLRI untuk jadi lebih baik,Layanan Jasa Kurir Pengiriman,"pos, kirim, via, indonesia, guna",Positif,1.0
1105,Katax bisa mempermudah mau bayar pajak ehh pas mau bayar malah di suruh ke SAMSAT lg trus gunax aplikasi ini apa,Pembayaran Pajak Kendaraan Online,"bayar, pajak, kendara, tahun, online",Negatif,0.954
1106,lumayan,Topik Tidak Relevan,Tidak Ditemukan,Negatif,0.505
1107,lebih mudah bayar pajak,Pembayaran Pajak Kendaraan Online,"bayar, pajak, kendara, tahun, online",Positif,0.98
1108,mantap cepat tidak pakek ribet terimakasih atas bantuannya,Permintaan Bantuan dan Saran Peningkatan,"bantu, tingkat, proses, samsat, rantau",Positif,1.0
1109,amanah memudahkan yg diluar kota tetep bisa bayar bajak tanpa harus keluar rumah,Perbandingan Layanan Online vs. Kantor Samsat,"kantor, samsat, online, daerah, kota",Positif,0.998
1110,proses cepat dan tidak ribet,Proses dan Durasi Pengiriman STNK,"kirim, proses, stnk, tanggal, minggu",Positif,0.97
1111,sangat memudahkan mi,Topik Tidak Relevan,Tidak Ditemukan,Positif,0.886
1112,lemot dan kode tidak terdeteksi terus,Proses dan Durasi Pengiriman STNK,"kirim, proses, stnk, tanggal, minggu",Negatif,0.968
1113,Aplikasi bisa berjalan,Fitur dan Layanan Bantuan Aplikasi,"bikin, sistem, antar, chat, cek",Netral,0.481
1114,sayang data kendaraan tidak muncul sebagaimana mestinya,Kendala Teknis Aplikasi (Loading),"orang, sibuk, data, bayar, bank",Negatif,0.971
1115,jd sia aplikasinya,Topik Tidak Relevan,Tidak Ditemukan,Negatif,0.866
1116,pdhl saya sdh bayar Aneh juga yaa,Pembayaran Pajak Kendaraan Online,"bayar, pajak, kendara, tahun, online",Negatif,0.897
1117,sekelas Shopee Tokopedia aja ga pernah Error Aplikasinya ini kelas Nasional knp begini,Topik Tidak Relevan,Tidak Ditemukan,Negatif,0.991
1118,ada biaya tambahan,Rincian Biaya Administrasi dan Transaksi,"kali, daftar, biaya, transaksi, ktp",Netral,0.582
1119,biaya perbankan dan biaya platform,Rincian Biaya Administrasi dan Transaksi,"kali, daftar, biaya, transaksi, ktp",Negatif,0.961
1120,biaya apaan itu perasaan yang bayar biaya admin bank itu kita ini masih di tambahin biaya perbankan,Rincian Biaya Administrasi dan Transaksi,"kali, daftar, biaya, transaksi, ktp",Negatif,0.966
1121,dan ada biaya platform emangnya bikin aplikasi gak dibayar dari pajak,Pembayaran Pajak Kendaraan Online,"bayar, pajak, kendara, tahun, online",Negatif,0.974
1122,apa harus mungut lagi,Proses Pengurusan via Aplikasi SIGNAL,"signal, urus, samsat, digital, ambil",Negatif,0.471
1123,tahun perpanjang STNK roda dan roda semua lancar terimakasih utk aplikasinya Pak,Perpanjangan STNK 5 Tahunan (Ganti Plat),"stnk, panjang, samsat, ganti, plat",Positif,0.914
1124,prosesnya cepat mantap,Proses dan Durasi Pengiriman STNK,"kirim, proses, stnk, tanggal, minggu",Positif,0.995
1125,rasanyaa gak adil saya bayar pajak pilihnya opsi antar lewat pos ditunggu gk datang,Pembayaran Pajak Kendaraan Online,"bayar, pajak, kendara, tahun, online",Negatif,0.906
1126,padahal udah bayar jasa pos nya kan jadinya mahal bayar pajaknya krna harus byar tambahan ongkir,Pembayaran Pajak Kendaraan Online,"bayar, pajak, kendara, tahun, online",Negatif,0.72
1127,tau gitu mnding bayar pajak di indomaret aja ujung nya sama diprint sndiri kertas STNKnya,Perbandingan Layanan Online vs. Kantor Samsat,"kantor, samsat, online, daerah, kota",Negatif,0.981
1128,emang gini ya rasanya tinggal di Konoha yg apa bisa diduitin hehe,Proses Pengurusan via Aplikasi SIGNAL,"signal, urus, samsat, digital, ambil",Positif,0.59
1129,jadinya aku kasih bintang aja krna gk puas,Topik Tidak Relevan,Tidak Ditemukan,Positif,0.776
1130,aplikasinya bagus semua lancar tidak ada kendala apapun sampai dengan pembayaran lancar tetapi kebanyakan biaya administrasinya ada admin perbankan ada admin plafon ada biaya kantor pos kalau bisa dikenakan biaya kantor pos saja,Rincian Biaya Administrasi dan Transaksi,"kali, daftar, biaya, transaksi, ktp",Negatif,0.942
1131,suruh periksa email masuk.mana email nya bos,Layanan Jasa Kurir Pengiriman,"pos, kirim, via, indonesia, guna",Negatif,0.845
1132,Lebih praktis dan efisien,Topik Tidak Relevan,Tidak Ditemukan,Positif,0.999
1133,Josssgandhoss,Topik Tidak Relevan,Tidak Ditemukan,Positif,0.618
1134,cepat dan mantan,Topik Tidak Relevan,Tidak Ditemukan,Positif,0.909
1135,susah di pembayaran,Pembayaran Pajak Kendaraan Online,"bayar, pajak, kendara, tahun, online",Negatif,0.943
1136,tapi Alhamdulillah bayar pajak STNK nya udah di krim sampai rumah,Layanan Pengiriman STNK ke Rumah,"rumah, langsung, kirim, stnk, samsat",Positif,0.996
1137,aplikasi yg keren cepat dan mudah,Topik Tidak Relevan,Tidak Ditemukan,Positif,0.998
1138,akses pembayaran via transfer bank perlu ditambah,Kendala Teknis Aplikasi (Loading),"orang, sibuk, data, bayar, bank",Netral,0.883
1139,sementara ini sy hanya bs byr lwt BCA,Perbandingan Layanan Online vs. Kantor Samsat,"kantor, samsat, online, daerah, kota",Netral,0.887
1140,Membantu banget,Topik Tidak Relevan,Tidak Ditemukan,Positif,0.976
1141,lebih mudah lebih praktis signal keren,Proses Pengurusan via Aplikasi SIGNAL,"signal, urus, samsat, digital, ambil",Positif,1.0
1142,Baru Pertama Bayar Pajak Via Online apk SIGNAL pelayanan Alhamdulillah Hari sampai Tanks Yoi,Pembayaran Pajak Kendaraan Online,"bayar, pajak, kendara, tahun, online",Positif,0.801
1143,sangat membantu bgt jadi mudah kalo buat bayar pajak tahunan gaperlu dateng karena bisa online,Pembayaran Pajak Kendaraan Online,"bayar, pajak, kendara, tahun, online",Positif,0.993
1144,cepat terimakasih,Topik Tidak Relevan,Tidak Ditemukan,Positif,0.99
1145,pengiriman kurir nya lama pak gak sesuai apa yang di harap kan,Proses Pengurusan via Aplikasi SIGNAL,"signal, urus, samsat, digital, ambil",Negatif,0.539
1146,sangan bagus,Fitur dan Layanan Bantuan Aplikasi,"bikin, sistem, antar, chat, cek",Positif,0.991
1147,bayar pajak kendaraan lebih mudah dan praktis lewat SIGNAL SAMSAT DIGITAL,Pembayaran Pajak Kendaraan Online,"bayar, pajak, kendara, tahun, online",Positif,0.996
1148,sekarang bayar pajak jdi gampang,Pembayaran Pajak Kendaraan Online,"bayar, pajak, kendara, tahun, online",Positif,0.869
1149,eror mulu kenapa sihh,Topik Tidak Relevan,Tidak Ditemukan,Negatif,0.997
1150,recomend,Topik Tidak Relevan,Tidak Ditemukan,Negatif,0.453
1151,kalo tidak ad waktu untuk lgsung ke Samsat,Layanan Pengiriman STNK ke Rumah,"rumah, langsung, kirim, stnk, samsat",Netral,0.523
1152,ckup di aplikasi signal,Proses Pengurusan via Aplikasi SIGNAL,"signal, urus, samsat, digital, ambil",Netral,0.41
1153,beress,Topik Tidak Relevan,Tidak Ditemukan,Positif,0.636
1154,Top lah pelayanan nya tinggal tunggu aja dirumah gak usah antri lagi,Kualitas Pelayanan dan Antrean di Samsat,"layan, antri, samsat, masyarakat, respon",Positif,0.998
1155,Pengiriman sekitar hari,Proses dan Durasi Pengiriman STNK,"kirim, proses, stnk, tanggal, minggu",Negatif,0.869
1156,pengiriman cepat,Proses dan Durasi Pengiriman STNK,"kirim, proses, stnk, tanggal, minggu",Positif,0.637
1157,sangat membantu dan sangat mudah digunakan,Layanan Jasa Kurir Pengiriman,"pos, kirim, via, indonesia, guna",Positif,0.988
1158,kode billing untuk pembayaran stnk tidak bisa dibayar,Pembayaran Pajak Kendaraan Online,"bayar, pajak, kendara, tahun, online",Negatif,0.955
1159,berguna banget bagi perantau yg mau bayar pajak,Pembayaran Pajak Kendaraan Online,"bayar, pajak, kendara, tahun, online",Negatif,0.771
1160,Siip,Topik Tidak Relevan,Tidak Ditemukan,Positif,0.702
1161,mohon maaf stnk nya kapan ia bisa di kirim ko belom sampai,Proses dan Durasi Pengiriman STNK,"kirim, proses, stnk, tanggal, minggu",Netral,0.517
1162,aplikasi okey,Topik Tidak Relevan,Tidak Ditemukan,Positif,0.672
1163,aplikasinya bagus cepet,Topik Tidak Relevan,Tidak Ditemukan,Positif,0.992
1164,tolong tingkatkan lagi pengirimannya jangan terlalu lama,Permintaan Bantuan dan Saran Peningkatan,"bantu, tingkat, proses, samsat, rantau",Netral,0.906
1165,mengapa sekarang tidak bisa bayar pajak lagi lewat aplikasi ini,Pembayaran Pajak Kendaraan Online,"bayar, pajak, kendara, tahun, online",Negatif,0.485
1166,padahal sangat membantu,Topik Tidak Relevan,Tidak Ditemukan,Positif,0.896
1167,isgud lumayan simple ga ribet dan surat pajak stnk nya udah ke terima,Pembayaran Pajak Kendaraan Online,"bayar, pajak, kendara, tahun, online",Positif,0.997
1168,simpel ga perlu ribet antri terimakasih,Kualitas Pelayanan dan Antrean di Samsat,"layan, antri, samsat, masyarakat, respon",Positif,1.0
1169,Baru pertama kali pakai SIGNAL perpanjang STNK mudah pengiriman cepat hari lngsung nyampe STNK nya,Perpanjangan STNK 5 Tahunan (Ganti Plat),"stnk, panjang, samsat, ganti, plat",Positif,0.71
1170,sudah bagus akan lebih mantap lagi kalau bisa sekalian pajak tahunan,Pembayaran Pajak Kendaraan Online,"bayar, pajak, kendara, tahun, online",Positif,0.998
1171,respon lemot banget,Kualitas Pelayanan dan Antrean di Samsat,"layan, antri, samsat, masyarakat, respon",Negatif,0.974
1172,sudah sukses transakasi malah tidak proses,Proses dan Durasi Pengiriman STNK,"kirim, proses, stnk, tanggal, minggu",Positif,0.558
1173,jadi tambah mahal,Rincian Biaya Administrasi dan Transaksi,"kali, daftar, biaya, transaksi, ktp",Negatif,0.667
1174,Skrg pengiriman cepat banget gak nyampe seminggu paket udh datang mantap semoga konsisten dan terus meningkat signal dan polri,Layanan Jasa Kurir Pengiriman,"pos, kirim, via, indonesia, guna",Positif,0.948
1175,Pertama X ngurusin pengesahan STNK tanpa harus datang ke samsat cukup lewat apk signal.prosesnya mudah cepat tp harus ada jaringan yg kuat krna kalo gak bakal buffering.Tingkatkan terus pelayanan aplikasinya dan pertahankan kualitas dan kepuasan masyarakat,Perpanjangan STNK 5 Tahunan (Ganti Plat),"stnk, panjang, samsat, ganti, plat",Negatif,0.698
1176,Mantap dan luar biasa,Perbandingan Layanan Online vs. Kantor Samsat,"kantor, samsat, online, daerah, kota",Positif,0.933
1177,jos gandos lur proses cepet ga ribet nuhun pak,Proses dan Durasi Pengiriman STNK,"kirim, proses, stnk, tanggal, minggu",Positif,0.998
1178,mmg lebih mudah online telat krn idul adha dan sabtu minggu.tks samsat,Perbandingan Layanan Online vs. Kantor Samsat,"kantor, samsat, online, daerah, kota",Positif,0.877
1179,QR CODE pada cetakan E TBPKP kiriman dari samsat terpotong bagian bawahnya sehingga tidak bisa di scan,Proses Pengurusan via Aplikasi SIGNAL,"signal, urus, samsat, digital, ambil",Negatif,0.992
1180,prosesnta simple dan jadinya cepat,Topik Tidak Relevan,Tidak Ditemukan,Positif,0.997
1181,aplikasi praktis,Topik Tidak Relevan,Tidak Ditemukan,Positif,0.973
1182,sayangnya lebih malah bayar pajaknya lwat aplikasi ini,Pembayaran Pajak Kendaraan Online,"bayar, pajak, kendara, tahun, online",Negatif,0.897
1183,STNK udah sebulan lebih belum sampai juga ini gimana tanggapan nya min,Proses dan Durasi Pengiriman STNK,"kirim, proses, stnk, tanggal, minggu",Negatif,0.962
1184,keren sangat mempermudah,Topik Tidak Relevan,Tidak Ditemukan,Positif,0.987
1185,lumayan lama prosesnya,Proses dan Durasi Pengiriman STNK,"kirim, proses, stnk, tanggal, minggu",Negatif,0.543
1186,Agent suka ngilang mau nanya apapun juga kalo sama chat boat ga jelas jawabannya,Fitur dan Layanan Bantuan Aplikasi,"bikin, sistem, antar, chat, cek",Negatif,0.994
1187,sekedar info aja pake jasa pembayaran apk ini adminnya k,Pembayaran Pajak Kendaraan Online,"bayar, pajak, kendara, tahun, online",Netral,0.935
1188,MantapDengan menggunakan aplikasi ini pengurusan pajak kendaraan bermotor menjadi lebih praktis cepat tidak perlu antri serta tidak mengganggu kegiatan sehari hari,Rincian Biaya Administrasi dan Transaksi,"kali, daftar, biaya, transaksi, ktp",Positif,0.981
1189,Mempermudah bayar pajak,Pembayaran Pajak Kendaraan Online,"bayar, pajak, kendara, tahun, online",Positif,0.871
1190,Puas dengan sistemnya,Fitur dan Layanan Bantuan Aplikasi,"bikin, sistem, antar, chat, cek",Positif,0.915
1191,lanjutkeun untuk kemajuan bangsa indonesia,Layanan Jasa Kurir Pengiriman,"pos, kirim, via, indonesia, guna",Positif,0.996
1192,sangat mempermudah dalam proses pembayaran,Pembayaran Pajak Kendaraan Online,"bayar, pajak, kendara, tahun, online",Positif,0.821
1193,Allahmdulilah akhir bisa juga bayar pajak motor lewat aplikasi ni,Pembayaran Pajak Kendaraan Online,"bayar, pajak, kendara, tahun, online",Negatif,0.43
1194,saya sarankan jangan gunakan aplikasi daripada menyesal karena pengalaman sy sampai saat ini sudah bulan dokumen dari tanggal mei sampai sekarang juni dokumen fisiknya ga di kirim juga mungkin para pihak terkait bukan manusia makanya ga bisa kerja untuk develover tidak perlu menyarankan sy untuk melakukan pengaduan sudah sampai eneg sy bolak balik hubungi CS lewat email maupun chat online,Proses dan Durasi Pengiriman STNK,"kirim, proses, stnk, tanggal, minggu",Negatif,0.876
1195,Trimakasih sangat di mudahkan proses perpanjangan STNK online,Perpanjangan STNK 5 Tahunan (Ganti Plat),"stnk, panjang, samsat, ganti, plat",Positif,0.992
1196,bagus sangat puas,Topik Tidak Relevan,Tidak Ditemukan,Positif,0.996
1197,cepat dan bagus,Topik Tidak Relevan,Tidak Ditemukan,Positif,0.988
1198,tidak bisa lacak pengiriman dockument,Proses dan Durasi Pengiriman STNK,"kirim, proses, stnk, tanggal, minggu",Negatif,0.885
1199,mohon info untuk blokir kendaraan jakarta bagaimana cara nya secara online dan fitur seperti aplikasi di Jawabarat sapawarga,Pembayaran Pajak Kendaraan Online,"bayar, pajak, kendara, tahun, online",Netral,0.97
1200,agar tidak ada pajak progresif karena kendaraan sudah dijual,Pembayaran Pajak Kendaraan Online,"bayar, pajak, kendara, tahun, online",Netral,0.774
1201,ok banget,Topik Tidak Relevan,Tidak Ditemukan,Negatif,0.594
1202,gak bisa melakukan pengesahan stnk padahal udah jatuh tempo lewat hari malah,Rincian Biaya Administrasi dan Transaksi,"kali, daftar, biaya, transaksi, ktp",Negatif,0.974
1203,tapi tetap aja gak bisa melakukan pengesahan STNK pada aplikasi ini,Rincian Biaya Administrasi dan Transaksi,"kali, daftar, biaya, transaksi, ktp",Negatif,0.863
1204,prosesnya mudah bebas dari Calo yg ada di Samsat namun pengiriman nya sedikit lama,Proses dan Durasi Pengiriman STNK,"kirim, proses, stnk, tanggal, minggu",Positif,0.523
1205,sangat mudah digunakan tp ongkir nya kebesaran,Layanan Jasa Kurir Pengiriman,"pos, kirim, via, indonesia, guna",Negatif,0.565
1206,susah banget verivikasi saat buat akun,Fitur dan Layanan Bantuan Aplikasi,"bikin, sistem, antar, chat, cek",Negatif,0.995
1207,memudahkan layanan bayar pajak,Pembayaran Pajak Kendaraan Online,"bayar, pajak, kendara, tahun, online",Positif,0.975
1208,sangat membantu kita dlm membayar pajak bermotor,Pembayaran Pajak Kendaraan Online,"bayar, pajak, kendara, tahun, online",Positif,0.85
1209,tingkatkan terus kemudahan untuk masyarakat agar kami merasa terbantu oleh sistem yang mudah dan cepat semangat memperbaharui dan tetap kompak,Permintaan Bantuan dan Saran Peningkatan,"bantu, tingkat, proses, samsat, rantau",Positif,0.977
1210,proses cepat tapi tanda pembayaran parkir tidak di kirimkan,Proses dan Durasi Pengiriman STNK,"kirim, proses, stnk, tanggal, minggu",Netral,0.464
1211,Alhamdulillah sudah datang ga pakai ribet ga pakai antri sangat membantu orng yg pekerja seperti saya terimakasih samsat,Kualitas Pelayanan dan Antrean di Samsat,"layan, antri, samsat, masyarakat, respon",Positif,1.0
1212,lebih mudah cuma aga lama aja sampe nya walaupun pke jasa ekspres,Layanan Jasa Kurir Pengiriman,"pos, kirim, via, indonesia, guna",Positif,0.905
1213,mantap cepet,Topik Tidak Relevan,Tidak Ditemukan,Positif,0.997
1214,samsat online lebih cepat anti ribet,Perbandingan Layanan Online vs. Kantor Samsat,"kantor, samsat, online, daerah, kota",Positif,0.996
1215,luar biasa tanpa pungli,Perbandingan Layanan Online vs. Kantor Samsat,"kantor, samsat, online, daerah, kota",Positif,0.555
1216,top pokoknya,Layanan Jasa Kurir Pengiriman,"pos, kirim, via, indonesia, guna",Positif,0.993
1217,sngt memudahkan,Topik Tidak Relevan,Tidak Ditemukan,Positif,0.811
1218,gk hrs ngatri SGT membatu sekali,Perbandingan Layanan Online vs. Kantor Samsat,"kantor, samsat, online, daerah, kota",Positif,0.856
1219,Alhamdulillah Sabtu daftar online hr Rabu SDH,Rincian Biaya Administrasi dan Transaksi,"kali, daftar, biaya, transaksi, ktp",Positif,0.993
1220,tiba drmh,Topik Tidak Relevan,Tidak Ditemukan,Positif,0.596
1221,mkn mudah,Topik Tidak Relevan,Tidak Ditemukan,Positif,0.811
1222,trmksh signal,Proses Pengurusan via Aplikasi SIGNAL,"signal, urus, samsat, digital, ambil",Positif,0.697
1223,sukses sll,Topik Tidak Relevan,Tidak Ditemukan,Positif,0.849
1224,Update rating,Kualitas Pelayanan dan Antrean di Samsat,"layan, antri, samsat, masyarakat, respon",Netral,0.806
1225,KURIR SANGAT TIDAK SOPAN antar stnk tidak panggil tau di lempar dalam teras,Perpanjangan STNK 5 Tahunan (Ganti Plat),"stnk, panjang, samsat, ganti, plat",Negatif,0.982
1226,ditanya baik jawabnya Depan pintu di cekk kalau gak mau info setidaknya fotokan dan kirim wa bilang kalau dokumen sudah sampai ditaruh didepan pintu atau ada konfirmasi lain,Proses Pengurusan via Aplikasi SIGNAL,"signal, urus, samsat, digital, ambil",Negatif,0.767
1227,KALAU HILANG BAGAIMANA,Topik Tidak Relevan,Tidak Ditemukan,Netral,0.541
1228,alhamdulillah gak ribet gak antri sangat membantu,Kualitas Pelayanan dan Antrean di Samsat,"layan, antri, samsat, masyarakat, respon",Positif,1.0
1229,sangat membantu dan aplikasi bagus,Topik Tidak Relevan,Tidak Ditemukan,Positif,0.992
1230,memudahkann mantapp,Topik Tidak Relevan,Tidak Ditemukan,Positif,0.982
1231,GK bisa bayar knpa taun lalu bisa gagal terus mau bayar,Pembayaran Pajak Kendaraan Online,"bayar, pajak, kendara, tahun, online",Negatif,0.818
1232,udah bayar biaya pos untuk pengiriman eh paketnya dititipin ke tetangga yg kbetulan lg ke samsat,Layanan Jasa Kurir Pengiriman,"pos, kirim, via, indonesia, guna",Negatif,0.995
1233,ngirit nieh,Topik Tidak Relevan,Tidak Ditemukan,Negatif,0.611
1234,halo min,Topik Tidak Relevan,Tidak Ditemukan,Netral,0.909
1235,ini saya mau bayar kok gabisa ya di aplikasi udh hari berturut mau bayar gabisa tolong dibantu yaa,Pembayaran Pajak Kendaraan Online,"bayar, pajak, kendara, tahun, online",Negatif,0.904
1236,sangat mudah digunakan dan membantu untuk pembayaran pajak tahunan kendaraan saya,Pembayaran Pajak Kendaraan Online,"bayar, pajak, kendara, tahun, online",Positif,0.976
1237,di aplikasi ada biaya tambahan jasa Raharja dan ada kartunya tapi pas nyampai cuma STNK nya aja,Rincian Biaya Administrasi dan Transaksi,"kali, daftar, biaya, transaksi, ktp",Negatif,0.56
1238,pelayanan memuaskan sangat membantu,Kualitas Pelayanan dan Antrean di Samsat,"layan, antri, samsat, masyarakat, respon",Positif,0.998
1239,dengan adanya signal bayar pajak jadi semakin mudah dan efisien,Pembayaran Pajak Kendaraan Online,"bayar, pajak, kendara, tahun, online",Positif,0.916
1240,hadeh mau bayar pajak aja di persulit pendaftaran gagal bikin telat aja terus denda deh segera di perbaiki lah min,Kendala Teknis Aplikasi (Loading),"orang, sibuk, data, bayar, bank",Negatif,0.999
1241,sangat membantu dan memudahkan,Topik Tidak Relevan,Tidak Ditemukan,Positif,0.992
1242,sangat membantu dan lebih praktis,Topik Tidak Relevan,Tidak Ditemukan,Positif,0.999
1243,maantap,Topik Tidak Relevan,Tidak Ditemukan,Positif,0.656
1244,baikk,Topik Tidak Relevan,Tidak Ditemukan,Netral,0.903
1245,Alhamdulillah berhasil walau pmbyaran pakai BCA,Kualitas Pelayanan dan Antrean di Samsat,"layan, antri, samsat, masyarakat, respon",Positif,0.993
1246,proses pengiriman sangat lama,Proses dan Durasi Pengiriman STNK,"kirim, proses, stnk, tanggal, minggu",Negatif,0.653
1247,masukan pengiriman agar lebih cepat,Layanan Jasa Kurir Pengiriman,"pos, kirim, via, indonesia, guna",Positif,0.828
1248,bagi yg sibuk kuli ini sangat membantu,Kendala Teknis Aplikasi (Loading),"orang, sibuk, data, bayar, bank",Positif,0.941
1249,btw kalau untuk pergantian plat no jg apakah bisa,Perpanjangan STNK 5 Tahunan (Ganti Plat),"stnk, panjang, samsat, ganti, plat",Netral,0.964
1250,sangat bermanfaat buat perantau,Fitur dan Layanan Bantuan Aplikasi,"bikin, sistem, antar, chat, cek",Positif,0.828
1251,barang mendarat dengan slamat cuman sedikit masalah dgn pengiriman berkas saya d ajak muter,Proses dan Durasi Pengiriman STNK,"kirim, proses, stnk, tanggal, minggu",Negatif,0.996
1252,mantap tidak ada kendala sedikit pun dalam proses perpanjang stnk,Perpanjangan STNK 5 Tahunan (Ganti Plat),"stnk, panjang, samsat, ganti, plat",Positif,0.937
1253,Memudahkan dalam membayar pajak kendaraan,Pembayaran Pajak Kendaraan Online,"bayar, pajak, kendara, tahun, online",Positif,0.911
1254,menghemat waktu dan prosesnya cepat,Proses dan Durasi Pengiriman STNK,"kirim, proses, stnk, tanggal, minggu",Positif,0.997
1255,mempermudah pembayaran pajak tahunan,Pembayaran Pajak Kendaraan Online,"bayar, pajak, kendara, tahun, online",Positif,0.546
1256,cepat prosesnya,Proses dan Durasi Pengiriman STNK,"kirim, proses, stnk, tanggal, minggu",Positif,0.843
1257,ok sangat memudahkan pembayaran pajak kendaraan,Pembayaran Pajak Kendaraan Online,"bayar, pajak, kendara, tahun, online",Positif,0.849
1258,sangat membantu berapa menit proses pajak berhasil dibayar,Pembayaran Pajak Kendaraan Online,"bayar, pajak, kendara, tahun, online",Positif,0.97
1259,okehh,Topik Tidak Relevan,Tidak Ditemukan,Positif,0.597
1260,biar taat pajak,Pembayaran Pajak Kendaraan Online,"bayar, pajak, kendara, tahun, online",Netral,0.671
1261,lebih mudah lebih baik,Topik Tidak Relevan,Tidak Ditemukan,Positif,0.99
1262,jangan di persulit karna kita bawa duit,Topik Tidak Relevan,Tidak Ditemukan,Negatif,0.879
1263,berikan pasilitas nyaman dan aman,Topik Tidak Relevan,Tidak Ditemukan,Positif,0.927
1264,simple,Topik Tidak Relevan,Tidak Ditemukan,Positif,0.94
1265,RIBET PARAH MAU BAYAR MALAH BIKIN EMOSI DAN MALES BAYAR,Pembayaran Pajak Kendaraan Online,"bayar, pajak, kendara, tahun, online",Negatif,0.998
1266,applikasi yang sangat bagus mudah untuk transaksi,Rincian Biaya Administrasi dan Transaksi,"kali, daftar, biaya, transaksi, ktp",Positif,0.967
1267,sepertinya dari mulai aplikasi dan layanan pengaduan tidak memiliki nilai manfaat,Kualitas Pelayanan dan Antrean di Samsat,"layan, antri, samsat, masyarakat, respon",Negatif,0.945
1268,Pengesahan Pendaftaran STNK selalu tidak dapat diproses,Proses dan Durasi Pengiriman STNK,"kirim, proses, stnk, tanggal, minggu",Negatif,0.994
1269,Menghubungi CS baik via live chat dan email tidak membantu,Layanan Jasa Kurir Pengiriman,"pos, kirim, via, indonesia, guna",Negatif,0.914
1270,Agent live chat selalu tidak ditempat apakah mereka ini memiliki kemampuan dan SDM yang kompeten pengaduan melalui email juga tidak dibalas,Fitur dan Layanan Bantuan Aplikasi,"bikin, sistem, antar, chat, cek",Negatif,0.999
1271,Apa nilai guna dari aplikasi kalau tetap harus pergi ke samsat juga,Proses Pengurusan via Aplikasi SIGNAL,"signal, urus, samsat, digital, ambil",Negatif,0.454
1272,sementara bintang dulu soalnya stnk saya dari tanggal sampai sekarang belum dikirim kok diriwayat pelacakannya masih Pra collecting mulu ya,Proses dan Durasi Pengiriman STNK,"kirim, proses, stnk, tanggal, minggu",Negatif,0.997
1273,memudahkan saat membayar pajak bagi orang yang sibuk,Kendala Teknis Aplikasi (Loading),"orang, sibuk, data, bayar, bank",Positif,0.872
1274,jadi bisa bayar pajak tepat waktu gada alasan lagi gada waktu buat bayar pajak karena sudah lebih mudah lewat signal,Pembayaran Pajak Kendaraan Online,"bayar, pajak, kendara, tahun, online",Negatif,0.465
1275,ada beberapa orang tidak membayar pajak bukan karena masalah biaya tetapi karena waktu dengan aplikasi ini jadi mempermudah,Pembayaran Pajak Kendaraan Online,"bayar, pajak, kendara, tahun, online",Negatif,0.765
1276,STNK tidak terkirim,Proses dan Durasi Pengiriman STNK,"kirim, proses, stnk, tanggal, minggu",Negatif,0.901
1277,jozz,Topik Tidak Relevan,Tidak Ditemukan,Positif,0.629
1278,kurang cepat untuk pengirimannya,Proses dan Durasi Pengiriman STNK,"kirim, proses, stnk, tanggal, minggu",Netral,0.543
1279,stnk belum dikirim,Proses dan Durasi Pengiriman STNK,"kirim, proses, stnk, tanggal, minggu",Negatif,0.901
1280,belum saya pegang,Topik Tidak Relevan,Tidak Ditemukan,Negatif,0.519
1281,Lebih mudah tapi tinggal ambil ke samsat karena lewat pos kirim kermh lebih lama jadi saya lebih baik ambil di samsat aja,Proses Pengurusan via Aplikasi SIGNAL,"signal, urus, samsat, digital, ambil",Positif,0.989
1282,bagus aplikasi nya mempermudah banget,Topik Tidak Relevan,Tidak Ditemukan,Positif,0.994
1283,mantab proses cepat dan mudah,Proses dan Durasi Pengiriman STNK,"kirim, proses, stnk, tanggal, minggu",Positif,1.0
1284,opsi pengiriman ditambah lagi pak,Proses dan Durasi Pengiriman STNK,"kirim, proses, stnk, tanggal, minggu",Netral,0.82
1285,cukup cepat,Topik Tidak Relevan,Tidak Ditemukan,Positif,0.755
1286,Tagihan sudah terbayar tapi cetakan pajak STNK Her tahunan belum segera dikirim melalui pos secepatnya,Pembayaran Pajak Kendaraan Online,"bayar, pajak, kendara, tahun, online",Negatif,0.939
1287,padahal saya pilih yang pengiriman kilat,Proses dan Durasi Pengiriman STNK,"kirim, proses, stnk, tanggal, minggu",Negatif,0.584
1288,payah pegawainya Samsat,Perpanjangan STNK 5 Tahunan (Ganti Plat),"stnk, panjang, samsat, ganti, plat",Negatif,0.643
1289,Alhamdulillah gak perlu repot antri cumn cukup sabar nunggu pengiriman,Kualitas Pelayanan dan Antrean di Samsat,"layan, antri, samsat, masyarakat, respon",Positif,0.999
1290,sangat,Topik Tidak Relevan,Tidak Ditemukan,Netral,0.49
1291,membantu sekali,Topik Tidak Relevan,Tidak Ditemukan,Positif,0.94
1292,hemat waktu hemat .uang,Proses Pengurusan via Aplikasi SIGNAL,"signal, urus, samsat, digital, ambil",Positif,0.993
1293,aman dari calo,Topik Tidak Relevan,Tidak Ditemukan,Positif,0.898
1294,sangat membantu kalau bisa dilayani juga untuk balik nama kendaraan via app,Layanan Pengiriman STNK ke Rumah,"rumah, langsung, kirim, stnk, samsat",Positif,0.93
1295,sangat membantu dalam mempermudah perpanjangan pajak motor,Pembayaran Pajak Kendaraan Online,"bayar, pajak, kendara, tahun, online",Positif,0.994
1296,tidak bisa digunakan,Layanan Jasa Kurir Pengiriman,"pos, kirim, via, indonesia, guna",Netral,0.612
1297,mantab sangat mempermudah bagi pekerja,Topik Tidak Relevan,Tidak Ditemukan,Positif,0.998
1298,terimakasih untuk aplikasinya,Topik Tidak Relevan,Tidak Ditemukan,Positif,0.915
1299,bebas calo dan pungli,Topik Tidak Relevan,Tidak Ditemukan,Positif,0.813
1300,Mantap bisa byr pajak dimanapun,Perbandingan Layanan Online vs. Kantor Samsat,"kantor, samsat, online, daerah, kota",Positif,0.965
1301,cepat akurat,Topik Tidak Relevan,Tidak Ditemukan,Positif,0.983
1302,Pelayanan sangat membantu,Kualitas Pelayanan dan Antrean di Samsat,"layan, antri, samsat, masyarakat, respon",Positif,0.989
1303,masa bayar pajak tahunan aktif nya cuma bulan hari bukannya setahun ya harus nya ada keterangan klu belum jatuh tempo ga bisa di bayar atau minimal ga bisa di akses parah super parah,Pembayaran Pajak Kendaraan Online,"bayar, pajak, kendara, tahun, online",Negatif,0.837
1304,tinggal samsat online,Perbandingan Layanan Online vs. Kantor Samsat,"kantor, samsat, online, daerah, kota",Positif,0.571
1305,bayar mbanking langsung jadi,Layanan Pengiriman STNK ke Rumah,"rumah, langsung, kirim, stnk, samsat",Positif,0.863
1306,besoknya fisiknya sudah sampai,Proses dan Durasi Pengiriman STNK,"kirim, proses, stnk, tanggal, minggu",Netral,0.729
1307,sangat membantu bagi saya yang memiliki keterbatasan untuk ke lokasi samsat terimakasih Samsat online,Perbandingan Layanan Online vs. Kantor Samsat,"kantor, samsat, online, daerah, kota",Positif,0.9
1308,Alhamdulillah lancar,Topik Tidak Relevan,Tidak Ditemukan,Positif,0.999
1309,proses berjalan dengan lancar proses minggu berkas sudah sampai alamat tujuan,Proses dan Durasi Pengiriman STNK,"kirim, proses, stnk, tanggal, minggu",Positif,0.651
1310,alhamdulillah cepet terimakasih bagi yang jatuh tempo awal bulan semisal tgl harap teliti karena aplikasi on setiap awal bulan tidak bisa proses di bulan sebelumnya,Proses dan Durasi Pengiriman STNK,"kirim, proses, stnk, tanggal, minggu",Positif,0.998
1311,ga perlu repot ke samsat,Perbandingan Layanan Online vs. Kantor Samsat,"kantor, samsat, online, daerah, kota",Positif,0.994
1312,okey pak,Topik Tidak Relevan,Tidak Ditemukan,Positif,0.63
1313,Sangat membantu dan bermanfaat semoga kedepan layananya akan lebih bertambah baik lagi salam persisi dan layanan ini sangat membantu bagi yang sibuk atau di luar daerah,Perbandingan Layanan Online vs. Kantor Samsat,"kantor, samsat, online, daerah, kota",Positif,0.988
1314,sangat membantu pengiriman cepat tepat terpercaya Pos the best,Layanan Jasa Kurir Pengiriman,"pos, kirim, via, indonesia, guna",Positif,0.998
1315,terima kasih sangat berguna sekali ada aplikasi signal ga harus jauh pulang kampung untuk perpanjangan stnk cukup online sminggu sudah sampai,Perpanjangan STNK 5 Tahunan (Ganti Plat),"stnk, panjang, samsat, ganti, plat",Positif,0.939
1316,status pengiriman kepencet selesai tapi fisik stnk belum datang apa masih aman nggak ya,Proses dan Durasi Pengiriman STNK,"kirim, proses, stnk, tanggal, minggu",Negatif,0.98
1317,ok muantap,Topik Tidak Relevan,Tidak Ditemukan,Positif,0.78
1318,mantab cukup mudah bayar pajaknya sampai dengan cepat,Pembayaran Pajak Kendaraan Online,"bayar, pajak, kendara, tahun, online",Positif,0.999
1319,akhirnya bisa bayar online,Pembayaran Pajak Kendaraan Online,"bayar, pajak, kendara, tahun, online",Netral,0.543
1320,bagus banget pengerjaan nya juga cepat,Topik Tidak Relevan,Tidak Ditemukan,Positif,0.996
1321,overall oke,Topik Tidak Relevan,Tidak Ditemukan,Positif,0.962
1322,pengiriman lumayan apk nya pak pembayaran pilih bank lama sekali muncul kodenya bahkan gak bisa,Proses dan Durasi Pengiriman STNK,"kirim, proses, stnk, tanggal, minggu",Negatif,0.998
1323,jadi bayar di tokped,Pembayaran Pajak Kendaraan Online,"bayar, pajak, kendara, tahun, online",Netral,0.504
1324,untuk kartu fisiknya tidak seperti kita datang langsung ke Samsat,Perpanjangan STNK 5 Tahunan (Ganti Plat),"stnk, panjang, samsat, ganti, plat",Netral,0.79
1325,aplikasi eror tidak dapat melakukan pembayaran,Rincian Biaya Administrasi dan Transaksi,"kali, daftar, biaya, transaksi, ktp",Negatif,0.983
1326,pilihan pembayaran masi rancu,Pembayaran Pajak Kendaraan Online,"bayar, pajak, kendara, tahun, online",Netral,0.483
1327,harusnya dr awal ada pilihan pembayaran mau pake bank apa atau dompet digital apa,Proses Pengurusan via Aplikasi SIGNAL,"signal, urus, samsat, digital, ambil",Netral,0.594
1328,jd ga bingung ini kode bayar ternyata ga bisa di pake di bbrapa bank,Pembayaran Pajak Kendaraan Online,"bayar, pajak, kendara, tahun, online",Negatif,0.91
1329,tp over all sangat membantu jiwa yg malas keluar,Topik Tidak Relevan,Tidak Ditemukan,Positif,0.999
1330,apalikasi SIGNAL sangat membantu untuk pembayaran pajak tahunan bagi yang tidak sempat ke samsat dan jauh karena domisili di luar daerah proses cepat hari dari setelaah pembayaran dan sekarang sudah sampai terima kasih SIGNAL,Pembayaran Pajak Kendaraan Online,"bayar, pajak, kendara, tahun, online",Positif,0.95
1331,ga perlu antri bener ngebantu bgt,Kualitas Pelayanan dan Antrean di Samsat,"layan, antri, samsat, masyarakat, respon",Positif,0.999
1332,Membantu sekali untuk seorang IRT yg punya anak kecil tapi mesti bayar pajak motor jadi ga repot antri bawa krucil,Pembayaran Pajak Kendaraan Online,"bayar, pajak, kendara, tahun, online",Positif,0.987
1333,Thx,Permintaan Bantuan dan Saran Peningkatan,"bantu, tingkat, proses, samsat, rantau",Positif,0.839
1334,pengiriman cepat Alhmdllah tadinya ragu ragu dan cemas,Proses dan Durasi Pengiriman STNK,"kirim, proses, stnk, tanggal, minggu",Positif,0.932
1335,keren ngga usah antri,Kualitas Pelayanan dan Antrean di Samsat,"layan, antri, samsat, masyarakat, respon",Positif,0.996
1336,pembayaran selalu error,Pembayaran Pajak Kendaraan Online,"bayar, pajak, kendara, tahun, online",Negatif,0.863
1337,waktu pembayaran eror melulu udah pindah pindah pembayaran tetep gk bisa,Pembayaran Pajak Kendaraan Online,"bayar, pajak, kendara, tahun, online",Negatif,0.989
1338,Trmksih atas kemudahan pelayanan pembayaran pajak kendaraan,Pembayaran Pajak Kendaraan Online,"bayar, pajak, kendara, tahun, online",Positif,0.974
1339,saya belum Nerima STNK fisik tpi dari aplikasi sudah selesai karena melibihi estimasi,Proses dan Durasi Pengiriman STNK,"kirim, proses, stnk, tanggal, minggu",Positif,0.509
1340,sangat terbantu dengan fasilitas pembayaran online,Pembayaran Pajak Kendaraan Online,"bayar, pajak, kendara, tahun, online",Positif,0.904
1341,semoga terus dipertahankan dan ditingkatkan,Permintaan Bantuan dan Saran Peningkatan,"bantu, tingkat, proses, samsat, rantau",Positif,0.688
1342,sangat membantu buat saya,Fitur dan Layanan Bantuan Aplikasi,"bikin, sistem, antar, chat, cek",Positif,0.84
1343,ini kenapa selalu muter muter terus gk selesai selesai pas pilih metode pembayaran jadi gagal bayar,Proses dan Durasi Pengiriman STNK,"kirim, proses, stnk, tanggal, minggu",Negatif,0.994
1344,mantap nih saya sudah coba berhasil sangat membantu alangkah lebih baik pajak tahunan sistem nya seperti ini mempermudah masyarakat dan bisa semakin antusias untuk taat bayar pajak namun kadang hologram stempelnya kadang ada kadang gak ada,Pembayaran Pajak Kendaraan Online,"bayar, pajak, kendara, tahun, online",Positif,0.992
1345,mantap ada yg mudah kenapa cari yang susah,Topik Tidak Relevan,Tidak Ditemukan,Positif,0.96
1346,bgus tidak perlu datang untuk bayar pajak,Pembayaran Pajak Kendaraan Online,"bayar, pajak, kendara, tahun, online",Positif,0.959
1347,Mempermudah meskipun kadang sistem pembayaran melalui bank agak sulit,Kendala Teknis Aplikasi (Loading),"orang, sibuk, data, bayar, bank",Negatif,0.661
1348,buset gua mau regist aja kudu ke dukcapil gak akan gua bayar upeti,Pembayaran Pajak Kendaraan Online,"bayar, pajak, kendara, tahun, online",Negatif,0.994
1349,sangat bermanfaat jadi lebih mudah dan tidak harus antri pergi ke samsat,Kualitas Pelayanan dan Antrean di Samsat,"layan, antri, samsat, masyarakat, respon",Positif,0.998
1350,kena admin rb bilangnya admin pengiriman tapi gua ttp pengesahan ke kantor nya,Perbandingan Layanan Online vs. Kantor Samsat,"kantor, samsat, online, daerah, kota",Negatif,0.993
1351,bayar stnk via aplikasi kereeen,Pembayaran Pajak Kendaraan Online,"bayar, pajak, kendara, tahun, online",Positif,0.881
1352,TERIMA KASIH SIGNAL STNK SUDAH DITERIMA,Perpanjangan STNK 5 Tahunan (Ganti Plat),"stnk, panjang, samsat, ganti, plat",Positif,0.991
1353,WEZ APEK POKOKEEE AMANAH NJOZZZZ,Topik Tidak Relevan,Tidak Ditemukan,Positif,0.995
1354,sangat mempermudah bayar pajak,Pembayaran Pajak Kendaraan Online,"bayar, pajak, kendara, tahun, online",Positif,0.797
1355,berguna,Layanan Jasa Kurir Pengiriman,"pos, kirim, via, indonesia, guna",Netral,0.591
1356,sangat membantu untuk membayar pajak khususnya saat saya masih di luar negeri,Pembayaran Pajak Kendaraan Online,"bayar, pajak, kendara, tahun, online",Positif,0.894
1357,mantap lebih mempermudah jdi gaperlu jauh jauh ke Samsat btw agak lama wajar sih mungkin karna di Samsat membludak orng bayar pajak karna ada pengampunan pajak dri pemprov Jabar terimaksi,Pembayaran Pajak Kendaraan Online,"bayar, pajak, kendara, tahun, online",Positif,1.0
1358,terima kasih lancar dan mudah sekali prosesnya,Proses dan Durasi Pengiriman STNK,"kirim, proses, stnk, tanggal, minggu",Positif,0.999
1359,mantaaap app digital,Proses Pengurusan via Aplikasi SIGNAL,"signal, urus, samsat, digital, ambil",Positif,0.986
1360,sukses terus,Topik Tidak Relevan,Tidak Ditemukan,Positif,0.968
1361,mantap dan tidak ribet,Topik Tidak Relevan,Tidak Ditemukan,Positif,0.993
1362,sangat membantu dalam proses pembayaran pajak melalui apk ini,Pembayaran Pajak Kendaraan Online,"bayar, pajak, kendara, tahun, online",Positif,0.716
1363,sangat membantu terimakasih,Topik Tidak Relevan,Tidak Ditemukan,Positif,0.994
1364,sangat membantu dengan ada nya app SIGNAL ini gk perlu ribet ke Samsat,Proses Pengurusan via Aplikasi SIGNAL,"signal, urus, samsat, digital, ambil",Positif,0.985
1365,tapi terima kasih sudah mempermudah kami,Topik Tidak Relevan,Tidak Ditemukan,Positif,0.995
1366,lain kali semoga bisa cetak sendiri di fotocopy terdekat,Perpanjangan STNK 5 Tahunan (Ganti Plat),"stnk, panjang, samsat, ganti, plat",Netral,0.954
1367,hehehe,Topik Tidak Relevan,Tidak Ditemukan,Netral,0.773
1368,Alhamdulillah sangat terbantu sekali dengan aplikasi signal ini umke biro jasa klo pergantian plat nomor aja tahun sekali,Perpanjangan STNK 5 Tahunan (Ganti Plat),"stnk, panjang, samsat, ganti, plat",Positif,0.999
1369,mantaps sekarang bayar pajak sangat mudah,Pembayaran Pajak Kendaraan Online,"bayar, pajak, kendara, tahun, online",Positif,0.954
1370,berkas sudah hari tidak segera dikirim Samsat kota blitar,Perbandingan Layanan Online vs. Kantor Samsat,"kantor, samsat, online, daerah, kota",Negatif,0.949
1371,membayar pajak menjadi lebih mudah,Pembayaran Pajak Kendaraan Online,"bayar, pajak, kendara, tahun, online",Positif,0.977
1372,mantap solusi ketika kita tidak ada waktu good job,Kendala Teknis Aplikasi (Loading),"orang, sibuk, data, bayar, bank",Positif,0.997
1373,SANGAT MEMUDAHKAN,Topik Tidak Relevan,Tidak Ditemukan,Positif,0.811
1374,Kok nggak bisa bayar lewat atm sih hari ini Keterangan y transaksi gagal anda sementara ini belum bisa melakukan transaksi ini,Rincian Biaya Administrasi dan Transaksi,"kali, daftar, biaya, transaksi, ktp",Negatif,0.985
1375,sangat sangat membantu bagi yg mager tinggal pakai aplikasi ini semau pasti beres,Layanan Pengiriman STNK ke Rumah,"rumah, langsung, kirim, stnk, samsat",Positif,0.97
1376,bagus dan sangat membantu,Topik Tidak Relevan,Tidak Ditemukan,Positif,0.996
1377,mudah cepat terpercaya,Topik Tidak Relevan,Tidak Ditemukan,Positif,0.999
1378,bagus dan cepat,Topik Tidak Relevan,Tidak Ditemukan,Positif,0.993
1379,sangat membantu tanpa ribet antri dan stnk sampe k rumah dg aman,Layanan Pengiriman STNK ke Rumah,"rumah, langsung, kirim, stnk, samsat",Positif,0.999
1380,Sangat membantu terima kasih,Topik Tidak Relevan,Tidak Ditemukan,Positif,0.994
1381,Mudah an ke depannya juga bisa buat pajak lima tahunan,Pembayaran Pajak Kendaraan Online,"bayar, pajak, kendara, tahun, online",Netral,0.893
1382,gercep,Topik Tidak Relevan,Tidak Ditemukan,Netral,0.683
1383,baguss sangat mempermudah,Topik Tidak Relevan,Tidak Ditemukan,Positif,0.991
1384,pengirimannya lambat udah bulan lebih gak nyampe,Proses dan Durasi Pengiriman STNK,"kirim, proses, stnk, tanggal, minggu",Negatif,0.994
1385,untuk proses pencetakan sangaicepat hanya saja untuk pengiriman hari kerja,Proses dan Durasi Pengiriman STNK,"kirim, proses, stnk, tanggal, minggu",Negatif,0.903
1386,tidak bisa bayar tanpa daftarkan kendaraan dan nik rumit,Pembayaran Pajak Kendaraan Online,"bayar, pajak, kendara, tahun, online",Negatif,0.95
1387,begini lah makin cepat,Topik Tidak Relevan,Tidak Ditemukan,Netral,0.541
1388,ok mantap buat semuanya kita jadi dipermudah dalam pengurusan nya,Proses Pengurusan via Aplikasi SIGNAL,"signal, urus, samsat, digital, ambil",Positif,0.998
1389,luara biasa cepat gak.perlu ngantri lagi,Kualitas Pelayanan dan Antrean di Samsat,"layan, antri, samsat, masyarakat, respon",Positif,0.968
1390,sangat membantu sekali gk perlu langsung byr pajak kekantornya bisa online,Perbandingan Layanan Online vs. Kantor Samsat,"kantor, samsat, online, daerah, kota",Positif,0.985
1391,Tidak bisa memilih samsat,Proses Pengurusan via Aplikasi SIGNAL,"signal, urus, samsat, digital, ambil",Netral,0.528
1392,Proses delivery lama,Proses dan Durasi Pengiriman STNK,"kirim, proses, stnk, tanggal, minggu",Netral,0.439
1393,mantap cukup mudah,Topik Tidak Relevan,Tidak Ditemukan,Positif,0.997
1394,kenapa aplikasi ini di baca sebagai virus ketika akan di instal di android ya,Kualitas Pelayanan dan Antrean di Samsat,"layan, antri, samsat, masyarakat, respon",Negatif,0.826
1395,Saya merasa sangat terbantu dengan aplikasi Signal ini,Proses Pengurusan via Aplikasi SIGNAL,"signal, urus, samsat, digital, ambil",Positif,0.987
1396,Bayarnya via transfer bukti pajaknya dikirim melalui pos,Layanan Jasa Kurir Pengiriman,"pos, kirim, via, indonesia, guna",Negatif,0.652
1397,mantap jos gandos.bayar pajak dari rumah STNK di kirim.pengesahan pakai stiker hologram tinggal tempel aja.terimkasih,Perpanjangan STNK 5 Tahunan (Ganti Plat),"stnk, panjang, samsat, ganti, plat",Positif,0.998
1398,Aplikasi Mainan ini,Topik Tidak Relevan,Tidak Ditemukan,Negatif,0.718
1399,udah hari mencoba bayar pajak gabisa mulu di proses pembayaran,Pembayaran Pajak Kendaraan Online,"bayar, pajak, kendara, tahun, online",Negatif,0.929
1400,Tolong dicek lagi ini sistemnya,Fitur dan Layanan Bantuan Aplikasi,"bikin, sistem, antar, chat, cek",Negatif,0.628
1401,thx ngebantu bgt,Permintaan Bantuan dan Saran Peningkatan,"bantu, tingkat, proses, samsat, rantau",Positif,0.996
1402,saat membantu dan praktis untuk bayar pajak hanya pengirimanya lama,Pembayaran Pajak Kendaraan Online,"bayar, pajak, kendara, tahun, online",Positif,1.0
1403,aplikasi tolol,Topik Tidak Relevan,Tidak Ditemukan,Negatif,0.839
1404,cepat dan benar,Topik Tidak Relevan,Tidak Ditemukan,Positif,0.892
1405,jadi sangat gampang bagi yang tidak ada waktu untuk mengurus STNK,Perpanjangan STNK 5 Tahunan (Ganti Plat),"stnk, panjang, samsat, ganti, plat",Positif,0.846
1406,bagus sangat membantu,Topik Tidak Relevan,Tidak Ditemukan,Positif,0.996
1407,pelayanan yng cukup bagus dn memuaskan STNK dikirim sesuai alamat semoga kedepannya selalu memberikan pelayanan terbaik,Proses dan Durasi Pengiriman STNK,"kirim, proses, stnk, tanggal, minggu",Positif,0.982
1408,urus perpanjang STNK semudah ini proses cukup dirumah dan dikirim langsung ke alamat mudah dan cepat lebih tingkatkan lagi pelayanan yang seperti ini,Proses dan Durasi Pengiriman STNK,"kirim, proses, stnk, tanggal, minggu",Positif,0.998
1409,Sudah diterma ok banget ga perlu repot repot,Topik Tidak Relevan,Tidak Ditemukan,Positif,0.998
1410,bentuk pelayanan pajak yang sangat praktis cukup dari rumah saja,Kualitas Pelayanan dan Antrean di Samsat,"layan, antri, samsat, masyarakat, respon",Positif,0.993
1411,Terimah kasih Signal sangat membantu sehingga tdk perlu repot kekantor samsat untuk urus STNK tingkatkan terus pelayanannya untuk masyarakat maju terus thx,Permintaan Bantuan dan Saran Peningkatan,"bantu, tingkat, proses, samsat, rantau",Positif,0.994
1412,Keren bayar pajak kendaraan mudah bahkan saat weekend pun pengiriman tetap berjalan,Pembayaran Pajak Kendaraan Online,"bayar, pajak, kendara, tahun, online",Positif,0.952
1413,sampai dengan cepat,Topik Tidak Relevan,Tidak Ditemukan,Positif,0.755
1414,Biasa bayar pajak Dpet Pdf di Print krng ada fiture kirim kerumah,Layanan Pengiriman STNK ke Rumah,"rumah, langsung, kirim, stnk, samsat",Netral,0.506
1415,jadi bayar pajak udh satset bayar Jumat malem minggu siang udh sampe,Pembayaran Pajak Kendaraan Online,"bayar, pajak, kendara, tahun, online",Positif,0.564
1416,bagus cepat simple the best,Topik Tidak Relevan,Tidak Ditemukan,Positif,1.0
1417,apknya sangat membantu,Topik Tidak Relevan,Tidak Ditemukan,Positif,0.97
1418,alhamdulilah lebih di permudah bayar pajaknya,Pembayaran Pajak Kendaraan Online,"bayar, pajak, kendara, tahun, online",Positif,0.998
1419,sangat baik,Topik Tidak Relevan,Tidak Ditemukan,Netral,0.877
1420,alhamdulillah benar benar sangat membantu,Topik Tidak Relevan,Tidak Ditemukan,Positif,1.0
1421,terima kasih bapak bapak kapolri,Topik Tidak Relevan,Tidak Ditemukan,Positif,0.866
1422,the best pokoknya,Layanan Jasa Kurir Pengiriman,"pos, kirim, via, indonesia, guna",Positif,0.994
1423,proses cepat tanpa harus mengurus ke Samsat,Proses Pengurusan via Aplikasi SIGNAL,"signal, urus, samsat, digital, ambil",Positif,0.991
1424,baik cepat,Topik Tidak Relevan,Tidak Ditemukan,Netral,0.758
1425,sangat memuaskan,Topik Tidak Relevan,Tidak Ditemukan,Positif,0.852
1426,mantap permudah proses,Proses dan Durasi Pengiriman STNK,"kirim, proses, stnk, tanggal, minggu",Positif,0.998
1427,satu minggu proses sampai rumah dengan selamat Terimakasih semoga lebih cepat lagi,Proses dan Durasi Pengiriman STNK,"kirim, proses, stnk, tanggal, minggu",Positif,0.995
1428,mantap app signal mempermudah bayar pajak untuk yg ada di luar kota mempermudah banget,Perbandingan Layanan Online vs. Kantor Samsat,"kantor, samsat, online, daerah, kota",Positif,0.999
1429,sangat brMnfaat efesien waktu byar dRmh online duduk manis STNK baru ny dtng kRmh hr kmudian jd ga prlu kSamsat,Perpanjangan STNK 5 Tahunan (Ganti Plat),"stnk, panjang, samsat, ganti, plat",Positif,0.928
1430,Surat pembayaran pajak baru sampai hari ini Juni .sedangkan estimasinya sampai tgl,Pembayaran Pajak Kendaraan Online,"bayar, pajak, kendara, tahun, online",Positif,0.797
1431,Juni telat hari,Perbandingan Layanan Online vs. Kantor Samsat,"kantor, samsat, online, daerah, kota",Negatif,0.731
1432,bagus tidak perlu repot ke kantor pajak,Perbandingan Layanan Online vs. Kantor Samsat,"kantor, samsat, online, daerah, kota",Positif,0.999
1433,bagus cepat dan gampang,Topik Tidak Relevan,Tidak Ditemukan,Positif,0.999
1434,tingkatkan terus pelayanannya agar lebih mudah dan cepat,Kualitas Pelayanan dan Antrean di Samsat,"layan, antri, samsat, masyarakat, respon",Positif,0.982
1435,cepat dan tidak antri,Kualitas Pelayanan dan Antrean di Samsat,"layan, antri, samsat, masyarakat, respon",Positif,0.992
1436,Mantap terus tingkatkan layanan min,Kualitas Pelayanan dan Antrean di Samsat,"layan, antri, samsat, masyarakat, respon",Positif,0.966
1437,sangat membantu cukup dari rumah,Layanan Pengiriman STNK ke Rumah,"rumah, langsung, kirim, stnk, samsat",Positif,0.986
1438,memuaskan cepat membantu sayang kenapa gak sekalian STNKnya di cetak,Proses dan Durasi Pengiriman STNK,"kirim, proses, stnk, tanggal, minggu",Positif,0.957
1439,tapi thx signal,Proses Pengurusan via Aplikasi SIGNAL,"signal, urus, samsat, digital, ambil",Positif,0.892
1440,mantap kualitas sangat bagus,Topik Tidak Relevan,Tidak Ditemukan,Positif,0.997
1441,sangat bermanfaat bagi orang yang sedikit punya waktu sukses signal terimakasih kerja yg baik signal semakin sukses pos indo satset,Proses Pengurusan via Aplikasi SIGNAL,"signal, urus, samsat, digital, ambil",Positif,0.944
1442,GK perlu ribet antri bayar parkir ngeluarin uang buat beli es duduk diem drumah sambil rebahan cukup bayar biaya pengiriman,Layanan Jasa Kurir Pengiriman,"pos, kirim, via, indonesia, guna",Positif,0.721
1443,rupiah eh tau tau udah dianter ja terimakasih aplikasi signal,Perbandingan Layanan Online vs. Kantor Samsat,"kantor, samsat, online, daerah, kota",Negatif,0.735
1444,sangat membantu sekali dan sangat memudahkan,Topik Tidak Relevan,Tidak Ditemukan,Positif,0.98
1445,sangat mudah dan membantu kami kami yang susah meluangkan waktu untuk ke Samsat,Perbandingan Layanan Online vs. Kantor Samsat,"kantor, samsat, online, daerah, kota",Positif,0.953
1446,mantaaaap bayar pajak jd lbh mudah tingkatkan terus pelayanan dan inovasinya,Pembayaran Pajak Kendaraan Online,"bayar, pajak, kendara, tahun, online",Positif,0.995
1447,katanya online,Perbandingan Layanan Online vs. Kantor Samsat,"kantor, samsat, online, daerah, kota",Netral,0.541
1448,tapi tetap disuruh datang ke samsat nya untuk verifikasi,Perpanjangan STNK 5 Tahunan (Ganti Plat),"stnk, panjang, samsat, ganti, plat",Negatif,0.981
1449,Itu namanya offline pak,Layanan Pengiriman STNK ke Rumah,"rumah, langsung, kirim, stnk, samsat",Netral,0.883
1450,sistem kok buat ribet,Fitur dan Layanan Bantuan Aplikasi,"bikin, sistem, antar, chat, cek",Netral,0.453
1451,lebih baik dari APK Sebelah Inisial nya Sapa Warga Sambara,Topik Tidak Relevan,Tidak Ditemukan,Negatif,0.55
1452,sangat terbantu sekali dengan aplikasi signal ini dan prosesnya begitu cepat kamis sore saya transaksi nya sabtu sdh terima terima kasih banyak sudah mempermudah perpanjangan pajak motor,Rincian Biaya Administrasi dan Transaksi,"kali, daftar, biaya, transaksi, ktp",Positif,0.988
1453,cepat walaupun beda kota pengirimannya,Proses dan Durasi Pengiriman STNK,"kirim, proses, stnk, tanggal, minggu",Netral,0.554
1454,Jadi Lebih Mudah Cepet,Topik Tidak Relevan,Tidak Ditemukan,Positif,0.998
1455,Semoga Terus seperti ini untuk membuat masyarakat taat pajak,Pembayaran Pajak Kendaraan Online,"bayar, pajak, kendara, tahun, online",Netral,0.872
1456,Mempermudah pelayanan kami yang ada diluar kota,Perbandingan Layanan Online vs. Kantor Samsat,"kantor, samsat, online, daerah, kota",Positif,0.96
1457,Baik dan Cepat,Topik Tidak Relevan,Tidak Ditemukan,Netral,0.758
1458,mantab cepet juga pelayanannya stnk dateng tepat waktu ga perlu antri di samsat,Kualitas Pelayanan dan Antrean di Samsat,"layan, antri, samsat, masyarakat, respon",Positif,1.0
1459,pas pemutihan di jabar samsat full antri pake ini tinggal tunggu dirumah sampe tuh stnk,Layanan Pengiriman STNK ke Rumah,"rumah, langsung, kirim, stnk, samsat",Positif,0.985
1460,mantab dah,Topik Tidak Relevan,Tidak Ditemukan,Positif,0.986
1461,terbaik emang.sangat membantu gk perlu susah ke samsat man,Perbandingan Layanan Online vs. Kantor Samsat,"kantor, samsat, online, daerah, kota",Positif,0.681
1462,Tingkatkan lgi pengiriman biar lbih cepatt,Permintaan Bantuan dan Saran Peningkatan,"bantu, tingkat, proses, samsat, rantau",Netral,0.951
1463,Bayar pajak simple dan praktis tanpa harus ngantri dan udh terjamin aman terbukti dipake tiap tahun berturut buat bayar pajak,Pembayaran Pajak Kendaraan Online,"bayar, pajak, kendara, tahun, online",Positif,0.999
1464,pertama menggunakan apk signal lancar gk ada masalah mau perpanjangan yg ke dua gagal terus,Perpanjangan STNK 5 Tahunan (Ganti Plat),"stnk, panjang, samsat, ganti, plat",Negatif,0.893
1465,infonya sistemnya bermasalah dan harus ke kantor samsat,Perbandingan Layanan Online vs. Kantor Samsat,"kantor, samsat, online, daerah, kota",Netral,0.579
1466,kt ini mau jd wajib pajak yg taat sdgkan waktu kt terbatas dan lokasi samsat yg jauh sblm jatuh tempo dan s d jth tempo pjak gk bs byr online ujung nya jd telat dan kena denda sp yg hrs di salahkan tlg pemerintah memperhatikan ini krn pjk msk negara,Perbandingan Layanan Online vs. Kantor Samsat,"kantor, samsat, online, daerah, kota",Negatif,0.976
1467,Terimakasih surat pajak sudah sampai di rumah kemudahan sistem online tidak harus antri di kantor,Perbandingan Layanan Online vs. Kantor Samsat,"kantor, samsat, online, daerah, kota",Positif,0.999
1468,Pelayanan sangat baik,Kualitas Pelayanan dan Antrean di Samsat,"layan, antri, samsat, masyarakat, respon",Positif,0.439
1469,sangat membantu masyarakat semoga kedepannya ganti kaleng pun bisa melalui aplikasi ini tanpa harus ke kantor samsat,Permintaan Bantuan dan Saran Peningkatan,"bantu, tingkat, proses, samsat, rantau",Netral,0.656
1470,ga bisa bayar pajak kenapa ya,Pembayaran Pajak Kendaraan Online,"bayar, pajak, kendara, tahun, online",Netral,0.474
1471,sangat membantu tidak perlu antri di Samsat tidak sampai seminggu STNK sudah di terima di rumah,Layanan Pengiriman STNK ke Rumah,"rumah, langsung, kirim, stnk, samsat",Positif,0.998
1472,semoga yg tahunan bs online juga,Pembayaran Pajak Kendaraan Online,"bayar, pajak, kendara, tahun, online",Netral,0.978
1473,cepat dan efisien,Topik Tidak Relevan,Tidak Ditemukan,Positif,0.994
1474,mudah praktis cepat,Topik Tidak Relevan,Tidak Ditemukan,Positif,0.999
1475,terima kasih signal,Proses Pengurusan via Aplikasi SIGNAL,"signal, urus, samsat, digital, ambil",Positif,0.965
1476,sangat membantu dalam membayar pajak kendaraan tidak usah jauh ke samsat dan tidak ngantri,Pembayaran Pajak Kendaraan Online,"bayar, pajak, kendara, tahun, online",Positif,0.975
1477,Ya beginilah harusnya pembayaran pajak mudah hanya dengan aplikasi,Pembayaran Pajak Kendaraan Online,"bayar, pajak, kendara, tahun, online",Positif,0.789
1478,saran agar disediakan fitur download stnk elektroniknya,Kendala Teknis Aplikasi (Loading),"orang, sibuk, data, bayar, bank",Netral,0.939
1479,waktunya agak lama,Topik Tidak Relevan,Tidak Ditemukan,Netral,0.528
1480,sip lebih mudah,Topik Tidak Relevan,Tidak Ditemukan,Positif,0.995
1481,cepet sat set tanpa ribet,Kualitas Pelayanan dan Antrean di Samsat,"layan, antri, samsat, masyarakat, respon",Positif,0.999
1482,Aman dan terpercaya,Topik Tidak Relevan,Tidak Ditemukan,Positif,0.993
1483,mantap memudahkan urus pajak kendaraan,Pembayaran Pajak Kendaraan Online,"bayar, pajak, kendara, tahun, online",Positif,1.0
1484,tanpa antri dan tanpa ribet,Kualitas Pelayanan dan Antrean di Samsat,"layan, antri, samsat, masyarakat, respon",Positif,0.985
1485,knp sampai sekarang belum sampai STNK nya padahal saya udh bayar biaya kirim nya,Proses dan Durasi Pengiriman STNK,"kirim, proses, stnk, tanggal, minggu",Negatif,0.988
1486,bayar pajak stnk gampang cuma tau tahun ini lama bgt,Pembayaran Pajak Kendaraan Online,"bayar, pajak, kendara, tahun, online",Negatif,0.733
1487,sampe nunggu lama baru di anterin,Fitur dan Layanan Bantuan Aplikasi,"bikin, sistem, antar, chat, cek",Netral,0.808
1488,proses tahun kemaren cepet ga nunggu lama,Proses dan Durasi Pengiriman STNK,"kirim, proses, stnk, tanggal, minggu",Netral,0.84
1489,tapi tetep best sih tanpa harus ke samsat tapi udah di kirim lewat apk,Proses dan Durasi Pengiriman STNK,"kirim, proses, stnk, tanggal, minggu",Negatif,0.435
1490,terus berkembang maju dan tdk lelet ya,Rincian Biaya Administrasi dan Transaksi,"kali, daftar, biaya, transaksi, ktp",Positif,0.885
1491,sukses selalu kak,Topik Tidak Relevan,Tidak Ditemukan,Positif,0.916
1492,Mantab Sampai dengan Cepat,Topik Tidak Relevan,Tidak Ditemukan,Positif,0.998
1493,sangat amat muda dan membantu untuk pajak tahunan semoga selalu di permuda lagi untuk pembayaran pajak lainnya,Pembayaran Pajak Kendaraan Online,"bayar, pajak, kendara, tahun, online",Positif,0.95
1494,sangat membantu tanpa harus antri di Samsat,Kualitas Pelayanan dan Antrean di Samsat,"layan, antri, samsat, masyarakat, respon",Positif,0.997
1495,mantapp membantu sekali,Topik Tidak Relevan,Tidak Ditemukan,Positif,0.999
1496,sangat membantu dan tak perlu kesamsat wilayah,Kualitas Pelayanan dan Antrean di Samsat,"layan, antri, samsat, masyarakat, respon",Positif,0.996
1497,mantap jadi nggak perlu antri lagi,Kualitas Pelayanan dan Antrean di Samsat,"layan, antri, samsat, masyarakat, respon",Positif,1.0
1498,mantap praktis simpel cocok untuk yang sibuk dan ga bisa ke samsat,Kendala Teknis Aplikasi (Loading),"orang, sibuk, data, bayar, bank",Positif,1.0
1499,sudah di isi sesuai alamat tapi tetap tidak tertera dengan benar akhirnya sampai sekarang tak kunjung datang,Proses dan Durasi Pengiriman STNK,"kirim, proses, stnk, tanggal, minggu",Negatif,0.509
1500,Terimakasih dengan adanya samsat digital memudahkan kami untuk membayar pajak tanpa harus ke tempat dan gak perlu lagi ijin libur kerja untuk datang ke samsat sekarang bisa online dan proses juga cepat oke terimakasih banyak kepada pihak yg terkait,Pembayaran Pajak Kendaraan Online,"bayar, pajak, kendara, tahun, online",Positif,0.981
1501,sangat membantu sy yg bekerja diluar daerah,Perbandingan Layanan Online vs. Kantor Samsat,"kantor, samsat, online, daerah, kota",Positif,0.888
1502,Sangat mudah mempermudah jika tidak ada waktu yang pas untuk mengurus untuk menghindari denda cuma yang harus di tingkatkan untuk berkas di terima hari aja lah jangan sampai hari kelamaan selebihnya good,Rincian Biaya Administrasi dan Transaksi,"kali, daftar, biaya, transaksi, ktp",Positif,0.982
1503,memudahkan perpanjang pajak,Pembayaran Pajak Kendaraan Online,"bayar, pajak, kendara, tahun, online",Positif,0.952
1504,beneren sangat membantuu amannn,Topik Tidak Relevan,Tidak Ditemukan,Positif,0.909
1505,Alhamdulillah aplikasi yg mempermudah pembayaran pajak kendaraan motor jadi tidak perlu repot repot ke Samsat lagi,Pembayaran Pajak Kendaraan Online,"bayar, pajak, kendara, tahun, online",Positif,1.0
1506,aplikasi signal sangat membantu kami,Proses Pengurusan via Aplikasi SIGNAL,"signal, urus, samsat, digital, ambil",Positif,0.95
1507,terimakasih Kapolri,Topik Tidak Relevan,Tidak Ditemukan,Positif,0.928
1508,dan satlantas DKI Jakarta Utara,Permintaan Bantuan dan Saran Peningkatan,"bantu, tingkat, proses, samsat, rantau",Positif,0.871
1509,Cepat dan Mudah di Akses,Proses Pengurusan via Aplikasi SIGNAL,"signal, urus, samsat, digital, ambil",Positif,0.89
1510,sangat baik dan menbantu,Topik Tidak Relevan,Tidak Ditemukan,Netral,0.668
1511,BAYAR PAJAK TINGGAL DUDUK MANIS DIRUMAH SANGAT BAGUS,Pembayaran Pajak Kendaraan Online,"bayar, pajak, kendara, tahun, online",Positif,0.994
1512,udah kali bayar pajak online,Pembayaran Pajak Kendaraan Online,"bayar, pajak, kendara, tahun, online",Netral,0.406
1513,pelayanan cepat terimakasi,Kualitas Pelayanan dan Antrean di Samsat,"layan, antri, samsat, masyarakat, respon",Positif,0.993
1514,Sangat mudah digunakan untuk memperpanjang BPKB motor,Perpanjangan STNK 5 Tahunan (Ganti Plat),"stnk, panjang, samsat, ganti, plat",Positif,0.678
1515,mantap bayar pajak online STNK nyampe rumah dengan selamat,Pembayaran Pajak Kendaraan Online,"bayar, pajak, kendara, tahun, online",Positif,0.999
1516,mantap mempermudah pembayaran pajak tanpa harus antri di samsat,Pembayaran Pajak Kendaraan Online,"bayar, pajak, kendara, tahun, online",Positif,1.0
1517,Haya Pengiriman Lama,Proses dan Durasi Pengiriman STNK,"kirim, proses, stnk, tanggal, minggu",Negatif,0.851
1518,semoga bisa lebih cepat meski menggunakan Pos,Layanan Jasa Kurir Pengiriman,"pos, kirim, via, indonesia, guna",Positif,0.63
1519,semakin maju dengan aplikasi ini proses pengiriman dan dokumen sesuai,Proses dan Durasi Pengiriman STNK,"kirim, proses, stnk, tanggal, minggu",Positif,0.756
1520,setiap tahun perpanjang pajak pakai aplikasi signal ini Alhamdulillah d permudah,Pembayaran Pajak Kendaraan Online,"bayar, pajak, kendara, tahun, online",Positif,0.825
1521,setelah berkali mencoba akhirnya bisa juga,Rincian Biaya Administrasi dan Transaksi,"kali, daftar, biaya, transaksi, ktp",Netral,0.838
1522,saran tingkatkan trus kwalitas aplikasi nya sangat membantu mempermudah mmbayar pajak tahunan.terimakasih,Pembayaran Pajak Kendaraan Online,"bayar, pajak, kendara, tahun, online",Netral,0.878
1523,aplikasi terbaik sangat membantu dalam pembayaran pajak secara online mudah dan tidak ribet terimakasih signal,Pembayaran Pajak Kendaraan Online,"bayar, pajak, kendara, tahun, online",Positif,0.965
1524,sangat membantu sekalii terimaksih,Topik Tidak Relevan,Tidak Ditemukan,Positif,0.989
1525,terimakasih SIGNAL semoga kededepanya bisa lebih baik lagi,Proses Pengurusan via Aplikasi SIGNAL,"signal, urus, samsat, digital, ambil",Positif,0.982
1526,mantabz,Topik Tidak Relevan,Tidak Ditemukan,Positif,0.584
1527,cepet dan tepat,Topik Tidak Relevan,Tidak Ditemukan,Positif,0.956
1528,Sudah sangat membantu untuk saya yang sedang bekerja diluar kota tetapi ajak harus diperpanjang tinggal dievaluasi untuk proses cetak dan pengiriman berkas melalui POS nya mungkin bisa dipercepat prosesnya,Proses dan Durasi Pengiriman STNK,"kirim, proses, stnk, tanggal, minggu",Positif,0.868
1529,cepat dan mudah prosesnya,Proses dan Durasi Pengiriman STNK,"kirim, proses, stnk, tanggal, minggu",Positif,0.985
1530,cpt krimin,Topik Tidak Relevan,Tidak Ditemukan,Netral,0.603
1531,Sudah tahun ini bayar Pajak pake aplikasi ini bisa dibilang Bagus lah ya Lancar jaya,Pembayaran Pajak Kendaraan Online,"bayar, pajak, kendara, tahun, online",Netral,0.774
1532,meskipun saat ini saya sedang di Bali tapi bisa bayar Pajak Kendaraan dengan Plat Jogja,Pembayaran Pajak Kendaraan Online,"bayar, pajak, kendara, tahun, online",Positif,0.421
1533,Tanpa harus Pulang atau Ngerepotin orang lain,Kendala Teknis Aplikasi (Loading),"orang, sibuk, data, bayar, bank",Positif,0.669
1534,Hanya saja sayangnya sampai saat ini hanya pembayaran Via DANA yang bisa saya lakukan,Rincian Biaya Administrasi dan Transaksi,"kali, daftar, biaya, transaksi, ktp",Negatif,0.508
1535,belum bisa dengan aplikasi Dompet Digital lainnya,Proses Pengurusan via Aplikasi SIGNAL,"signal, urus, samsat, digital, ambil",Netral,0.532
1536,mudah dan pengiriman hri sampai.makasih,Proses dan Durasi Pengiriman STNK,"kirim, proses, stnk, tanggal, minggu",Positif,0.5
1537,sangat mudah sekali,Topik Tidak Relevan,Tidak Ditemukan,Positif,0.693
1538,update process nya terlalun lama Dan tidak ada notification lain,Kualitas Pelayanan dan Antrean di Samsat,"layan, antri, samsat, masyarakat, respon",Negatif,0.804
1539,tapi mudah menggunakan nya,Layanan Jasa Kurir Pengiriman,"pos, kirim, via, indonesia, guna",Positif,0.84
1540,Aplikasi ini Belum Matang Programernya harus di Pecut biar pinter saya sudah bayar pajak Online melalui SIGNAL metode bayar bank transfer Status sudah succes bukti bayar ada tapi di aplikasi SIGNAL Status Belum bayar sampai waktu bayarnya kadarluarsa ini gimana ya Aplikasi SIGNAL ini ada unsur kesengajaan atau Bagaimana aplikasi SIGNAL Yang katanya Samsat Nasional PRET,Pembayaran Pajak Kendaraan Online,"bayar, pajak, kendara, tahun, online",Negatif,0.924
1541,aplikasi yang sangat membantu dalam pembayaran pajak secara Online mudah dan ga ribet,Pembayaran Pajak Kendaraan Online,"bayar, pajak, kendara, tahun, online",Positif,0.986
1542,pelayanan mudah cepat,Kualitas Pelayanan dan Antrean di Samsat,"layan, antri, samsat, masyarakat, respon",Positif,0.998
1543,bagaimana bisa dibayar sedangkan saat pilih bank justru loading terus tanpa kejelasan perbaiki aplikasi,Kendala Teknis Aplikasi (Loading),"orang, sibuk, data, bayar, bank",Negatif,0.887
1544,mudah cepat dan praktis,Topik Tidak Relevan,Tidak Ditemukan,Positif,0.999
1545,Saran saya mending bayar off line pengalaman pribadi nyesel bgt bulan lebih STNK fisiknya blm dikirim,Proses dan Durasi Pengiriman STNK,"kirim, proses, stnk, tanggal, minggu",Negatif,0.958
1546,terpaksa nunggu tahun lagi mau bayar off line biar punya fisik STNK yg sah,Pembayaran Pajak Kendaraan Online,"bayar, pajak, kendara, tahun, online",Netral,0.615
1547,Membantu sekali aplikasi ini untuk bayar pajak kendaraan dan STNK dikirim ke rumah tanpa ribet,Layanan Pengiriman STNK ke Rumah,"rumah, langsung, kirim, stnk, samsat",Positif,0.862
1548,Improve yg barusan saya rasakan sangat baik di aplikasi pemerintah yg satu ini,Perbandingan Layanan Online vs. Kantor Samsat,"kantor, samsat, online, daerah, kota",Positif,0.517
1549,sebelumnya saya kecewa sama aplikasi ini karna susah banget setiap masukkan plat ga kebaca tapi skrg sekali masukkan langsung kebaca,Layanan Jasa Kurir Pengiriman,"pos, kirim, via, indonesia, guna",Negatif,0.993
1550,kali ini saya bangga dan teruskan lakukan yang terbaik dan JANGAN DIKORUPSI,Rincian Biaya Administrasi dan Transaksi,"kali, daftar, biaya, transaksi, ktp",Positif,0.766
1551,bagus cepet tidak usah ngantri mantap,Kualitas Pelayanan dan Antrean di Samsat,"layan, antri, samsat, masyarakat, respon",Positif,1.0
1552,mempermudah bayar pajak praktis efesien proses cepat,Pembayaran Pajak Kendaraan Online,"bayar, pajak, kendara, tahun, online",Positif,0.999
1553,sangat mudah dan sangat membantu sekali,Topik Tidak Relevan,Tidak Ditemukan,Positif,0.977
1554,bintang,Topik Tidak Relevan,Tidak Ditemukan,Negatif,0.739
1555,Terbaik bisa tanpa dateng ke kantor samsat,Perbandingan Layanan Online vs. Kantor Samsat,"kantor, samsat, online, daerah, kota",Netral,0.845
1556,perpanjang STNK sambil rebahan STNK d krm,Perpanjangan STNK 5 Tahunan (Ganti Plat),"stnk, panjang, samsat, ganti, plat",Negatif,0.547
1557,Mmebantu,Topik Tidak Relevan,Tidak Ditemukan,Positif,0.604
1558,Aplikasi Signal OK sangat Membantu sekali,Proses Pengurusan via Aplikasi SIGNAL,"signal, urus, samsat, digital, ambil",Positif,0.906
1559,aplikasi yg sangat membantu masarakat yg ga bisa ngeluangin waktu nya untuk bayar pajak kendaran ke kator pusat,Pembayaran Pajak Kendaraan Online,"bayar, pajak, kendara, tahun, online",Positif,0.869
1560,terima kasih saya sangat senag,Topik Tidak Relevan,Tidak Ditemukan,Positif,0.944
1561,Keren baru aja bayar pajak sambil rebahan proses cpat tanpa eror club langsung tinggal nunggu pengiriman melalui kantor pos,Pembayaran Pajak Kendaraan Online,"bayar, pajak, kendara, tahun, online",Positif,0.991
1562,mudah n trus ada peningkatan,Permintaan Bantuan dan Saran Peningkatan,"bantu, tingkat, proses, samsat, rantau",Positif,0.975
1563,Bravo Sammsat,Fitur dan Layanan Bantuan Aplikasi,"bikin, sistem, antar, chat, cek",Positif,0.826
1564,udah x keren,Rincian Biaya Administrasi dan Transaksi,"kali, daftar, biaya, transaksi, ktp",Positif,0.938
1565,Alhamdulillah ada aplikasi ini jd gag perlu antri panjang d samsat,Perpanjangan STNK 5 Tahunan (Ganti Plat),"stnk, panjang, samsat, ganti, plat",Positif,1.0
1566,keren makin mudah Fast Respon,Kualitas Pelayanan dan Antrean di Samsat,"layan, antri, samsat, masyarakat, respon",Positif,0.998
1567,Aplikasi Ribet,Topik Tidak Relevan,Tidak Ditemukan,Negatif,0.571
1568,biaya tambahan nya aneh juga istilahnya,Rincian Biaya Administrasi dan Transaksi,"kali, daftar, biaya, transaksi, ktp",Negatif,0.934
1569,proses pembayaran gagal terus,Pembayaran Pajak Kendaraan Online,"bayar, pajak, kendara, tahun, online",Negatif,0.886
1570,ujung nya masih manual datang ke Samsat,Perbandingan Layanan Online vs. Kantor Samsat,"kantor, samsat, online, daerah, kota",Negatif,0.888
1571,yang namanya Layanan Publik itu harus gratis apalagi sudah digitalisasi,Kualitas Pelayanan dan Antrean di Samsat,"layan, antri, samsat, masyarakat, respon",Netral,0.582
1572,pengiriman cepat dan proses pembayaran mudah,Proses dan Durasi Pengiriman STNK,"kirim, proses, stnk, tanggal, minggu",Positif,0.951
1573,god job,Topik Tidak Relevan,Tidak Ditemukan,Positif,0.973
1574,bagaimana cara cetak sendiri ya,Perpanjangan STNK 5 Tahunan (Ganti Plat),"stnk, panjang, samsat, ganti, plat",Netral,0.586
1575,mudah dan terpercaya terima kasih,Topik Tidak Relevan,Tidak Ditemukan,Positif,0.999
1576,error mulu masa pajak di stnk jatuh temponya akhir juli tapi cek ranmor di signal sttusnya sudah ga aktif dan tertulis klo pajak mati hari inii,Perbandingan Layanan Online vs. Kantor Samsat,"kantor, samsat, online, daerah, kota",Negatif,0.999
1577,cepat simple,Topik Tidak Relevan,Tidak Ditemukan,Positif,0.991
1578,Proses cepat dan mudah terima kasih,Proses dan Durasi Pengiriman STNK,"kirim, proses, stnk, tanggal, minggu",Positif,0.998
1579,pelayanan lama,Kualitas Pelayanan dan Antrean di Samsat,"layan, antri, samsat, masyarakat, respon",Positif,0.648
1580,dari taun kemarin saya pakai ini,Pembayaran Pajak Kendaraan Online,"bayar, pajak, kendara, tahun, online",Netral,0.905
1581,proses tidak ribet,Proses dan Durasi Pengiriman STNK,"kirim, proses, stnk, tanggal, minggu",Positif,0.677
1582,sudah x perpanjangan pakai apk ini tanks,Perpanjangan STNK 5 Tahunan (Ganti Plat),"stnk, panjang, samsat, ganti, plat",Positif,0.619
1583,keyennnn gak ribet,Topik Tidak Relevan,Tidak Ditemukan,Positif,0.865
1584,MUDAH DAN CEPAT PENGIRIMAN,Proses dan Durasi Pengiriman STNK,"kirim, proses, stnk, tanggal, minggu",Positif,0.956
1585,mantap bisa bayar pajak dimana saja Hemat waktu,Pembayaran Pajak Kendaraan Online,"bayar, pajak, kendara, tahun, online",Positif,0.998
1586,Mempermudah untuk pelayanan pembayaran pajak kendaraan,Pembayaran Pajak Kendaraan Online,"bayar, pajak, kendara, tahun, online",Positif,0.983
1587,kenapa Bisa NIK KTP saya di Gunakan Orang lain Saya tidak bisa Mendaftar Karena NIK sudah terdaftar di Aplikasi signal,Kendala Teknis Aplikasi (Loading),"orang, sibuk, data, bayar, bank",Negatif,0.916
1588,padahal saya belum pernah buat akun Signal sebelumnya,Proses Pengurusan via Aplikasi SIGNAL,"signal, urus, samsat, digital, ambil",Netral,0.698
1589,tidak bisa pemulihan NIK di aplikasi,Kendala Teknis Aplikasi (Loading),"orang, sibuk, data, bayar, bank",Negatif,0.804
1590,luar biasa cepat,Perbandingan Layanan Online vs. Kantor Samsat,"kantor, samsat, online, daerah, kota",Positif,0.522
1591,keren aplikasi nya gak perlu anteri,Topik Tidak Relevan,Tidak Ditemukan,Positif,0.975
1592,fast respon TKS,Kualitas Pelayanan dan Antrean di Samsat,"layan, antri, samsat, masyarakat, respon",Positif,0.915
1593,Mau lanjut cek cara pembayaran loading terussss sangat tidak membantu,Kendala Teknis Aplikasi (Loading),"orang, sibuk, data, bayar, bank",Negatif,0.987
1594,ini aplikasi buatan anak SD kayaknya menyedihkan,Fitur dan Layanan Bantuan Aplikasi,"bikin, sistem, antar, chat, cek",Negatif,0.958
1595,sangat memudahkan saya,Topik Tidak Relevan,Tidak Ditemukan,Positif,0.811
1596,aplikasi ini sangat membantu mksh,Topik Tidak Relevan,Tidak Ditemukan,Positif,0.992
1597,mantaaaps,Topik Tidak Relevan,Tidak Ditemukan,Netral,0.423
1598,sudah smakin bagus tp ada biaya yg hrus dibayarkan ongkir jasa aplikasi dan biaya perbankan,Rincian Biaya Administrasi dan Transaksi,"kali, daftar, biaya, transaksi, ktp",Negatif,0.917
1599,hrusnya biaya perbankan ga ada jaman online kya saat ini,Rincian Biaya Administrasi dan Transaksi,"kali, daftar, biaya, transaksi, ktp",Negatif,0.978
1600,dokumen sdh saya terima,Layanan Jasa Kurir Pengiriman,"pos, kirim, via, indonesia, guna",Positif,0.678
1601,Alhamdulillah pelayanan yang bagus cepat akurat recomended dizaman yg canggih bayar pajak mudah,Pembayaran Pajak Kendaraan Online,"bayar, pajak, kendara, tahun, online",Positif,1.0
1602,Merakyat tapi sayang nya Proses Penerbitan hingga diterimanya STNKnya yg fisik lama,Proses dan Durasi Pengiriman STNK,"kirim, proses, stnk, tanggal, minggu",Negatif,0.996
1603,mantapp ga perlu kluar rumah tnggal tunggu,Layanan Pengiriman STNK ke Rumah,"rumah, langsung, kirim, stnk, samsat",Positif,0.998
1604,trmkash,Topik Tidak Relevan,Tidak Ditemukan,Netral,0.52
1605,ndak bisa dipakai bayar perpanjangan STNK error tiu,Perpanjangan STNK 5 Tahunan (Ganti Plat),"stnk, panjang, samsat, ganti, plat",Negatif,0.976
1606,proses mudah dan cepat.untuk pengiriman juga cepat,Proses dan Durasi Pengiriman STNK,"kirim, proses, stnk, tanggal, minggu",Positif,0.952
1607,hari sampai alamat semenjak pembayaran,Rincian Biaya Administrasi dan Transaksi,"kali, daftar, biaya, transaksi, ktp",Negatif,0.449
1608,terimakasih gak perlu ribet ke samsat tinggal duduk manis dirumah,Layanan Pengiriman STNK ke Rumah,"rumah, langsung, kirim, stnk, samsat",Positif,1.0
1609,kereeennnn,Topik Tidak Relevan,Tidak Ditemukan,Positif,0.898
1610,mantap semakin mudah untuk membayar pajak kendaraan terimakasih,Pembayaran Pajak Kendaraan Online,"bayar, pajak, kendara, tahun, online",Positif,0.999
1611,cepet ga antri terimakasih,Kualitas Pelayanan dan Antrean di Samsat,"layan, antri, samsat, masyarakat, respon",Positif,0.999
1612,semoga makin mudah diakses,Proses Pengurusan via Aplikasi SIGNAL,"signal, urus, samsat, digital, ambil",Netral,0.843
1613,apk GK bisa di buat apa,Fitur dan Layanan Bantuan Aplikasi,"bikin, sistem, antar, chat, cek",Negatif,0.871
1614,di buat cek kendaraan GK bisa,Fitur dan Layanan Bantuan Aplikasi,"bikin, sistem, antar, chat, cek",Netral,0.611
1615,di buat bikin profil juga GK bisa,Fitur dan Layanan Bantuan Aplikasi,"bikin, sistem, antar, chat, cek",Negatif,0.88
1616,pantesan aja masih bnyak yg bayar manual ketimbang online,Pembayaran Pajak Kendaraan Online,"bayar, pajak, kendara, tahun, online",Negatif,0.915
1617,Apa aplikasi ini cuma bisa di pake kali sja Kedua kali mau di pake harus daftar ke samsat apa gunanya aplikasi ini klo harus ke Samsat,Proses Pengurusan via Aplikasi SIGNAL,"signal, urus, samsat, digital, ambil",Negatif,0.735
1618,Mohon di tinjau kembali aplikasi ini,Topik Tidak Relevan,Tidak Ditemukan,Netral,0.928
1619,Agar maximal kerjanya,Topik Tidak Relevan,Tidak Ditemukan,Netral,0.784
1620,mantab sangat membantu bisa bayar pajak sambil tiduran dari rumah,Pembayaran Pajak Kendaraan Online,"bayar, pajak, kendara, tahun, online",Positif,1.0
1621,memudahkan bayar pajak kendaraan,Pembayaran Pajak Kendaraan Online,"bayar, pajak, kendara, tahun, online",Positif,0.911
1622,pengiriman atau proses agak sedikit lama,Proses dan Durasi Pengiriman STNK,"kirim, proses, stnk, tanggal, minggu",Negatif,0.668
1623,klo bisa proses smpai keterima konsumen max hari,Proses dan Durasi Pengiriman STNK,"kirim, proses, stnk, tanggal, minggu",Negatif,0.366
1624,oke cepat semuaskan,Topik Tidak Relevan,Tidak Ditemukan,Positif,0.999
1625,sippp.mantul,Topik Tidak Relevan,Tidak Ditemukan,Netral,0.49
1626,cepat sudah x mudah tinggal isi bayar selesai,Kendala Teknis Aplikasi (Loading),"orang, sibuk, data, bayar, bank",Positif,0.996
1627,ada pilihan kirim atau ambil,Proses Pengurusan via Aplikasi SIGNAL,"signal, urus, samsat, digital, ambil",Netral,0.629
1628,tahun lalu pakai kirim sekarang coba ambil ke Samsat,Proses Pengurusan via Aplikasi SIGNAL,"signal, urus, samsat, digital, ambil",Netral,0.937
1629,mantap sdh bbrp tahun pakai signal,Proses Pengurusan via Aplikasi SIGNAL,"signal, urus, samsat, digital, ambil",Positif,0.78
1630,ttp cepat,Topik Tidak Relevan,Tidak Ditemukan,Positif,0.859
1631,mantap cepet prosesnya,Proses dan Durasi Pengiriman STNK,"kirim, proses, stnk, tanggal, minggu",Positif,0.998
1632,Sangat membantu dan memudahkan,Topik Tidak Relevan,Tidak Ditemukan,Positif,0.992
1633,Praktiss,Topik Tidak Relevan,Tidak Ditemukan,Positif,0.58
1634,sangat membantu dan mudah dgunakan,Topik Tidak Relevan,Tidak Ditemukan,Positif,0.992
1635,sangat membantu saat hari libur masih bisa perpanjang,Perpanjangan STNK 5 Tahunan (Ganti Plat),"stnk, panjang, samsat, ganti, plat",Positif,0.976
1636,aplikasi ini sangat bagus cuma sedikit masukan klo bisa pengirimannya jangan sampai lama sekali,Layanan Jasa Kurir Pengiriman,"pos, kirim, via, indonesia, guna",Negatif,0.827
1637,Sangat memudahkan,Topik Tidak Relevan,Tidak Ditemukan,Positif,0.811
1638,q kira memudahkan malah membingungkan,Topik Tidak Relevan,Tidak Ditemukan,Negatif,0.703
1639,Lebih simple lewat HP dirumah aja udh bisa bayar pajak,Layanan Pengiriman STNK ke Rumah,"rumah, langsung, kirim, stnk, samsat",Positif,0.998
1640,Simpel membantu yg terkendala waktu dan tempat,Proses Pengurusan via Aplikasi SIGNAL,"signal, urus, samsat, digital, ambil",Positif,0.996
1641,Sangat mudah dan Sangat amat membantu,Topik Tidak Relevan,Tidak Ditemukan,Positif,0.986
1642,Terima kasih Signal sangat membantu masyarakat untuk lebih mudah membayar pajak tahunan apa lgi untuk se Orang yg Sibuk akan waktu SIGNAL benar sangat Membantu,Pembayaran Pajak Kendaraan Online,"bayar, pajak, kendara, tahun, online",Positif,0.999
1643,puas apalagi kl pajak tahunan atau cek fisik juga bisa online,Pembayaran Pajak Kendaraan Online,"bayar, pajak, kendara, tahun, online",Positif,0.467
1644,sistem mekanisme bisa dilakukan dg melibatkan ahli IT,Fitur dan Layanan Bantuan Aplikasi,"bikin, sistem, antar, chat, cek",Netral,0.933
1645,Terimakasih Signal bayar pajak lebih mudah saya tidak perlu pulkam dulu jadi tidak perlu antri dan panas panasan ke samsat pengiriman cepat dari samsat majalengka ke jakarta barat hari sudah sampai pertahankan kerja bagus nya,Proses Pengurusan via Aplikasi SIGNAL,"signal, urus, samsat, digital, ambil",Positif,0.998
1646,sangat membantu bagi orang setiap harinya bekerja yang tidak sempat mengurus di kantor cukup di aplikasi bisa membayar tahunan,Pembayaran Pajak Kendaraan Online,"bayar, pajak, kendara, tahun, online",Positif,0.926
1647,klw bisa tahunan lebih baik lagi,Pembayaran Pajak Kendaraan Online,"bayar, pajak, kendara, tahun, online",Netral,0.89
1648,jadi kita nggak telat bayar pajak motor,Pembayaran Pajak Kendaraan Online,"bayar, pajak, kendara, tahun, online",Negatif,0.46
1649,yang kedua kalinya lebih praktis dan nyaman tinggal tunggu STNK datang ke rumah via POS,Layanan Jasa Kurir Pengiriman,"pos, kirim, via, indonesia, guna",Positif,0.997
1650,lebih mudah proses super cepat tidak ribet dan tanpa biaya tambahan jasa apapun kereeeeeeen dah tinggal senam jari hari STNK nyampe rumah,Rincian Biaya Administrasi dan Transaksi,"kali, daftar, biaya, transaksi, ktp",Positif,0.997
1651,bayar pajak kendaraan jadi lebih mudah tidak antri,Pembayaran Pajak Kendaraan Online,"bayar, pajak, kendara, tahun, online",Positif,0.993
1652,maaf saya kasih bintang dlu,Fitur dan Layanan Bantuan Aplikasi,"bikin, sistem, antar, chat, cek",Netral,0.608
1653,soalnya Ketika mendaftrkan pengesahan STNK kenpa ya gagal terus saya ingin jadi warga negara yang baik dan taat pajak,Perbandingan Layanan Online vs. Kantor Samsat,"kantor, samsat, online, daerah, kota",Negatif,0.986
1654,Mohon bantuannya min terimakasih,Permintaan Bantuan dan Saran Peningkatan,"bantu, tingkat, proses, samsat, rantau",Netral,0.54
1655,cepat dan tanpa calo an,Layanan Pengiriman STNK ke Rumah,"rumah, langsung, kirim, stnk, samsat",Positif,0.52
1656,proses cepat diantar hari sampai,Proses dan Durasi Pengiriman STNK,"kirim, proses, stnk, tanggal, minggu",Positif,0.967
1657,alhamdulillah proses dan pengiriman cepat terimakasih signal samsat,Proses dan Durasi Pengiriman STNK,"kirim, proses, stnk, tanggal, minggu",Positif,1.0
1658,proses bayar yang mudah sangat membantu orang yang sibuk tidak sempat ke Samsat .dari rumah bisa bayar pajak dan STNK dikirim kerumah lagi .mantab,Layanan Pengiriman STNK ke Rumah,"rumah, langsung, kirim, stnk, samsat",Positif,0.992
1659,pengiriman STNK tepat waktu sesuai tgl jatuh tempo,Proses dan Durasi Pengiriman STNK,"kirim, proses, stnk, tanggal, minggu",Negatif,0.933
1660,Mantappp,Topik Tidak Relevan,Tidak Ditemukan,Positif,0.979
1661,kenapa ya saya udh x byr tapi gak pernah di kasih stiker tanda tangan nya,Rincian Biaya Administrasi dan Transaksi,"kali, daftar, biaya, transaksi, ktp",Netral,0.742
1662,sangat memudahkan buat org perantau,Kendala Teknis Aplikasi (Loading),"orang, sibuk, data, bayar, bank",Positif,0.752
1663,sangat cepat dan tidak memakan waktu enak bisa di kirim ke rumah,Layanan Pengiriman STNK ke Rumah,"rumah, langsung, kirim, stnk, samsat",Positif,0.521
1664,tahun yg lalu coba pake apps ini tp sering error tp di thn ini coba lagi trnyata bisa,Pembayaran Pajak Kendaraan Online,"bayar, pajak, kendara, tahun, online",Netral,0.926
1665,prosesnya berjalan lancar dan sangat membantu krna gak perlu repot lagi ke Samsat,Proses dan Durasi Pengiriman STNK,"kirim, proses, stnk, tanggal, minggu",Positif,0.997
1666,keren sih,Topik Tidak Relevan,Tidak Ditemukan,Positif,0.8
1667,satu hari langsg sampai,Rincian Biaya Administrasi dan Transaksi,"kali, daftar, biaya, transaksi, ktp",Positif,0.682
1668,pelayanan yg bagus g ribet antri lagi,Kualitas Pelayanan dan Antrean di Samsat,"layan, antri, samsat, masyarakat, respon",Positif,0.999
1669,semakin mudah Bayar pajak,Pembayaran Pajak Kendaraan Online,"bayar, pajak, kendara, tahun, online",Positif,0.797
1670,manttaabbbb gk prlu ngntri dan gk ribett,Topik Tidak Relevan,Tidak Ditemukan,Positif,0.745
1671,Alhamdulillah gampang ngurusnya,Topik Tidak Relevan,Tidak Ditemukan,Positif,0.999
1672,gampang coyyy gaperlu mudik,Fitur dan Layanan Bantuan Aplikasi,"bikin, sistem, antar, chat, cek",Positif,0.996
1673,cara lebih mudah dan cepat untuk bayar pajak,Pembayaran Pajak Kendaraan Online,"bayar, pajak, kendara, tahun, online",Positif,0.993
1674,Sangat membantu banget ada nya aplikasi ini untuk next nya mungkin bisa di tambah fitur tahunan nya supaya ganti plat gak perlu antre ke samsat apalagi kalo perantauan bisa menghemat pengeluaran,Perpanjangan STNK 5 Tahunan (Ganti Plat),"stnk, panjang, samsat, ganti, plat",Negatif,0.65
1675,aplikasi ini sangat membantu kami.jdi ngga perlu dateng ke kantor samsat.dan ngantri,Kualitas Pelayanan dan Antrean di Samsat,"layan, antri, samsat, masyarakat, respon",Positif,0.984
1676,Sangat Mempermudah,Topik Tidak Relevan,Tidak Ditemukan,Positif,0.811
1677,sangat mempermudah perpanjangan pajak tahunan TBPKP dikirimkan ke rumah kekurangan pengiriman pos lama padahal sudah express saran kalau bisa ditambahkan expedisi kurir lainnya,Layanan Pengiriman STNK ke Rumah,"rumah, langsung, kirim, stnk, samsat",Positif,0.516
1678,Sangat membantu untuk perpanjangan pajak untuk diperbaiki dan diperhatikan tolong pengiriman dari Samsat yang ditujukan agar cepat untuk pengiriman STNK fisiknya,Proses dan Durasi Pengiriman STNK,"kirim, proses, stnk, tanggal, minggu",Positif,0.796
1679,Sangat membantu dan cepat proses nya terima kasih,Proses dan Durasi Pengiriman STNK,"kirim, proses, stnk, tanggal, minggu",Positif,0.998
1680,selama ini aplikasi cukup baik terima kasih,Topik Tidak Relevan,Tidak Ditemukan,Positif,0.418
1681,aman cepet pula hanya harian sudah jadi,Rincian Biaya Administrasi dan Transaksi,"kali, daftar, biaya, transaksi, ktp",Positif,0.99
1682,mantab prosesnya cepat,Proses dan Durasi Pengiriman STNK,"kirim, proses, stnk, tanggal, minggu",Positif,0.999
1683,mantap signal ni,Proses Pengurusan via Aplikasi SIGNAL,"signal, urus, samsat, digital, ambil",Positif,0.962
1684,Mantap gak perlu ribet ke samsat dengan adanya ini sangat membantu hari da selesai tinggal duduk manis Terimakasih Signal,Proses Pengurusan via Aplikasi SIGNAL,"signal, urus, samsat, digital, ambil",Positif,1.0
1685,bagus mempermudah pengurusan pajak dari luar kota,Perbandingan Layanan Online vs. Kantor Samsat,"kantor, samsat, online, daerah, kota",Positif,0.998
1686,baguss apk signalnya mempermudah orang yg tidak ada waktu sama sekali,Kendala Teknis Aplikasi (Loading),"orang, sibuk, data, bayar, bank",Positif,0.979
1687,keren cepat pengerjaan nya,Topik Tidak Relevan,Tidak Ditemukan,Positif,0.986
1688,matappppp,Topik Tidak Relevan,Tidak Ditemukan,Positif,0.635
1689,praktis cuy gaperlu lagi nunggu antrean,Fitur dan Layanan Bantuan Aplikasi,"bikin, sistem, antar, chat, cek",Positif,0.999
1690,sangat membantu untuk sya yg sibuk dengan kerjaan,Kendala Teknis Aplikasi (Loading),"orang, sibuk, data, bayar, bank",Positif,0.949
1691,sat set sat set sampai,Kualitas Pelayanan dan Antrean di Samsat,"layan, antri, samsat, masyarakat, respon",Positif,1.0
1692,lebih keren kalau bisa bayar pajak yang diluar KK,Pembayaran Pajak Kendaraan Online,"bayar, pajak, kendara, tahun, online",Positif,0.832
1693,ini gua udah mau bayar muter muter Mulu padahal jaringan aman,Perbandingan Layanan Online vs. Kantor Samsat,"kantor, samsat, online, daerah, kota",Negatif,0.998
1694,mempermudah pembayaran pajak lebih efisien dan semoga kedepannya bisa lancar terus,Pembayaran Pajak Kendaraan Online,"bayar, pajak, kendara, tahun, online",Positif,0.999
1695,transaksi cepat tidak pakai antri tambahan biaya aja rbu sdh sampe rumah,Rincian Biaya Administrasi dan Transaksi,"kali, daftar, biaya, transaksi, ktp",Positif,0.96
1696,aplikasi eror,Topik Tidak Relevan,Tidak Ditemukan,Negatif,0.973
1697,alhmdulilah aplikasi nie sangat membantu sekali bagi yg sibuk bekerja lebih tingkat kan lgi pelayanan ya,Kualitas Pelayanan dan Antrean di Samsat,"layan, antri, samsat, masyarakat, respon",Positif,0.964
1698,sangat memuaskan amanah kurrirnya terimakasih Samsat digital semoga ada perkembangan buat via online pajak tahunan,Pembayaran Pajak Kendaraan Online,"bayar, pajak, kendara, tahun, online",Positif,0.998
1699,alhamdulillah lancar saat ditrima prosesnya gk lama juga terimakasih samsat jabar,Proses dan Durasi Pengiriman STNK,"kirim, proses, stnk, tanggal, minggu",Positif,1.0
1700,mantabbb,Topik Tidak Relevan,Tidak Ditemukan,Positif,0.785
1701,aplikasi ini bagus,Topik Tidak Relevan,Tidak Ditemukan,Positif,0.884
1702,layanan nya cepat meskipun ada trouble diawal sedikit wajar,Kualitas Pelayanan dan Antrean di Samsat,"layan, antri, samsat, masyarakat, respon",Positif,0.989
1703,kereeeen lanjutkan kemudahan ini,Permintaan Bantuan dan Saran Peningkatan,"bantu, tingkat, proses, samsat, rantau",Positif,0.998
1704,untuk transaksi yg ke x nya masih mantab dan efisien waktu,Rincian Biaya Administrasi dan Transaksi,"kali, daftar, biaya, transaksi, ktp",Positif,0.962
1705,Pelayanan cepat dan praktis,Kualitas Pelayanan dan Antrean di Samsat,"layan, antri, samsat, masyarakat, respon",Positif,0.999
1706,mantap aplikasinya bagus mempermudah buat qta yg ga sempat ke kantor pajak hari langsung diantar sampai rumah,Layanan Pengiriman STNK ke Rumah,"rumah, langsung, kirim, stnk, samsat",Positif,1.0
1707,sangat membantu terima kasih,Topik Tidak Relevan,Tidak Ditemukan,Positif,0.994
1708,Aplikasi mudah digunakan namun tambahan biaya biaya lainnya sangat memberatkan,Rincian Biaya Administrasi dan Transaksi,"kali, daftar, biaya, transaksi, ktp",Negatif,0.607
1709,tinggal klik,Layanan Pengiriman STNK ke Rumah,"rumah, langsung, kirim, stnk, samsat",Positif,0.614
1710,duduk manis tanpa ribet ngantri,Kualitas Pelayanan dan Antrean di Samsat,"layan, antri, samsat, masyarakat, respon",Positif,0.999
1711,josss,Topik Tidak Relevan,Tidak Ditemukan,Positif,0.784
1712,mantab dan praktis untuk perpanjang pajak motor,Pembayaran Pajak Kendaraan Online,"bayar, pajak, kendara, tahun, online",Positif,1.0
1713,mana otp gak masuk masuk,Layanan Jasa Kurir Pengiriman,"pos, kirim, via, indonesia, guna",Negatif,0.704
1714,sangat memudahkan masyarakat jaya selalu polri ttp bersinergi,Kualitas Pelayanan dan Antrean di Samsat,"layan, antri, samsat, masyarakat, respon",Positif,0.989
1715,Padahal dulu bayar STNK gag perlu ribet gini,Pembayaran Pajak Kendaraan Online,"bayar, pajak, kendara, tahun, online",Positif,0.544
1716,nan,Topik Tidak Relevan,Tidak Ditemukan,Netral,0.49
1717,KTPku gag berhijab sedangkan saya berhijab,Topik Tidak Relevan,Tidak Ditemukan,Negatif,0.934
1718,KTP ITU SEUMUR HIDUP,Rincian Biaya Administrasi dan Transaksi,"kali, daftar, biaya, transaksi, ktp",Netral,0.95
1719,Nah kalo gag diverifikasi,Perpanjangan STNK 5 Tahunan (Ganti Plat),"stnk, panjang, samsat, ganti, plat",Negatif,0.621
1720,harus buat KTP BARU gitukah lalu nomer lama saya juga sudah tidak terpakai,Rincian Biaya Administrasi dan Transaksi,"kali, daftar, biaya, transaksi, ktp",Netral,0.806
1721,Mau login diakun lama gag bisa,Kendala Teknis Aplikasi (Loading),"orang, sibuk, data, bayar, bank",Negatif,0.934
1722,harus verifikasi lewat nomer lama dlu,Perpanjangan STNK 5 Tahunan (Ganti Plat),"stnk, panjang, samsat, ganti, plat",Negatif,0.791
1723,Solusinya gimana kalau hapenya hilang,Kendala Teknis Aplikasi (Loading),"orang, sibuk, data, bayar, bank",Netral,0.879
1724,pelayanan sangat cepat,Kualitas Pelayanan dan Antrean di Samsat,"layan, antri, samsat, masyarakat, respon",Positif,0.975
1725,lebih gampang,Topik Tidak Relevan,Tidak Ditemukan,Positif,0.985
1726,terimakasih dengan adanya aplikasi signa l saya ngga ribet lagi bayar pajak kendaraan,Pembayaran Pajak Kendaraan Online,"bayar, pajak, kendara, tahun, online",Positif,0.893
1727,Layanan lumayan cepat bisa diandalkan,Kualitas Pelayanan dan Antrean di Samsat,"layan, antri, samsat, masyarakat, respon",Positif,0.99
1728,Cuman kadang aplikasi gak konek internet padahal sinyal aman saja Semoga kedepannya bisa ditingkatkan lagi,Permintaan Bantuan dan Saran Peningkatan,"bantu, tingkat, proses, samsat, rantau",Negatif,0.996
1729,sangt bagus nembantu,Topik Tidak Relevan,Tidak Ditemukan,Positif,0.921
1730,sangat membantu untuk kaum mager yg mau bayar pajak kendaraan,Pembayaran Pajak Kendaraan Online,"bayar, pajak, kendara, tahun, online",Positif,0.989
1731,Membantu memudahkan dalam pembayaran pajak motor biaya lebih murah,Pembayaran Pajak Kendaraan Online,"bayar, pajak, kendara, tahun, online",Positif,0.996
1732,sangat membantu sekali tq,Topik Tidak Relevan,Tidak Ditemukan,Positif,0.989
1733,kenapa gak bisa digunakan,Layanan Jasa Kurir Pengiriman,"pos, kirim, via, indonesia, guna",Netral,0.636
1734,membuat pembayar pajak kendaran jd lebih mudah gx perlu ngantri di samsat tinggal tunggu aja di rumah sambil ngopi,Pembayaran Pajak Kendaraan Online,"bayar, pajak, kendara, tahun, online",Positif,0.952
1735,lambat buruk,Topik Tidak Relevan,Tidak Ditemukan,Negatif,0.995
1736,Bagus aplikasinya cuma jarak bayar sama cetak STNK lebih dari minggu,Proses dan Durasi Pengiriman STNK,"kirim, proses, stnk, tanggal, minggu",Negatif,0.837
1737,sangat membantu untuk pengurusan STNK tanpa perlu antri di loket,Perpanjangan STNK 5 Tahunan (Ganti Plat),"stnk, panjang, samsat, ganti, plat",Positif,0.999
1738,sangat membantu tidak usah antri meskipun pengiriman agak lama,Kualitas Pelayanan dan Antrean di Samsat,"layan, antri, samsat, masyarakat, respon",Positif,0.976
1739,Makasih,Topik Tidak Relevan,Tidak Ditemukan,Positif,0.942
1740,Proses nya sudah mudah,Proses dan Durasi Pengiriman STNK,"kirim, proses, stnk, tanggal, minggu",Positif,0.858
1741,namun pengiriman terlalu lama,Proses dan Durasi Pengiriman STNK,"kirim, proses, stnk, tanggal, minggu",Negatif,0.662
1742,bagus walaupun metode pembayaran masih terbatas akhirnya pakai myBCA tapi sudah cukup baik,Pembayaran Pajak Kendaraan Online,"bayar, pajak, kendara, tahun, online",Positif,0.607
1743,setelah pembayaran untuk perpanjangan stnk cukup tunggu hari surat sudah datang pilih untuk kirim ke alamat rumah,Proses dan Durasi Pengiriman STNK,"kirim, proses, stnk, tanggal, minggu",Negatif,0.675
1744,semoga semua aplikasi instansi lainnya bisa baik seperti ini,Topik Tidak Relevan,Tidak Ditemukan,Netral,0.909
1745,Perpanjang STNK kedua kalinya melalui aplikasi ini,Perpanjangan STNK 5 Tahunan (Ganti Plat),"stnk, panjang, samsat, ganti, plat",Negatif,0.715
1746,Overall x perpanjang x selalu lancar ga ad masalah,Rincian Biaya Administrasi dan Transaksi,"kali, daftar, biaya, transaksi, ktp",Positif,0.965
1747,Semoga bs lancar terus,Topik Tidak Relevan,Tidak Ditemukan,Positif,0.924
1748,Bayar Pajak Kendaraan Bermotor Roda lebih mudah dan efisien gk perlu antri cukup pakai Aplikasi Signal ini,Pembayaran Pajak Kendaraan Online,"bayar, pajak, kendara, tahun, online",Positif,0.993
1749,jangan lama lama juga dong pengirimannya,Proses dan Durasi Pengiriman STNK,"kirim, proses, stnk, tanggal, minggu",Negatif,0.551
1750,tingkatkan terus pelayanan nya pak pol,Kualitas Pelayanan dan Antrean di Samsat,"layan, antri, samsat, masyarakat, respon",Positif,0.72
1751,satset sih bisa nyampe langsung kerumah tanpa antri dan dtng kesana tapi proses paymentnya ribet dan susah banget banget banget pake Byond BSI gak ada menunya dan kode bayar tidak terdaftar,Layanan Pengiriman STNK ke Rumah,"rumah, langsung, kirim, stnk, samsat",Negatif,0.825
1752,alhasil minta bantuan orang orang yg punya rekening lain,Kendala Teknis Aplikasi (Loading),"orang, sibuk, data, bayar, bank",Negatif,0.439
1753,huftttt,Topik Tidak Relevan,Tidak Ditemukan,Negatif,0.561
1754,okee pengiriman cepat,Proses dan Durasi Pengiriman STNK,"kirim, proses, stnk, tanggal, minggu",Positif,0.962
1755,tingkatkan lagi untuk semua pengurusan bisa melalui sistem seperti ini sudah baik terhindar dari oknum dan calo di kantor samsat,Perpanjangan STNK 5 Tahunan (Ganti Plat),"stnk, panjang, samsat, ganti, plat",Netral,0.902
1756,Recommended Untuk pembayaran Pajak motor tahunan proses Cepat,Pembayaran Pajak Kendaraan Online,"bayar, pajak, kendara, tahun, online",Positif,0.847
1757,Bagus terpercaya dan cepat,Topik Tidak Relevan,Tidak Ditemukan,Positif,0.999
1758,proses cepat selesai dengan cara stnk dikirim ke alamat cukup baik digunakan,Proses dan Durasi Pengiriman STNK,"kirim, proses, stnk, tanggal, minggu",Positif,0.586
1759,ok sangat membantu tapi sayang pengiriman via pos sampai sekarang belum di kirim juga,Layanan Jasa Kurir Pengiriman,"pos, kirim, via, indonesia, guna",Negatif,0.906
1760,terimakasih sangat terbantu,Topik Tidak Relevan,Tidak Ditemukan,Positif,0.997
1761,Cepet jga prosesnya hari dr tf paket stnk dah sampai dirumah,Proses dan Durasi Pengiriman STNK,"kirim, proses, stnk, tanggal, minggu",Positif,0.987
1762,Lokasi Kab bekasi,Perbandingan Layanan Online vs. Kantor Samsat,"kantor, samsat, online, daerah, kota",Netral,0.905
1763,susah buat log in,Fitur dan Layanan Bantuan Aplikasi,"bikin, sistem, antar, chat, cek",Negatif,0.965
1764,Mudah efektif cepat dan aman Tks Signal,Proses Pengurusan via Aplikasi SIGNAL,"signal, urus, samsat, digital, ambil",Positif,0.999
1765,Pelayanan Polri makin baik,Kualitas Pelayanan dan Antrean di Samsat,"layan, antri, samsat, masyarakat, respon",Positif,0.946
1766,mempermudah hidup,Topik Tidak Relevan,Tidak Ditemukan,Positif,0.834
1767,terimakasih signal sangat membantu sekali,Proses Pengurusan via Aplikasi SIGNAL,"signal, urus, samsat, digital, ambil",Positif,0.995
1768,tidak perlu repot ke SAMSAT,Perbandingan Layanan Online vs. Kantor Samsat,"kantor, samsat, online, daerah, kota",Positif,0.994
1769,bagus bgt,Topik Tidak Relevan,Tidak Ditemukan,Positif,0.922
1770,Mantap pokoknya pake APK Signal jadi gak usah kemana mana gak usah siapin berkasnya tinggal klak klik klak klik bayar dan tunggu STNKnya dianter ke rumah,Layanan Pengiriman STNK ke Rumah,"rumah, langsung, kirim, stnk, samsat",Positif,0.999
1771,Alhamdulillah gak sampe Minggu udh jadi STNK nya,Proses dan Durasi Pengiriman STNK,"kirim, proses, stnk, tanggal, minggu",Positif,0.83
1772,aplikasi paling berguna di bumi ini terbaikk,Layanan Jasa Kurir Pengiriman,"pos, kirim, via, indonesia, guna",Positif,0.48
1773,udah x transaksi memakai aplikasi ini,Rincian Biaya Administrasi dan Transaksi,"kali, daftar, biaya, transaksi, ktp",Netral,0.576
1774,bner cpt hari jadi,Rincian Biaya Administrasi dan Transaksi,"kali, daftar, biaya, transaksi, ktp",Positif,0.977
1775,sangat mudah bagi para pekerja yg tdak punya waktu untuk ke kantor pajak,Perbandingan Layanan Online vs. Kantor Samsat,"kantor, samsat, online, daerah, kota",Positif,0.515
1776,abis bayar online via signal,Pembayaran Pajak Kendaraan Online,"bayar, pajak, kendara, tahun, online",Netral,0.824
1777,abis itu sempet ragu gara gara liat komen negatif di akun IG signal,Proses Pengurusan via Aplikasi SIGNAL,"signal, urus, samsat, digital, ambil",Netral,0.925
1778,banyak yang ngeluh dokumen gqk dikirim kirim ampe bulanan,Proses dan Durasi Pengiriman STNK,"kirim, proses, stnk, tanggal, minggu",Negatif,0.578
1779,tapi alhamdulilah,Perpanjangan STNK 5 Tahunan (Ganti Plat),"stnk, panjang, samsat, ganti, plat",Positif,0.878
1780,punya gw hari udah sampai via pos indonesia,Layanan Jasa Kurir Pengiriman,"pos, kirim, via, indonesia, guna",Negatif,0.942
1781,bayar hari sabtu mei,Rincian Biaya Administrasi dan Transaksi,"kali, daftar, biaya, transaksi, ktp",Negatif,0.836
1782,dokumen tiba di rumah hari rabu tgl juni,Proses dan Durasi Pengiriman STNK,"kirim, proses, stnk, tanggal, minggu",Positif,0.871
1783,terima kasih pak polisi,Fitur dan Layanan Bantuan Aplikasi,"bikin, sistem, antar, chat, cek",Positif,0.948
1784,mau daftar aja ribet ngirim kode otp tapi ntah ngirimnya kmna kan lol,Proses dan Durasi Pengiriman STNK,"kirim, proses, stnk, tanggal, minggu",Negatif,0.999
1785,cmna mau dapat kodenya kalau gak tau dmn ngirimkan kodenya,Proses dan Durasi Pengiriman STNK,"kirim, proses, stnk, tanggal, minggu",Negatif,0.987
1786,best mempermudah,Topik Tidak Relevan,Tidak Ditemukan,Positif,0.995
1787,sangat puas dengan pelayanannya,Kualitas Pelayanan dan Antrean di Samsat,"layan, antri, samsat, masyarakat, respon",Positif,0.98
1788,proses penerbitan dan pengiriman agak lama,Proses dan Durasi Pengiriman STNK,"kirim, proses, stnk, tanggal, minggu",Negatif,0.964
1789,untuk signal nya membantu dan mempermudah yang sibuk bekerja,Proses Pengurusan via Aplikasi SIGNAL,"signal, urus, samsat, digital, ambil",Positif,0.996
1790,Aplikasi yg sangat membantu sekali,Topik Tidak Relevan,Tidak Ditemukan,Positif,0.828
1791,suatu kemudahan untuk urus urus dari jarak jauh,Proses Pengurusan via Aplikasi SIGNAL,"signal, urus, samsat, digital, ambil",Positif,0.979
1792,sangat membantu kalau bisa kerja sama juga dengan jasa pengiriman lainnya agar banyak pilihannya,Layanan Jasa Kurir Pengiriman,"pos, kirim, via, indonesia, guna",Positif,0.515
1793,sukses selalu,Topik Tidak Relevan,Tidak Ditemukan,Positif,0.849
1794,Sangat memudahkan pemilik motor buat bayar pajak tidak perlu antri Sangat bermanfaat,Pembayaran Pajak Kendaraan Online,"bayar, pajak, kendara, tahun, online",Positif,0.935
1795,Sangat Membantu dan mempermudah pekerjaan,Topik Tidak Relevan,Tidak Ditemukan,Positif,0.992
1796,Ada nya Samsat digital semakin membantu dan mempermudah orang membayar pajak kendaraan,Pembayaran Pajak Kendaraan Online,"bayar, pajak, kendara, tahun, online",Positif,0.936
1797,Terus di Jaga Pelayanan nya dan Terus Di tingkat kan.  Sudah atau tahun ini pakai samsat digital utk perpanjang STNK kendaraan bermotor,Pembayaran Pajak Kendaraan Online,"bayar, pajak, kendara, tahun, online",Positif,0.983
1798,Sejauh ini tidak pernah ada masalah,Topik Tidak Relevan,Tidak Ditemukan,Negatif,0.509
1799,Semakin mudah pelayanan nya dan cepat pengiriman STnk ke rumah maupun ke kantor,Layanan Pengiriman STNK ke Rumah,"rumah, langsung, kirim, stnk, samsat",Positif,0.99
1800,Terus Maju Samsat Digital,Proses Pengurusan via Aplikasi SIGNAL,"signal, urus, samsat, digital, ambil",Positif,0.992
1801,Semoga terus bertambah orang yg menggunakan Samsat Digital utk kemudahan m mbayar pajak kendaraan bermotor nya,Pembayaran Pajak Kendaraan Online,"bayar, pajak, kendara, tahun, online",Netral,0.771
1802,bagus memudahkan pelayanan publik jasa pengiriman mudah di jangkau tidak report repot datang ke kantor pelayanan pajak di daerah saya terimakasih sudah menjadikan pembayaran pajak secara online,Pembayaran Pajak Kendaraan Online,"bayar, pajak, kendara, tahun, online",Positif,0.999
1803,sangat membantu dan mudah sekali untuk pertama kali menggunakan,Rincian Biaya Administrasi dan Transaksi,"kali, daftar, biaya, transaksi, ktp",Positif,0.988
1804,buat saya yg jauh dari kantor samsat sangan membantu sekali,Perbandingan Layanan Online vs. Kantor Samsat,"kantor, samsat, online, daerah, kota",Positif,0.727
1805,Jaya terus Polri,Layanan Jasa Kurir Pengiriman,"pos, kirim, via, indonesia, guna",Positif,0.988
1806,Tingkatkan dan mudah pelayanan,Kualitas Pelayanan dan Antrean di Samsat,"layan, antri, samsat, masyarakat, respon",Positif,0.677
1807,puas walaupun rada was was karna baru pertama pake aplikasi ini,Topik Tidak Relevan,Tidak Ditemukan,Positif,0.935
1808,tapi inti nya puas,Topik Tidak Relevan,Tidak Ditemukan,Positif,0.992
1809,proses awalnya susah krn daftar no nik stelah mengerti ternyata mudah dan cepat proses tgl tgl STNK tgl sdh sampai,Proses dan Durasi Pengiriman STNK,"kirim, proses, stnk, tanggal, minggu",Positif,0.511
1810,Semoga lancar selalu,Topik Tidak Relevan,Tidak Ditemukan,Positif,0.72
1811,alhamdulillah,Topik Tidak Relevan,Tidak Ditemukan,Positif,0.993
1812,lancar mudah,Topik Tidak Relevan,Tidak Ditemukan,Positif,0.996
1813,sdh sampai paketnya,Layanan Jasa Kurir Pengiriman,"pos, kirim, via, indonesia, guna",Negatif,0.74
1814,masukan aja Pak waktu mau memilih pembayaran gak bisa diklik tp ok,Layanan Pengiriman STNK ke Rumah,"rumah, langsung, kirim, stnk, samsat",Negatif,0.738
1815,simple urusane,Topik Tidak Relevan,Tidak Ditemukan,Positif,0.97
1816,bobrok,Topik Tidak Relevan,Tidak Ditemukan,Negatif,0.615
1817,sering error,Topik Tidak Relevan,Tidak Ditemukan,Negatif,0.864
1818,tlong d perbaiki yaa,Topik Tidak Relevan,Tidak Ditemukan,Netral,0.945
1819,Keren samsat,Perbandingan Layanan Online vs. Kantor Samsat,"kantor, samsat, online, daerah, kota",Positif,0.931
1820,online service,Perbandingan Layanan Online vs. Kantor Samsat,"kantor, samsat, online, daerah, kota",Netral,0.699
1821,udh kekinian banget pokonya,Layanan Jasa Kurir Pengiriman,"pos, kirim, via, indonesia, guna",Positif,0.965
1822,smoga makin berkembang dan tetap menjaga keamanan data pengguna,Rincian Biaya Administrasi dan Transaksi,"kali, daftar, biaya, transaksi, ktp",Netral,0.546
1823,sangat membntu trimakah,Topik Tidak Relevan,Tidak Ditemukan,Positif,0.797
1824,Lebih mudah tidak harus pergi dan mengantri paling lama hari sdh sampai STNK barunya,Rincian Biaya Administrasi dan Transaksi,"kali, daftar, biaya, transaksi, ktp",Positif,0.996
1825,set set set,Kualitas Pelayanan dan Antrean di Samsat,"layan, antri, samsat, masyarakat, respon",Positif,0.999
1826,bayar pajak bisa TF lembar pengesahan sampai di rumah,Pembayaran Pajak Kendaraan Online,"bayar, pajak, kendara, tahun, online",Positif,0.835
1827,Mantap sangat membantu perpanjang STNK jadi dalam hitungan menit walau jauh sy di luar kota tp bisa proses lewat aplikasi signal,Perbandingan Layanan Online vs. Kantor Samsat,"kantor, samsat, online, daerah, kota",Positif,1.0
1828,Jos gandos,Fitur dan Layanan Bantuan Aplikasi,"bikin, sistem, antar, chat, cek",Positif,0.959
1829,Sangat membantu bayar dari rumah dikirim kerumah,Layanan Pengiriman STNK ke Rumah,"rumah, langsung, kirim, stnk, samsat",Positif,0.992
1830,sangat memudahkan no pungli,Fitur dan Layanan Bantuan Aplikasi,"bikin, sistem, antar, chat, cek",Positif,0.979
1831,mayanlah membantu para pekerja transaksi tanpa cuti,Rincian Biaya Administrasi dan Transaksi,"kali, daftar, biaya, transaksi, ktp",Positif,0.99
1832,ga usah cape ke samsat,Perbandingan Layanan Online vs. Kantor Samsat,"kantor, samsat, online, daerah, kota",Positif,0.918
1833,udh bisa bayar pajak tahunan,Pembayaran Pajak Kendaraan Online,"bayar, pajak, kendara, tahun, online",Netral,0.744
1834,aplikasi Bagus dan bermanfaat,Topik Tidak Relevan,Tidak Ditemukan,Positif,0.99
1835,mantaaaap sangat membantu sekali aplikasi ini,Topik Tidak Relevan,Tidak Ditemukan,Positif,0.947
1836,kalau bisa pengiriman tnkb nya di persingkat lagi jangan hari kerja apalagi pas barengan dengan hari libur dan cuti bersama jadi tambah lama sampai ke pemiliknya,Rincian Biaya Administrasi dan Transaksi,"kali, daftar, biaya, transaksi, ktp",Netral,0.571
1837,rating untuk aplikasi ini karena mempermudah pembayaran pajak secara online dan setiap pengaduan juga cepat di respon dan teratasi dengan baik,Pembayaran Pajak Kendaraan Online,"bayar, pajak, kendara, tahun, online",Positif,0.58
1838,pelayanan cepat pengiriman sampai alamat juga cepat,Proses dan Durasi Pengiriman STNK,"kirim, proses, stnk, tanggal, minggu",Positif,0.989
1839,amazing rekomendasi bangett buat yang mau bayar pajak tapi males atau gada waktu buat K samsat nya,Pembayaran Pajak Kendaraan Online,"bayar, pajak, kendara, tahun, online",Positif,0.752
1840,pengiriman belum sampai tapi udah di bilang pengiriman selesai padahal belum menerima stnk nya,Proses dan Durasi Pengiriman STNK,"kirim, proses, stnk, tanggal, minggu",Negatif,0.994
1841,caranya gampang proses cepat,Proses dan Durasi Pengiriman STNK,"kirim, proses, stnk, tanggal, minggu",Positif,0.988
1842,proses mudah dan cepat,Proses dan Durasi Pengiriman STNK,"kirim, proses, stnk, tanggal, minggu",Positif,0.988
1843,Membantu bangett terimakasih SAMSAT,Perbandingan Layanan Online vs. Kantor Samsat,"kantor, samsat, online, daerah, kota",Positif,0.999
1844,sangat membatu bagi yg pekerja nonshift,Perbandingan Layanan Online vs. Kantor Samsat,"kantor, samsat, online, daerah, kota",Positif,0.806
1845,lebih ditingkatkan lg pelayanannya,Kualitas Pelayanan dan Antrean di Samsat,"layan, antri, samsat, masyarakat, respon",Positif,0.781
1846,Perdana coba perpanjang STNK lewat Aplikasi Signal,Perpanjangan STNK 5 Tahunan (Ganti Plat),"stnk, panjang, samsat, ganti, plat",Netral,0.878
1847,Namun aplikasi Signal belum bisa membantu saya untuk memperpanjang STNK,Perpanjangan STNK 5 Tahunan (Ganti Plat),"stnk, panjang, samsat, ganti, plat",Positif,0.941
1848,Saya memilih Opsi STNK dikirim ke rumah namun pada tahap Konfirmasi Data saya diminta mengisi sebuah Form,Layanan Pengiriman STNK ke Rumah,"rumah, langsung, kirim, stnk, samsat",Negatif,0.815
1849,Pada Form Samsat Pengirim tdk tersedia data apapun untuk dipilih,Kendala Teknis Aplikasi (Loading),"orang, sibuk, data, bayar, bank",Negatif,0.97
1850,Kemudian ada satu Form lg yg jg kosong alias tdk tersedia data apapun untuk dipilih yaitu Form Jenis Pengirim,Kendala Teknis Aplikasi (Loading),"orang, sibuk, data, bayar, bank",Negatif,0.989
1851,alhasil saya tdk bisa lanjut ke Pembayaran karena kedua form tersebut wajib isi,Kendala Teknis Aplikasi (Loading),"orang, sibuk, data, bayar, bank",Negatif,0.826
1852,modah,Topik Tidak Relevan,Tidak Ditemukan,Netral,0.493
1853,memberikan kemudahan membayar pajak,Pembayaran Pajak Kendaraan Online,"bayar, pajak, kendara, tahun, online",Positif,0.777
1854,Sangat Membantu dan Praktis Layanan mantap,Kualitas Pelayanan dan Antrean di Samsat,"layan, antri, samsat, masyarakat, respon",Positif,0.999
1855,Mantap sangat membatu G perlu antre di samsat dikirim krmh,Layanan Pengiriman STNK ke Rumah,"rumah, langsung, kirim, stnk, samsat",Positif,0.999
1856,terim kasih sudah mempermudah kami dalam pembayaran pajak,Pembayaran Pajak Kendaraan Online,"bayar, pajak, kendara, tahun, online",Positif,0.743
1857,Sangat membantu di saat jam kerja lewat via pos,Layanan Jasa Kurir Pengiriman,"pos, kirim, via, indonesia, guna",Positif,0.885
1858,Maaf pengiriman di percepat lagi yah makasih goood job goood job,Proses dan Durasi Pengiriman STNK,"kirim, proses, stnk, tanggal, minggu",Positif,0.968
1859,Sukses terus Samsat,Perbandingan Layanan Online vs. Kantor Samsat,"kantor, samsat, online, daerah, kota",Positif,0.974
1860,mantaaap,Topik Tidak Relevan,Tidak Ditemukan,Positif,0.979
1861,Sangat cepat tanggap bener bener mempermudah,Topik Tidak Relevan,Tidak Ditemukan,Positif,0.99
1862,gak perlu ngantri lagi,Kualitas Pelayanan dan Antrean di Samsat,"layan, antri, samsat, masyarakat, respon",Positif,0.993
1863,gak buang buang waktu,Kualitas Pelayanan dan Antrean di Samsat,"layan, antri, samsat, masyarakat, respon",Positif,0.497
1864,puas cepat penanganan nya,Rincian Biaya Administrasi dan Transaksi,"kali, daftar, biaya, transaksi, ktp",Positif,0.994
1865,ok bangat dan sangat membantu sekali,Topik Tidak Relevan,Tidak Ditemukan,Positif,0.901
1866,Sesimpel itu cukup dari rumah bayar pajak kendaraan,Pembayaran Pajak Kendaraan Online,"bayar, pajak, kendara, tahun, online",Positif,0.996
1867,terima kasih sudah sampai dengan baik,Topik Tidak Relevan,Tidak Ditemukan,Positif,0.814
1868,App SIGNAL sangat memudahkan bayar pajak kendaraan sangat mudah dan memuaskan sdh x tak pernah ada masalah pengiriman dokumen pajak cepat,Pembayaran Pajak Kendaraan Online,"bayar, pajak, kendara, tahun, online",Positif,0.981
1869,sangat membantu dan praktis gak perlu antri ke Samsat lagi,Kualitas Pelayanan dan Antrean di Samsat,"layan, antri, samsat, masyarakat, respon",Positif,0.999
1870,maaf saya ubah bintang nya karna STNK saya udah bulan belum datang datang keterangan nya PRA COLEKTING terus,Proses dan Durasi Pengiriman STNK,"kirim, proses, stnk, tanggal, minggu",Negatif,0.977
1871,cepat ga repot,Topik Tidak Relevan,Tidak Ditemukan,Positif,0.995
1872,maju terus untuk pelayanannya,Kualitas Pelayanan dan Antrean di Samsat,"layan, antri, samsat, masyarakat, respon",Positif,0.997
1873,bagus aplikasi cepat dan mantaapp memudahkan untuk bayar pajak secara Online,Pembayaran Pajak Kendaraan Online,"bayar, pajak, kendara, tahun, online",Positif,0.999
1874,Ga bisa dikirim STNK nya,Proses dan Durasi Pengiriman STNK,"kirim, proses, stnk, tanggal, minggu",Negatif,0.868
1875,layanan nya ga tersedia di jakarta Utara,Kualitas Pelayanan dan Antrean di Samsat,"layan, antri, samsat, masyarakat, respon",Negatif,0.624
1876,duh aplikasi nya nyusahin,Topik Tidak Relevan,Tidak Ditemukan,Negatif,0.979
1877,emng disuruh ke kantor Samsat buang waktu,Perbandingan Layanan Online vs. Kantor Samsat,"kantor, samsat, online, daerah, kota",Negatif,0.98
1878,Biaya administrasi Signal dan Biaya Adm Bank terlalu mahal,Rincian Biaya Administrasi dan Transaksi,"kali, daftar, biaya, transaksi, ktp",Negatif,0.982
1879,bagus dan mudahkan,Topik Tidak Relevan,Tidak Ditemukan,Positif,0.994
1880,tetap terbaik,Topik Tidak Relevan,Tidak Ditemukan,Netral,0.843
1881,sangat membantu bagi yang tidak sempat urus pembayaran pajak terus berikan pelayanan terbaik dan kemudahan bagi masyarakat yang sudah menunaikan kewajiban nya,Pembayaran Pajak Kendaraan Online,"bayar, pajak, kendara, tahun, online",Positif,0.996
1882,APLIKASI KHUSUS YANG SUDAH BALIK NAMA KENDARAAN,Layanan Pengiriman STNK ke Rumah,"rumah, langsung, kirim, stnk, samsat",Netral,0.72
1883,kdepan mungkin jangan d batasi untuk kita mau membayar pajak dengan stnk atas nama orang lain,Layanan Pengiriman STNK ke Rumah,"rumah, langsung, kirim, stnk, samsat",Netral,0.635
1884,bagus terus optimalkan aplikasinya,Topik Tidak Relevan,Tidak Ditemukan,Positif,0.985
1885,topp banget sih kemajuan buat Kepolisian Lantas Indonesia,Fitur dan Layanan Bantuan Aplikasi,"bikin, sistem, antar, chat, cek",Positif,0.981
1886,semoga kedepannya bisa untuk pembayaran pajak kendaraan bermotor per th dan biaya perpanjangan sim supaya menjadi satu di aplikasi ini,Pembayaran Pajak Kendaraan Online,"bayar, pajak, kendara, tahun, online",Netral,0.969
1887,perpanjang pajak tahunan gak perlu antri lagi bisa dari rumah dan tunggu paket nya datang,Pembayaran Pajak Kendaraan Online,"bayar, pajak, kendara, tahun, online",Positif,0.97
1888,Mantab sekarang bayar pajak gak perlu antri di samsat langsung bisa lewat signal,Pembayaran Pajak Kendaraan Online,"bayar, pajak, kendara, tahun, online",Positif,1.0
1889,semoga bisa di update buat balik nama kendaraan,Layanan Pengiriman STNK ke Rumah,"rumah, langsung, kirim, stnk, samsat",Netral,0.987
1890,Pajak nunggak ga bisa sih disuruh ke samsat,Perpanjangan STNK 5 Tahunan (Ganti Plat),"stnk, panjang, samsat, ganti, plat",Negatif,0.86
1891,Padahal konsepnya sama aja tinggal bayar pajak denda dll online,Pembayaran Pajak Kendaraan Online,"bayar, pajak, kendara, tahun, online",Netral,0.605
1892,Bayar pajak jadi makin mudah,Pembayaran Pajak Kendaraan Online,"bayar, pajak, kendara, tahun, online",Positif,0.867
1893,sesuai dan kantor pos kirimnya sesuai tanggal,Proses dan Durasi Pengiriman STNK,"kirim, proses, stnk, tanggal, minggu",Negatif,0.828
1894,udh gabisa kirim lgsg dateng ke samsat balik ke jaman purba lagi,Layanan Pengiriman STNK ke Rumah,"rumah, langsung, kirim, stnk, samsat",Negatif,0.896
1895,fotocopy berkas ngantri lagi untuk apa ada biaya admin aplikasi jika ngeluarin biaya lagi buat fotocopy,Rincian Biaya Administrasi dan Transaksi,"kali, daftar, biaya, transaksi, ktp",Negatif,0.922
1896,Depok,Topik Tidak Relevan,Tidak Ditemukan,Netral,0.771
1897,sangat membantu untuk kami yg sibuk kerja,Kendala Teknis Aplikasi (Loading),"orang, sibuk, data, bayar, bank",Positif,0.949
1898,kenapaa buat melakukan pengesahan STNK nya selalu gagal,Rincian Biaya Administrasi dan Transaksi,"kali, daftar, biaya, transaksi, ktp",Negatif,0.968
1899,aplikasi ga jelas daftar susah daftar yg ke malah udah terpakai username email dan no hpnya dan cobain login malah belm terdaftar tolong dong pemerintah kalo bikin aplikasi yg bener,Rincian Biaya Administrasi dan Transaksi,"kali, daftar, biaya, transaksi, ktp",Negatif,0.999
1900,yg kerja ga bebas pulang,Fitur dan Layanan Bantuan Aplikasi,"bikin, sistem, antar, chat, cek",Netral,0.684
1901,sudah membantu,Topik Tidak Relevan,Tidak Ditemukan,Positif,0.975
1902,masukan aja untuk pajak tahunan juga bisa online,Pembayaran Pajak Kendaraan Online,"bayar, pajak, kendara, tahun, online",Netral,0.737
1903,lebih mantep,Topik Tidak Relevan,Tidak Ditemukan,Positif,0.995
1904,Terima kasih SIGNAL LAYANAN PRIMA CEPAT TEPAT POLRI PRESISI,Kualitas Pelayanan dan Antrean di Samsat,"layan, antri, samsat, masyarakat, respon",Positif,1.0
1905,cepat mudah digunakan dan cukup dilakukan dari rumah,Layanan Pengiriman STNK ke Rumah,"rumah, langsung, kirim, stnk, samsat",Positif,0.993
1906,cepat dan praktis tidak perlu antrian yg terpenting sabar menunggu paket diterima terimakasih,Kualitas Pelayanan dan Antrean di Samsat,"layan, antri, samsat, masyarakat, respon",Positif,1.0
1907,klo mau murah tanpa biaya tambahan datang langsung ke tmpat pmbayaran pajak,Rincian Biaya Administrasi dan Transaksi,"kali, daftar, biaya, transaksi, ktp",Negatif,0.669
1908,klo mau simple dari rumah bisa pakai aplikasi ini,Layanan Pengiriman STNK ke Rumah,"rumah, langsung, kirim, stnk, samsat",Positif,0.919
1909,tpi waktu lama dan tambahan biaya yang mahal,Rincian Biaya Administrasi dan Transaksi,"kali, daftar, biaya, transaksi, ktp",Negatif,0.804
1910,mantul kalo bisa pajak tahunan juga bisa d sini modifikasi lagi aplikasi nya biar bisa pajak tahunan,Pembayaran Pajak Kendaraan Online,"bayar, pajak, kendara, tahun, online",Positif,0.595
1911,mantap TPI ttp pengesahan mesti ke Samsat,Kendala Teknis Aplikasi (Loading),"orang, sibuk, data, bayar, bank",Positif,0.983
1912,mantap ga perlu ke Samsat buat bayar pajak hanya perlu di rumah di manapun bisa bayar dan di antar mantap dah,Pembayaran Pajak Kendaraan Online,"bayar, pajak, kendara, tahun, online",Positif,0.999
1913,mempermudah banget pake signal tdk perlu dateng cukup paymet dr rumah trus di kirim ok dah pertahankan terus layanan signalnya,Layanan Pengiriman STNK ke Rumah,"rumah, langsung, kirim, stnk, samsat",Positif,0.995
1914,Alhamdulillah ga repot k Samsat buat bayar pajak motor sangat membantu buat pekerja yg ga bisa ninggalin tugasnya terima kasih semuanya,Pembayaran Pajak Kendaraan Online,"bayar, pajak, kendara, tahun, online",Positif,1.0
1915,sangat membantu dan tidak perlu antri ke samsat,Kualitas Pelayanan dan Antrean di Samsat,"layan, antri, samsat, masyarakat, respon",Positif,0.998
1916,harus beberapa kali mencoba sampai akhirnya berhasil,Rincian Biaya Administrasi dan Transaksi,"kali, daftar, biaya, transaksi, ktp",Netral,0.568
1917,mempermudah tanpa hadir d samsat,Perbandingan Layanan Online vs. Kantor Samsat,"kantor, samsat, online, daerah, kota",Positif,0.982
1918,Cocok utk yg mager,Topik Tidak Relevan,Tidak Ditemukan,Positif,0.591
1919,terimakasih Cepat dan mudah melalui online,Perbandingan Layanan Online vs. Kantor Samsat,"kantor, samsat, online, daerah, kota",Positif,0.998
1920,Alhamdulillah sangat membantu saya dalam perpanjang pajak tahunan terima kasih,Pembayaran Pajak Kendaraan Online,"bayar, pajak, kendara, tahun, online",Positif,1.0
1921,walaupun hari proses nya dari samsat smpi ke kantor pos tapi selesai juga fisik pajak nya sudah saya terima,Proses dan Durasi Pengiriman STNK,"kirim, proses, stnk, tanggal, minggu",Negatif,0.663
1922,transaksi gampang bukti dikirim melalui pos mendarat dengan aman,Layanan Jasa Kurir Pengiriman,"pos, kirim, via, indonesia, guna",Negatif,0.723
1923,sangat membantu mungkin bisa di tambah pilihan kurirnya,Proses Pengurusan via Aplikasi SIGNAL,"signal, urus, samsat, digital, ambil",Netral,0.453
1924,Sering macet di pos,Layanan Jasa Kurir Pengiriman,"pos, kirim, via, indonesia, guna",Negatif,0.496
1925,sangat membantu mempermudah masyarakat membayar pajak tanpa harus ke kantor Samsat kendala hanya lama menunggu untuk terima STNK nya,Pembayaran Pajak Kendaraan Online,"bayar, pajak, kendara, tahun, online",Positif,0.994
1926,mudah di pakai,Topik Tidak Relevan,Tidak Ditemukan,Positif,0.803
1927,sangat membantu tidak perlu jauh jauh keluar rmh,Layanan Pengiriman STNK ke Rumah,"rumah, langsung, kirim, stnk, samsat",Positif,0.987
1928,proses awal sampai pengiriman sangat cepat,Proses dan Durasi Pengiriman STNK,"kirim, proses, stnk, tanggal, minggu",Positif,0.672
1929,pajak sudah di bayar status pembayaran nya tidak update malah waktu pembayaran jd kadaluarsa pengaduan lewat email gk ada respon,Pembayaran Pajak Kendaraan Online,"bayar, pajak, kendara, tahun, online",Negatif,0.985
1930,pengaduan lewat live chat tersambung ke agen nya setengah mati,Fitur dan Layanan Bantuan Aplikasi,"bikin, sistem, antar, chat, cek",Negatif,0.998
1931,aplikasi pelayanan negara tapi kok ky gini kalah jauh sama yg swasta,Kualitas Pelayanan dan Antrean di Samsat,"layan, antri, samsat, masyarakat, respon",Negatif,0.983
1932,gimana mau taat pajak mau bayar pajak aja di persulit,Pembayaran Pajak Kendaraan Online,"bayar, pajak, kendara, tahun, online",Negatif,0.977
1933,sangat membantu d kala sibuk gak bisa datang ke Samsat ini solusinya,Kendala Teknis Aplikasi (Loading),"orang, sibuk, data, bayar, bank",Positif,0.83
1934,puas banget sma aplikasi jni membantu,Topik Tidak Relevan,Tidak Ditemukan,Positif,0.997
1935,jos pokoknya,Layanan Jasa Kurir Pengiriman,"pos, kirim, via, indonesia, guna",Positif,0.991
1936,aplikasi sengaja tidak dipermudah biar tetep bayar bayar bayar ke kantor samsat teknologi ada untuk mempermudah bukan tetep dateng ke kantor,Pembayaran Pajak Kendaraan Online,"bayar, pajak, kendara, tahun, online",Negatif,0.471
1937,BUKTI PEMBAYARAN PAJAK TIDAK SAMPAI KE RUMAH MALAH DI RETUR KE SAMSAT OLEH KURIR POS PALABUHAN RATU KAB.SUKABUMI DENGAN ALASAN DI TELPON DAN DI WA TIDAK DIRESPON PADAHAL NO HP SELALU AKTIF,Layanan Pengiriman STNK ke Rumah,"rumah, langsung, kirim, stnk, samsat",Negatif,0.815
1938,aplikasi yg sangat membantu,Topik Tidak Relevan,Tidak Ditemukan,Positif,0.927
1939,membantu dalam pembayaran pajak kendaraan bermotor tidak harus antri ke kantor Samsat,Pembayaran Pajak Kendaraan Online,"bayar, pajak, kendara, tahun, online",Positif,0.998
1940,sangat membantu sekali mempermudah pelayanan digital,Kualitas Pelayanan dan Antrean di Samsat,"layan, antri, samsat, masyarakat, respon",Positif,0.996
1941,pengesahan stnk gagal terus,Perpanjangan STNK 5 Tahunan (Ganti Plat),"stnk, panjang, samsat, ganti, plat",Negatif,0.991
1942,perpanjang stnk ga ribet mudah aman signal terbaik makasih,Perpanjangan STNK 5 Tahunan (Ganti Plat),"stnk, panjang, samsat, ganti, plat",Positif,0.998
1943,bayar pajak aja dipersulit,Pembayaran Pajak Kendaraan Online,"bayar, pajak, kendara, tahun, online",Negatif,0.509
1944,sangat membantu sekali saat bayar pajak,Pembayaran Pajak Kendaraan Online,"bayar, pajak, kendara, tahun, online",Positif,0.856
1945,akses aman mudah dan cepat,Proses Pengurusan via Aplikasi SIGNAL,"signal, urus, samsat, digital, ambil",Positif,0.962
1946,Kenapa bayar pajak di samsat ada blanko Asuransi Jasaraharja sementara lewat aplikasi jasa raharja Blanko kartu nya tdk disertakan padahal bayar nya sama,Pembayaran Pajak Kendaraan Online,"bayar, pajak, kendara, tahun, online",Negatif,0.924
1947,bahkan lebih mahal krn B.Admin plus ongkir,Rincian Biaya Administrasi dan Transaksi,"kali, daftar, biaya, transaksi, ktp",Negatif,0.986
1948,Lumayan lah,Topik Tidak Relevan,Tidak Ditemukan,Netral,0.358
1949,sayang pengiriman nya lelet banget,Proses dan Durasi Pengiriman STNK,"kirim, proses, stnk, tanggal, minggu",Negatif,0.997
1950,lebih praktis dan mudah,Topik Tidak Relevan,Tidak Ditemukan,Positif,0.999
1951,simple efisien waktu,Topik Tidak Relevan,Tidak Ditemukan,Positif,0.997
1952,terimakasih dokumennya sdh saya terima tapi kenapa masih ada denda sebesar rp,Layanan Jasa Kurir Pengiriman,"pos, kirim, via, indonesia, guna",Positif,0.75
1953,bukannya bebas denda,Kendala Teknis Aplikasi (Loading),"orang, sibuk, data, bayar, bank",Netral,0.825
1954,terimakasi pak pos pengirimannya cepat,Layanan Jasa Kurir Pengiriman,"pos, kirim, via, indonesia, guna",Positif,0.518
1955,Ga sampai seminggu udah jadi MANTAP,Proses dan Durasi Pengiriman STNK,"kirim, proses, stnk, tanggal, minggu",Positif,0.9
1956,lebih praktis mengurangi antrian dan waktu datang ke samsat,Kualitas Pelayanan dan Antrean di Samsat,"layan, antri, samsat, masyarakat, respon",Positif,0.999
1957,pengiriman agak lambat,Proses dan Durasi Pengiriman STNK,"kirim, proses, stnk, tanggal, minggu",Negatif,0.981
1958,keren cepet dan efisien,Topik Tidak Relevan,Tidak Ditemukan,Positif,0.999
1959,mempermudah pembayaran pajak motor hanya saja untuk pengiriman dokumennya sangat lama dan baru motor untuk mobil belum bisa,Pembayaran Pajak Kendaraan Online,"bayar, pajak, kendara, tahun, online",Netral,0.47
1960,sangat bermanfaat dan memudahkan untuk bayar pajak tahunan jika memungkinkan untuk buka blokir dan cek tilang bisa dari aplikasi ini aja,Pembayaran Pajak Kendaraan Online,"bayar, pajak, kendara, tahun, online",Positif,0.524
1961,mantaaaaaaap,Topik Tidak Relevan,Tidak Ditemukan,Positif,0.594
1962,Proses sangat cepat dimulai dari pendaftaran dan pembayaran dihari yg sama hingga pada proses pengiriman dengan pilihan express dokumen diterima hanya dalam hari kerja,Proses dan Durasi Pengiriman STNK,"kirim, proses, stnk, tanggal, minggu",Negatif,0.817
1963,simpel ga usah ikut ngantri tingal nunggu di rumah,Layanan Pengiriman STNK ke Rumah,"rumah, langsung, kirim, stnk, samsat",Positif,1.0
1964,cuma beda nya klo langsung kita tau tempat nya dan ikut ngantri,Layanan Pengiriman STNK ke Rumah,"rumah, langsung, kirim, stnk, samsat",Negatif,0.406
1965,sangat membantu luar bisa,Perbandingan Layanan Online vs. Kantor Samsat,"kantor, samsat, online, daerah, kota",Positif,0.898
1966,smg lebih baik,Topik Tidak Relevan,Tidak Ditemukan,Netral,0.869
1967,Sangat membantu sekali dan tidak perlu keluar rumah,Layanan Pengiriman STNK ke Rumah,"rumah, langsung, kirim, stnk, samsat",Positif,0.982
1968,apalagi antriiiii,Topik Tidak Relevan,Tidak Ditemukan,Netral,0.52
1969,sangat membantu dan efisien good,Topik Tidak Relevan,Tidak Ditemukan,Positif,0.999
1970,buat yg ga sempet ke samsat karna sibuk kerja ini recommended bangedd,Kendala Teknis Aplikasi (Loading),"orang, sibuk, data, bayar, bank",Positif,0.671
1971,prosesnya mudah,Proses dan Durasi Pengiriman STNK,"kirim, proses, stnk, tanggal, minggu",Positif,0.907
1972,mungkin karena kena libur panjang jd baru sampai bukti pajak nya tapi semua nya sudah OK,Pembayaran Pajak Kendaraan Online,"bayar, pajak, kendara, tahun, online",Netral,0.494
1973,mantap tidak perlu antri buat perpanjangan.tinggal klik diaplikasi sambil tiduran dirumah.dan tinggal tunggu dikirim ke rumah,Layanan Pengiriman STNK ke Rumah,"rumah, langsung, kirim, stnk, samsat",Positif,0.999
1974,mantaaaap bayar pajak jadi ga usah ngantri lagi,Pembayaran Pajak Kendaraan Online,"bayar, pajak, kendara, tahun, online",Positif,0.983
1975,terbaik,Topik Tidak Relevan,Tidak Ditemukan,Netral,0.903
1976,udah x bayar pajak lewat signal mudah cara gunainnya cuma paling kekurangan.a rada susah bayar lewat bank sama gopay paling saya bisa.a cuma lewat shopee,Pembayaran Pajak Kendaraan Online,"bayar, pajak, kendara, tahun, online",Negatif,0.385
1977,lama proses pengiriman,Proses dan Durasi Pengiriman STNK,"kirim, proses, stnk, tanggal, minggu",Negatif,0.574
1978,aplikasi ribet susah di akses lebih bagus aplikasinya jawa barat simpel,Kendala Teknis Aplikasi (Loading),"orang, sibuk, data, bayar, bank",Negatif,0.519
1979,pengiriman juga cepat,Proses dan Durasi Pengiriman STNK,"kirim, proses, stnk, tanggal, minggu",Positif,0.637
1980,sangat membatu cuma belum sampe stnk nya ya,Perpanjangan STNK 5 Tahunan (Ganti Plat),"stnk, panjang, samsat, ganti, plat",Negatif,0.912
1981,Jadi lebih mudah dalam perpanjang pajak kendaraan bermotor yang,Pembayaran Pajak Kendaraan Online,"bayar, pajak, kendara, tahun, online",Positif,0.993
1982,saya harap untuk pajak tahunan juga biasa online untuk kedepannya terimakasih,Pembayaran Pajak Kendaraan Online,"bayar, pajak, kendara, tahun, online",Netral,0.968
1983,x bayar pajak kendaraan ga ada kendala,Pembayaran Pajak Kendaraan Online,"bayar, pajak, kendara, tahun, online",Positif,0.375
1984,Mantap tidak perlu jalan kaki hanya nunggu di rumah,Layanan Pengiriman STNK ke Rumah,"rumah, langsung, kirim, stnk, samsat",Positif,0.998
1985,sangat memudahkan bayar pajak milik sendiri jika kita sibuk kerja,Pembayaran Pajak Kendaraan Online,"bayar, pajak, kendara, tahun, online",Positif,0.557
1986,thanks signal,Proses Pengurusan via Aplikasi SIGNAL,"signal, urus, samsat, digital, ambil",Positif,0.962
1987,mudah n makin tambah taun makin tambah banyak fiturnya umpamanya untuk proses mutasi dan balik nama klo bisa cukup lwt apk signal biar ga repot antri ke samsat,Rincian Biaya Administrasi dan Transaksi,"kali, daftar, biaya, transaksi, ktp",Netral,0.604
1988,mantul,Topik Tidak Relevan,Tidak Ditemukan,Positif,0.96
1989,tidak perlu antri cukup dengan aplikasi ini proses cepat mudah setelah selesai diantar kerumah,Proses dan Durasi Pengiriman STNK,"kirim, proses, stnk, tanggal, minggu",Positif,1.0
1990,terima kasih aplikasi yg sangat membantu sekali,Topik Tidak Relevan,Tidak Ditemukan,Positif,0.99
1991,terbaikk,Topik Tidak Relevan,Tidak Ditemukan,Positif,0.751
1992,sangat membantu dan mempermudah dalam pelayanan pembayaran perpanjangan STNK,Perpanjangan STNK 5 Tahunan (Ganti Plat),"stnk, panjang, samsat, ganti, plat",Positif,0.997
1993,Jaringan Tolong di perbaharui jangan Lama,Perbandingan Layanan Online vs. Kantor Samsat,"kantor, samsat, online, daerah, kota",Negatif,0.694
1994,di bisa di percaya tanpa calo dan tanpa ribet,Topik Tidak Relevan,Tidak Ditemukan,Positif,0.962
1995,uncang kaki di rumah masalah beres,Layanan Pengiriman STNK ke Rumah,"rumah, langsung, kirim, stnk, samsat",Positif,0.931
1996,membantu banget tidak ribet dan praktis bikin akun masukin data tinggal nunggu datang ke rumah,Kendala Teknis Aplikasi (Loading),"orang, sibuk, data, bayar, bank",Positif,0.918
1997,penerbitan super duper lamban,Layanan Jasa Kurir Pengiriman,"pos, kirim, via, indonesia, guna",Negatif,0.991
1998,InsyaAllah amanah,Topik Tidak Relevan,Tidak Ditemukan,Positif,0.991
1999,ok bagus,Topik Tidak Relevan,Tidak Ditemukan,Positif,0.92
2000,SANGAT BURUK BAYAR PAJAK DARI KEMARIN GABISA DARI KEMAREN PADAHAL TAHUN LALU GAMPANG APLIKASI PAYAH,Pembayaran Pajak Kendaraan Online,"bayar, pajak, kendara, tahun, online",Negatif,0.944
2001,apk sampah tidak bisa digunakan buat bayak pajak,Pembayaran Pajak Kendaraan Online,"bayar, pajak, kendara, tahun, online",Negatif,0.986
2002,muantap pas ada pemutihan dari KDM pasti atri nya puanjang pisan dengan SIGNAL jadi lebih mudah Hatur nuhun,Proses Pengurusan via Aplikasi SIGNAL,"signal, urus, samsat, digital, ambil",Positif,0.996
2003,mudahh bgt tinggal ngambil ke Samsat,Perbandingan Layanan Online vs. Kantor Samsat,"kantor, samsat, online, daerah, kota",Positif,0.883
2004,Oke,Topik Tidak Relevan,Tidak Ditemukan,Positif,0.92
2005,pengalaman membayar pajak pertama bayar pajak online tanggal mei sampai tanggal juni masih pra colection mau smpe kpan aku nunggu stnk datang live chat susah email balesan nya di teruskan ke yg bersangkutan sudah smggu gk ad kabar lg pembayaran sebernya sih gamapng,Proses dan Durasi Pengiriman STNK,"kirim, proses, stnk, tanggal, minggu",Negatif,0.994
2006,kok saya tidak bisa melakukan pendaftaran pengesahan STNK tahun kemarin bisa tahun ini tidak bisa,Rincian Biaya Administrasi dan Transaksi,"kali, daftar, biaya, transaksi, ktp",Negatif,0.943
2007,aplikasi nya sangat membantu dan memuaskan,Topik Tidak Relevan,Tidak Ditemukan,Positif,0.99
2008,Alhamdulillah sdh berkali untuk perpanjangan stnk lewat aplikasi ini mudah an slanjut ny bisa di gunakan untuk perpanjangan dan ganti plat nomor agar g repot musti datang terima kasih,Perpanjangan STNK 5 Tahunan (Ganti Plat),"stnk, panjang, samsat, ganti, plat",Positif,0.997
2009,bingung juga klau beli motor bekas,Rincian Biaya Administrasi dan Transaksi,"kali, daftar, biaya, transaksi, ktp",Negatif,0.745
2010,bayar pajak aja susah,Pembayaran Pajak Kendaraan Online,"bayar, pajak, kendara, tahun, online",Negatif,0.926
2011,di online gak bisa dan di Samsat juga harus lewat calo,Perbandingan Layanan Online vs. Kantor Samsat,"kantor, samsat, online, daerah, kota",Netral,0.435
2012,saya mau taat pajak tolong donk jgn dipersulit,Pembayaran Pajak Kendaraan Online,"bayar, pajak, kendara, tahun, online",Negatif,0.951
2013,sangat membantu tapi sayang pengirman super duper lambat padahal saya pake ekspres pos giro kalo bisa pake selain pos giro bisa lambat nya ampun dah kasian jadi jelek institusi gara pos,Layanan Jasa Kurir Pengiriman,"pos, kirim, via, indonesia, guna",Negatif,0.997
2014,ga pake ngantri,Kualitas Pelayanan dan Antrean di Samsat,"layan, antri, samsat, masyarakat, respon",Positif,0.927
2015,mau bayar pajak aja susah sekali banyak error telat bayar tilang mau bayar susah,Pembayaran Pajak Kendaraan Online,"bayar, pajak, kendara, tahun, online",Negatif,0.998
2016,kek manaa ini,Topik Tidak Relevan,Tidak Ditemukan,Negatif,0.7
2017,Alhmdulillah memudahkan bg yg diluar provinsi,Fitur dan Layanan Bantuan Aplikasi,"bikin, sistem, antar, chat, cek",Positif,0.933
2018,toppp,Topik Tidak Relevan,Tidak Ditemukan,Positif,0.622
2019,sangat memudahkan bgt,Topik Tidak Relevan,Tidak Ditemukan,Positif,0.913
2020,kalau bisa adaiin fitur untuk pemutihan perubahan alamat dan nama pemilik motor ya pak,Layanan Pengiriman STNK ke Rumah,"rumah, langsung, kirim, stnk, samsat",Netral,0.942
2021,biar sy gausah jauh ke samsat,Perbandingan Layanan Online vs. Kantor Samsat,"kantor, samsat, online, daerah, kota",Netral,0.831
2022,kalau adain fitur itu dijamin si bakal jadi keren dan membantu semua org,Kendala Teknis Aplikasi (Loading),"orang, sibuk, data, bayar, bank",Positif,0.814
2023,mantap sangat membantu bgt memudahkan banget tapi pengiriman lama hari baru sampe rumah,Layanan Pengiriman STNK ke Rumah,"rumah, langsung, kirim, stnk, samsat",Positif,0.999
2024,Memudahkan masyarakat membayar pajak tanpa perlu datang ke samsat,Pembayaran Pajak Kendaraan Online,"bayar, pajak, kendara, tahun, online",Positif,0.968
2025,Apalagi bisa dikirim ke alamat domisili,Proses dan Durasi Pengiriman STNK,"kirim, proses, stnk, tanggal, minggu",Netral,0.365
2026,Daftar TNKB selalu gagal live chat tidak pernah ada respon adapun respon tidak solutif,Fitur dan Layanan Bantuan Aplikasi,"bikin, sistem, antar, chat, cek",Negatif,0.999
2027,dari proses sampai stnk datang ke rumah butuh waktu minggu,Proses dan Durasi Pengiriman STNK,"kirim, proses, stnk, tanggal, minggu",Negatif,0.888
2028,sangat puas sama pelayanan nya top deh,Kualitas Pelayanan dan Antrean di Samsat,"layan, antri, samsat, masyarakat, respon",Positif,0.997
2029,cepat tepat aman terbaik deh ga pake ribet ngantri langsung sampai depan rumah terima kasih,Layanan Pengiriman STNK ke Rumah,"rumah, langsung, kirim, stnk, samsat",Positif,0.999
2030,membantu sekali aplikasi ini,Topik Tidak Relevan,Tidak Ditemukan,Positif,0.875
2031,ez makenya,Topik Tidak Relevan,Tidak Ditemukan,Positif,0.822
2032,sering eror,Topik Tidak Relevan,Tidak Ditemukan,Negatif,0.918
2033,bagus sangat mempermudah,Topik Tidak Relevan,Tidak Ditemukan,Positif,0.991
2034,SANGAT MEMBANTU SEKALI APLIKASI INI CUMA SAYANG NYA UNTUK PENGIRIMAN LAMA SEKALI MINGGU LEBIH BARU DATENG,Proses dan Durasi Pengiriman STNK,"kirim, proses, stnk, tanggal, minggu",Negatif,0.981
2035,mantap pengiriman cepat,Proses dan Durasi Pengiriman STNK,"kirim, proses, stnk, tanggal, minggu",Positif,0.994
2036,Alhamdulillah sangat membantu,Topik Tidak Relevan,Tidak Ditemukan,Positif,0.999
2037,Baarokallahu Fiikum,Topik Tidak Relevan,Tidak Ditemukan,Positif,0.785
2038,apk ini sangat membantu utk memberantas PUNGLI dan mohon utk daerah gorontalo mohon segera di buka pembayarannya melalui aplikasi signal untuk memberantas PUNGLI,Proses Pengurusan via Aplikasi SIGNAL,"signal, urus, samsat, digital, ambil",Positif,0.93
2039,lumayan membantu buat yg males bayar pajak ke Samsat,Pembayaran Pajak Kendaraan Online,"bayar, pajak, kendara, tahun, online",Positif,0.974
2040,pengiriman lama bangeeet,Proses dan Durasi Pengiriman STNK,"kirim, proses, stnk, tanggal, minggu",Negatif,0.914
2041,terkadang masih sulit diaksea,Topik Tidak Relevan,Tidak Ditemukan,Negatif,0.532
2042,pelayanan mantap,Kualitas Pelayanan dan Antrean di Samsat,"layan, antri, samsat, masyarakat, respon",Positif,0.995
2043,seminggu baru di kirim stnk y,Proses dan Durasi Pengiriman STNK,"kirim, proses, stnk, tanggal, minggu",Negatif,0.979
2044,sangat memudahkan terimakasih,Topik Tidak Relevan,Tidak Ditemukan,Positif,0.985
2045,sementara kasih bintang karena tidak bisa lagi pilih pengiriman pos,Layanan Jasa Kurir Pengiriman,"pos, kirim, via, indonesia, guna",Negatif,0.786
2046,masih isi formulir di kantor samsat,Perbandingan Layanan Online vs. Kantor Samsat,"kantor, samsat, online, daerah, kota",Positif,0.569
2047,cepat dan tanpa calok,Topik Tidak Relevan,Tidak Ditemukan,Positif,0.642
2048,nyobain pengiriman E TBPKP via pos beneran sampai ke rumah,Layanan Jasa Kurir Pengiriman,"pos, kirim, via, indonesia, guna",Netral,0.595
2049,agak lama tapi cukup memudahkan untuk yang males ngantri di kantor Samsat,Perbandingan Layanan Online vs. Kantor Samsat,"kantor, samsat, online, daerah, kota",Positif,0.983
2050,aplikasi ribet,Topik Tidak Relevan,Tidak Ditemukan,Negatif,0.571
2051,aplikasi untuk mempermudah bayar pajak tahunan kendaraan bermotor tinggal klik bayar dikirim ke rumah,Pembayaran Pajak Kendaraan Online,"bayar, pajak, kendara, tahun, online",Positif,0.767
2052,saya ingatkan jangan sesekali menggunakan aplikasi ini tapi STNK nya tidak dikirim ke rumah tapi diambil langsung,Layanan Pengiriman STNK ke Rumah,"rumah, langsung, kirim, stnk, samsat",Negatif,0.872
2053,soalnya akan lempar di samsatnya,Topik Tidak Relevan,Tidak Ditemukan,Negatif,0.902
2054,memudahkan sekali bagi kaum yg gk suka antri seperti diriku,Kualitas Pelayanan dan Antrean di Samsat,"layan, antri, samsat, masyarakat, respon",Positif,0.994
2055,tinggl pencet payment nunggu stnk nya smpai,Perpanjangan STNK 5 Tahunan (Ganti Plat),"stnk, panjang, samsat, ganti, plat",Positif,0.466
2056,beres deh gk perlu ke samsat,Layanan Pengiriman STNK ke Rumah,"rumah, langsung, kirim, stnk, samsat",Positif,0.965
2057,alhamdulillah ngikutin prosedur hari sdh dikirim smpe rumah,Layanan Pengiriman STNK ke Rumah,"rumah, langsung, kirim, stnk, samsat",Positif,1.0
2058,Memudahkan dalam membayar pajak terima kasih,Pembayaran Pajak Kendaraan Online,"bayar, pajak, kendara, tahun, online",Positif,0.992
2059,buat saya pribadi sangat membantu untuk kita pekerja jadi kita tidak perlu izin untuk mengurus surat jadi tinggal lewat aplikasi ini semua urusan pajak jadi mudah,Proses Pengurusan via Aplikasi SIGNAL,"signal, urus, samsat, digital, ambil",Positif,0.835
2060,cepat mudah ga ribet,Topik Tidak Relevan,Tidak Ditemukan,Positif,0.997
2061,ribet mau cek pajak aja,Pembayaran Pajak Kendaraan Online,"bayar, pajak, kendara, tahun, online",Negatif,0.974
2062,terimakasih Samsat online,Perbandingan Layanan Online vs. Kantor Samsat,"kantor, samsat, online, daerah, kota",Positif,0.944
2063,pelayanan cepat tanpa harus antri STNK sudah diterima dengan baik,Kualitas Pelayanan dan Antrean di Samsat,"layan, antri, samsat, masyarakat, respon",Positif,0.999
2064,Best lah pokoknya,Layanan Jasa Kurir Pengiriman,"pos, kirim, via, indonesia, guna",Positif,0.991
2065,mempermudah banget jika lagi merantau,Permintaan Bantuan dan Saran Peningkatan,"bantu, tingkat, proses, samsat, rantau",Positif,0.978
2066,Mantap aplikasinya,Topik Tidak Relevan,Tidak Ditemukan,Positif,0.977
2067,mempermudah urusan menjadi warga yang taat pajak,Pembayaran Pajak Kendaraan Online,"bayar, pajak, kendara, tahun, online",Positif,0.988
2068,Overall bagus aplikasinya cuma sistem pengaduan gak ada respon sama sekali,Fitur dan Layanan Bantuan Aplikasi,"bikin, sistem, antar, chat, cek",Negatif,0.978
2069,pengiriman stnknya sangat lambatt padahal udah bayar ongkir dan jaraknya pun masih kota,Proses dan Durasi Pengiriman STNK,"kirim, proses, stnk, tanggal, minggu",Negatif,0.978
2070,terima kasih good job,Topik Tidak Relevan,Tidak Ditemukan,Positif,1.0
2071,Saya ingin menambah kendaraan dengan kendaraan orang lain yg masih kk sudah semua di isi dengan benar saat menlanjtukan Prosesing nya eror terus,Kendala Teknis Aplikasi (Loading),"orang, sibuk, data, bayar, bank",Negatif,0.488
2072,asli simple banget baru kali ini pake aplikasi negara se simple ini dan harusnya sim juga se gampang ini,Rincian Biaya Administrasi dan Transaksi,"kali, daftar, biaya, transaksi, ktp",Positif,0.857
2073,di faktur pajaknya turun harga tp pas cek out ada aja embel nya jd naik k dari thn kmaren pdahal di faktur pajaknya turun k jd aneh hmm,Pembayaran Pajak Kendaraan Online,"bayar, pajak, kendara, tahun, online",Negatif,0.94
2074,Sangat membantu perpanjanglebih mudah,Topik Tidak Relevan,Tidak Ditemukan,Positif,0.991
2075,Perpanjangan online yang ke dua pengiriman lama,Perpanjangan STNK 5 Tahunan (Ganti Plat),"stnk, panjang, samsat, ganti, plat",Negatif,0.616
2076,edit di tahun memang sangat membantu tanpa antri,Kualitas Pelayanan dan Antrean di Samsat,"layan, antri, samsat, masyarakat, respon",Positif,0.91
2077,kalau bisa penggantian plat nomor online juga jika bisa biar tidak repot repot ngantri dan isi folmulir,Perpanjangan STNK 5 Tahunan (Ganti Plat),"stnk, panjang, samsat, ganti, plat",Netral,0.881
2078,karena data juga sudah lengkap,Kendala Teknis Aplikasi (Loading),"orang, sibuk, data, bayar, bank",Netral,0.652
2079,Gagal Verifikasi untuk pembayaran,Pembayaran Pajak Kendaraan Online,"bayar, pajak, kendara, tahun, online",Negatif,0.99
2080,masih perlu dikembangkan untuk perbaikan,Rincian Biaya Administrasi dan Transaksi,"kali, daftar, biaya, transaksi, ktp",Netral,0.759
2081,keren kalo pas per tahun bisa juga via signal,Proses Pengurusan via Aplikasi SIGNAL,"signal, urus, samsat, digital, ambil",Netral,0.506
2082,nyewa vendor untuk bikin aplikasi yang jelas gak usah dipotong deh anggarannya aplikasi bapuk udah berkali kali pengesahan stnk gak bisa,Rincian Biaya Administrasi dan Transaksi,"kali, daftar, biaya, transaksi, ktp",Negatif,0.997
2083,semua jadi serba mudah,Topik Tidak Relevan,Tidak Ditemukan,Positif,0.897
2084,daftar bayar pajak online tgl april baru slsai tgl mei,Pembayaran Pajak Kendaraan Online,"bayar, pajak, kendara, tahun, online",Negatif,0.987
2085,itu pun saya buat pengaduan di email karna terlalu lama,Layanan Jasa Kurir Pengiriman,"pos, kirim, via, indonesia, guna",Negatif,0.737
2086,lama banget entah kenapa kakak saya online seminggu slsai,Perbandingan Layanan Online vs. Kantor Samsat,"kantor, samsat, online, daerah, kota",Negatif,0.995
2087,pelayanan express sore daftar pengesahan stnk besok nya langsung sampai ke rumah stnk nya sangat bermanfaat ketika saya ga bisa datang langsung k samsat karena kerja,Layanan Pengiriman STNK ke Rumah,"rumah, langsung, kirim, stnk, samsat",Negatif,0.922
2088,oke cuman aga lama aja pengiriman nya,Proses dan Durasi Pengiriman STNK,"kirim, proses, stnk, tanggal, minggu",Negatif,0.976
2089,pengiriman tidak sesuai estimasi udah lbih minggu baru nyampe,Proses dan Durasi Pengiriman STNK,"kirim, proses, stnk, tanggal, minggu",Positif,0.417
2090,mempermudah banget,Topik Tidak Relevan,Tidak Ditemukan,Positif,0.945
2091,mempermudah pembayaran kendaraan ga cape antri kesamsat,Pembayaran Pajak Kendaraan Online,"bayar, pajak, kendara, tahun, online",Positif,0.999
2092,pengiriman aja yg agak lama,Proses dan Durasi Pengiriman STNK,"kirim, proses, stnk, tanggal, minggu",Negatif,0.662
2093,mantaappp lahh baguuss mudah dan jauh dri pungli,Topik Tidak Relevan,Tidak Ditemukan,Positif,0.986
2094,saya sdh th.ke membayar Pajak Kendaraan via online Signal transaksi lancar sangat mudah dan berjalan lancar,Pembayaran Pajak Kendaraan Online,"bayar, pajak, kendara, tahun, online",Positif,0.712
2095,terimakasih untuk servicenya kedepan tambah maju sukses untuk kita semua,Permintaan Bantuan dan Saran Peningkatan,"bantu, tingkat, proses, samsat, rantau",Positif,0.978
2096,Juni Retno Larasati,Proses dan Durasi Pengiriman STNK,"kirim, proses, stnk, tanggal, minggu",Netral,0.898
2097,B,Topik Tidak Relevan,Tidak Ditemukan,Netral,0.49
2098,.TZC,Topik Tidak Relevan,Tidak Ditemukan,Netral,0.49
2099,ga bisa daftar dianggap sistem pakai ktp palsu malah disuruh bikin ktp lagi parah ini app,Rincian Biaya Administrasi dan Transaksi,"kali, daftar, biaya, transaksi, ktp",Negatif,0.996
2100,Memudahkan membayar pajak tanpa perlu ke outlet samsat karena dikirim langsung ke rumah by pos,Layanan Pengiriman STNK ke Rumah,"rumah, langsung, kirim, stnk, samsat",Positif,0.995
2101,Mantap mempermudah untuk membayar Pajak,Pembayaran Pajak Kendaraan Online,"bayar, pajak, kendara, tahun, online",Positif,0.997
2102,sangat membantu dan praktis,Topik Tidak Relevan,Tidak Ditemukan,Positif,0.997
2103,layanan cepat mantap,Kualitas Pelayanan dan Antrean di Samsat,"layan, antri, samsat, masyarakat, respon",Positif,0.999
2104,verifikasinya lumayan lama sampe mgu stlh minggu dr pembayaran bru proses ke kantor pos,Proses dan Durasi Pengiriman STNK,"kirim, proses, stnk, tanggal, minggu",Negatif,0.985
2105,mantap.nyaman.aman jauh dr pungli,Topik Tidak Relevan,Tidak Ditemukan,Positif,0.654
2106,alhamdulillah pelayanan sangat memuaskan terimakasih apk SIGNAL,Proses Pengurusan via Aplikasi SIGNAL,"signal, urus, samsat, digital, ambil",Positif,1.0
2107,mau bayar pajak offline lgsg dtg ke lokasi pas datang kelokasi mau masuk aja di pinta karcis ditanya karcis buat apa di bilang karcis parkir ditanya parkir dimana disitu saya liat parkir pakai palang pintu saya tanya lagi berarti bayar parkir lagi kang parkir diem aja akhirnya saya tinggal pulang gk jadi bayar offline bayar online dan berhasil dikirim ke rumah,Perbandingan Layanan Online vs. Kantor Samsat,"kantor, samsat, online, daerah, kota",Negatif,0.641
2108,semangatt bravo indonesia,Layanan Jasa Kurir Pengiriman,"pos, kirim, via, indonesia, guna",Positif,0.973
2109,cukup bagus,Topik Tidak Relevan,Tidak Ditemukan,Positif,0.85
2110,dan mudah.untuk biaya admin jangn terlalu mahal,Rincian Biaya Administrasi dan Transaksi,"kali, daftar, biaya, transaksi, ktp",Negatif,0.948
2111,bila perlu gratis,Topik Tidak Relevan,Tidak Ditemukan,Netral,0.5
2112,alhamdulilah STNK nya udh jadi,Perpanjangan STNK 5 Tahunan (Ganti Plat),"stnk, panjang, samsat, ganti, plat",Positif,0.837
2113,okeee pengiriman baik sudah diterima ga perlu antri ke Samsat,Kualitas Pelayanan dan Antrean di Samsat,"layan, antri, samsat, masyarakat, respon",Positif,0.966
2114,aku kasih bintang ya tadi nya pengen kasih bintang namun pengiriman nya lama udah seminggu belom dateng,Proses dan Durasi Pengiriman STNK,"kirim, proses, stnk, tanggal, minggu",Negatif,0.951
2115,oke cuman fitur tutorial error loading mulu,Kendala Teknis Aplikasi (Loading),"orang, sibuk, data, bayar, bank",Negatif,0.999
2116,aplikasi banyak loading nya harus diperbaiki lagi,Kendala Teknis Aplikasi (Loading),"orang, sibuk, data, bayar, bank",Negatif,0.942
2117,terjadi eror saat akan mendaftarkan kendaraan dan ngga ada keterangan data apa yg salah jadi bingung,Rincian Biaya Administrasi dan Transaksi,"kali, daftar, biaya, transaksi, ktp",Negatif,0.996
2118,minta otp buat verif aja lamanya setengah botak why,Fitur dan Layanan Bantuan Aplikasi,"bikin, sistem, antar, chat, cek",Negatif,0.963
2119,membantu sekali buat yg lagi ngerantau kerja mantaap,Fitur dan Layanan Bantuan Aplikasi,"bikin, sistem, antar, chat, cek",Positif,0.983
2120,lebih mudah pengurusan nya no ribet,Fitur dan Layanan Bantuan Aplikasi,"bikin, sistem, antar, chat, cek",Positif,0.999
2121,pelayana jadi praktis bisa ditunggu dirumah mantap pokoknya,Layanan Pengiriman STNK ke Rumah,"rumah, langsung, kirim, stnk, samsat",Positif,0.999
2122,sangat membantu dan mempermudah kita bayar via online,Pembayaran Pajak Kendaraan Online,"bayar, pajak, kendara, tahun, online",Positif,0.993
2123,Alhamdulillah dengan adanya aplikasi signal Samsat bisa transaksi online sangat membantu sekali terimakasih,Perbandingan Layanan Online vs. Kantor Samsat,"kantor, samsat, online, daerah, kota",Positif,0.998
2124,sangat bermanfaat dan bisa dianter sampe rumah,Layanan Pengiriman STNK ke Rumah,"rumah, langsung, kirim, stnk, samsat",Positif,0.974
2125,E TBPKP saya sampai saat ini belum saya Terima yang di kirim dari pos Indonesia keterangan nya pra collecting terus,Proses dan Durasi Pengiriman STNK,"kirim, proses, stnk, tanggal, minggu",Negatif,0.989
2126,tapi status pengiriman sudah selesai karena sudah lewat dari hari sejak transaksi,Rincian Biaya Administrasi dan Transaksi,"kali, daftar, biaya, transaksi, ktp",Negatif,0.994
2127,layanan bagus simpel dan mudah,Kualitas Pelayanan dan Antrean di Samsat,"layan, antri, samsat, masyarakat, respon",Positif,1.0
2128,sangat membantu untuk anak rantau,Permintaan Bantuan dan Saran Peningkatan,"bantu, tingkat, proses, samsat, rantau",Positif,0.985
2129,penjelasan transaksi kurang lengkap,Rincian Biaya Administrasi dan Transaksi,"kali, daftar, biaya, transaksi, ktp",Negatif,0.694
2130,Kereen,Topik Tidak Relevan,Tidak Ditemukan,Positif,0.898
2131,semoga makin maju bangsaku,Permintaan Bantuan dan Saran Peningkatan,"bantu, tingkat, proses, samsat, rantau",Positif,0.895
2132,selama menggunakan aplikasi tdk pernah ada masalah,Layanan Jasa Kurir Pengiriman,"pos, kirim, via, indonesia, guna",Negatif,0.626
2133,sangat membantu dlm pembayaran pajak kendaraan tahunan,Pembayaran Pajak Kendaraan Online,"bayar, pajak, kendara, tahun, online",Positif,0.871
2134,proses cepat langsung di kirim ke alamat penerima terimakasih sudah mempermudah semuanya,Proses dan Durasi Pengiriman STNK,"kirim, proses, stnk, tanggal, minggu",Positif,0.994
2135,Cepat dan simple,Topik Tidak Relevan,Tidak Ditemukan,Positif,0.991
2136,good aplikasi,Topik Tidak Relevan,Tidak Ditemukan,Positif,0.977
2137,sangat membantu tinggal tunggu dirumah sudah dikirimkan,Layanan Pengiriman STNK ke Rumah,"rumah, langsung, kirim, stnk, samsat",Positif,0.969
2138,sukses selalu SAMSAT dan pak pos yg mengantarkan,Layanan Jasa Kurir Pengiriman,"pos, kirim, via, indonesia, guna",Positif,0.623
2139,mempermudah pembayaran pajak apalagi diperantauan tanpa harus repot ke kantor pajak ngantri,Pembayaran Pajak Kendaraan Online,"bayar, pajak, kendara, tahun, online",Positif,0.999
2140,Mau bayar pajak gak bisa,Pembayaran Pajak Kendaraan Online,"bayar, pajak, kendara, tahun, online",Negatif,0.732
2141,mantab sangat membantu sekali mempermudah pemilik kendaraan dalam membayar pajak dan meminimalisir percaloan di samsat,Pembayaran Pajak Kendaraan Online,"bayar, pajak, kendara, tahun, online",Positif,1.0
2142,kecewa dgn apk ini saya sdh byar utk dikirim dan selesai tgl Mei smpai skrng blm dikirim,Proses dan Durasi Pengiriman STNK,"kirim, proses, stnk, tanggal, minggu",Negatif,0.998
2143,info no resi tdk ada tertera di hasil transaksi jdi mau lihat tracking pengiriman tdk bisa saya chat via apk dan email tdk ada konfirmasi dan kejelasan pasti,Layanan Jasa Kurir Pengiriman,"pos, kirim, via, indonesia, guna",Negatif,0.989
2144,ga jelas susah sekali masuk,Layanan Jasa Kurir Pengiriman,"pos, kirim, via, indonesia, guna",Negatif,0.997
2145,Prosesnya mudah STNK langsung dikirim via pos,Proses dan Durasi Pengiriman STNK,"kirim, proses, stnk, tanggal, minggu",Positif,0.774
2146,pelayanan dan respon cepat,Kualitas Pelayanan dan Antrean di Samsat,"layan, antri, samsat, masyarakat, respon",Positif,0.99
2147,tujuannya dibikin aplikasi ini apa kalo sama saja ribetnya,Fitur dan Layanan Bantuan Aplikasi,"bikin, sistem, antar, chat, cek",Negatif,0.987
2148,saya mau bayar pajak motor,Pembayaran Pajak Kendaraan Online,"bayar, pajak, kendara, tahun, online",Negatif,0.686
2149,dan stnk atas nama bapak saya,Layanan Pengiriman STNK ke Rumah,"rumah, langsung, kirim, stnk, samsat",Netral,0.68
2150,sedangkan beliau diluar pulau,Perbandingan Layanan Online vs. Kantor Samsat,"kantor, samsat, online, daerah, kota",Netral,0.834
2151,tapi tidak bisa bayar kalo akun dan kepemilikan tidak sama,Kendala Teknis Aplikasi (Loading),"orang, sibuk, data, bayar, bank",Negatif,0.684
2152,gunanya ada aplikasi online buat apa klo tidak bisa mempermudah,Layanan Jasa Kurir Pengiriman,"pos, kirim, via, indonesia, guna",Netral,0.651
2153,STNK belum tiba di alamat padahal sudah berulang kali dikirim namun tidak ada kejelasan,Proses dan Durasi Pengiriman STNK,"kirim, proses, stnk, tanggal, minggu",Negatif,0.92
2154,Terima kasih sangat membantu,Topik Tidak Relevan,Tidak Ditemukan,Positif,0.997
2155,tumben sudah hampir satu Minggu belum sampai ke rumah mohon konfirmasi,Layanan Pengiriman STNK ke Rumah,"rumah, langsung, kirim, stnk, samsat",Negatif,0.935
2156,verifikasi e ktp kok gagal terus,Rincian Biaya Administrasi dan Transaksi,"kali, daftar, biaya, transaksi, ktp",Negatif,0.976
2157,bagaimana solusinya,Kendala Teknis Aplikasi (Loading),"orang, sibuk, data, bayar, bank",Netral,0.719
2158,Mantap pelayanan nya,Kualitas Pelayanan dan Antrean di Samsat,"layan, antri, samsat, masyarakat, respon",Positif,0.996
2159,perpanjang STNK tahunan cepat sekali,Perpanjangan STNK 5 Tahunan (Ganti Plat),"stnk, panjang, samsat, ganti, plat",Positif,0.576
2160,mudah simpel gak ribet,Topik Tidak Relevan,Tidak Ditemukan,Positif,0.999
2161,No antri,Kualitas Pelayanan dan Antrean di Samsat,"layan, antri, samsat, masyarakat, respon",Positif,0.976
2162,keren si ada aplikasi ini membantu banget gausah repot repot Dateng ke Samsat buat bayar pajak tahunan dokumen pun dikirim langsung kerumah dan itu cepet banget cuma hari kereeenn,Layanan Pengiriman STNK ke Rumah,"rumah, langsung, kirim, stnk, samsat",Positif,0.999
2163,sangat cepat dan mudah mantap Gercep,Topik Tidak Relevan,Tidak Ditemukan,Positif,0.996
2164,sangat membantu sekali tidak perlu antri,Kualitas Pelayanan dan Antrean di Samsat,"layan, antri, samsat, masyarakat, respon",Positif,0.997
2165,belum sampai rumah buktinya,Layanan Pengiriman STNK ke Rumah,"rumah, langsung, kirim, stnk, samsat",Positif,0.632
2166,wilayah provinsi lampung kok blm tersedia pilihannya,Fitur dan Layanan Bantuan Aplikasi,"bikin, sistem, antar, chat, cek",Netral,0.577
2167,enjoosss,Topik Tidak Relevan,Tidak Ditemukan,Positif,0.626
2168,sangat membantu trimakasih banyak,Topik Tidak Relevan,Tidak Ditemukan,Positif,0.988
2169,mudah dan peraktis ga nunggu di samsat nunggu aja di rumah,Layanan Pengiriman STNK ke Rumah,"rumah, langsung, kirim, stnk, samsat",Positif,0.912
2170,Terimkasih Bayar pajak lebih mudah,Pembayaran Pajak Kendaraan Online,"bayar, pajak, kendara, tahun, online",Positif,0.99
2171,sangat membantu banget good,Topik Tidak Relevan,Tidak Ditemukan,Positif,0.998
2172,mau pajak ganti plat kok selalu gagal,Perpanjangan STNK 5 Tahunan (Ganti Plat),"stnk, panjang, samsat, ganti, plat",Negatif,0.745
2173,pengiriman dokumen lama,Layanan Jasa Kurir Pengiriman,"pos, kirim, via, indonesia, guna",Negatif,0.654
2174,aplikasi berguna dan sgt memudahkan utk membayar pajak secara online,Pembayaran Pajak Kendaraan Online,"bayar, pajak, kendara, tahun, online",Positif,0.716
2175,akhir nya dtg juga meskipun kurang lebih mingguan lah dari payment,Proses dan Durasi Pengiriman STNK,"kirim, proses, stnk, tanggal, minggu",Negatif,0.588
2176,josh,Topik Tidak Relevan,Tidak Ditemukan,Positif,0.735
2177,sangat banyak membantu sekali,Topik Tidak Relevan,Tidak Ditemukan,Positif,0.76
2178,sangat membantu dan mudah di gunakan untuk proses nya,Proses dan Durasi Pengiriman STNK,"kirim, proses, stnk, tanggal, minggu",Positif,0.993
2179,Alhamdulillah sekarang sudah lebih baik,Topik Tidak Relevan,Tidak Ditemukan,Positif,0.995
2180,bayar pajak tahunan STNK MOBIL berhasil dikirim ke rumah alhamdulillah mempermudah,Layanan Pengiriman STNK ke Rumah,"rumah, langsung, kirim, stnk, samsat",Positif,0.788
2181,bagus sekali aplikasi ini memudahkan yang tidak bisa dtg ke tempat langsung,Layanan Pengiriman STNK ke Rumah,"rumah, langsung, kirim, stnk, samsat",Positif,0.948
2182,aplikasi yang sangat membantu tidak perlu repot dateng ke samsat cukup bayar lewat aplikasi good job,Pembayaran Pajak Kendaraan Online,"bayar, pajak, kendara, tahun, online",Positif,0.997
2183,proses cepat .mantab,Proses dan Durasi Pengiriman STNK,"kirim, proses, stnk, tanggal, minggu",Positif,0.996
2184,keren cuma hari bisa sampai,Rincian Biaya Administrasi dan Transaksi,"kali, daftar, biaya, transaksi, ktp",Positif,0.765
2185,Nice bagi pekerja yg selalu masuk pagi,Layanan Jasa Kurir Pengiriman,"pos, kirim, via, indonesia, guna",Positif,0.847
2186,mempermudah bayar pajak dan prosesnya cepat,Pembayaran Pajak Kendaraan Online,"bayar, pajak, kendara, tahun, online",Positif,0.99
2187,mantap memudah kan bayar pajak tanpa antri,Pembayaran Pajak Kendaraan Online,"bayar, pajak, kendara, tahun, online",Positif,1.0
2188,Alhamdulillah,Topik Tidak Relevan,Tidak Ditemukan,Positif,0.993
2189,bisa ngebantu yg lagi ga sempet ke Samsat,Perbandingan Layanan Online vs. Kantor Samsat,"kantor, samsat, online, daerah, kota",Positif,0.98
2190,mantap aplikasinya,Topik Tidak Relevan,Tidak Ditemukan,Positif,0.977
2191,good apk,Topik Tidak Relevan,Tidak Ditemukan,Positif,0.946
2192,bayar pajak jadi lebih mudah,Pembayaran Pajak Kendaraan Online,"bayar, pajak, kendara, tahun, online",Positif,0.977
2193,Cepat dan mudah,Topik Tidak Relevan,Tidak Ditemukan,Positif,0.98
2194,sangat puas bagus dan mudah ada nya pelayanan bayar pajak online melalui apk singnal tidak perlu lagi untuk antri dan capek capek berangkat jauh bayar pajak hanya lewat signal bisa sambil rebahan terselesaikan semua nya,Pembayaran Pajak Kendaraan Online,"bayar, pajak, kendara, tahun, online",Positif,0.999
2195,cepat jadinya,Topik Tidak Relevan,Tidak Ditemukan,Positif,0.901
2196,Alhamdulillah aplikasi udah bisa lagi udah tahun pakai ini,Pembayaran Pajak Kendaraan Online,"bayar, pajak, kendara, tahun, online",Positif,0.932
2197,dan STNK sampai dengan selamat,Perpanjangan STNK 5 Tahunan (Ganti Plat),"stnk, panjang, samsat, ganti, plat",Positif,0.804
2198,cepat prosesnya dan pengirimannya,Proses dan Durasi Pengiriman STNK,"kirim, proses, stnk, tanggal, minggu",Positif,0.595
2199,Niat mau bayar di sini tapi bikin akun saja susah banget,Kendala Teknis Aplikasi (Loading),"orang, sibuk, data, bayar, bank",Negatif,0.998
2200,kirim otp sampai hari terus ini sudah hari mau verifikasi email ja ngak bisa,Layanan Jasa Kurir Pengiriman,"pos, kirim, via, indonesia, guna",Negatif,0.997
2201,nnt klo sudah bsa pun ragu mau bayar dsni takutnya eror juga,Pembayaran Pajak Kendaraan Online,"bayar, pajak, kendara, tahun, online",Negatif,0.947
2202,tolong di perbaiki sistem nya,Fitur dan Layanan Bantuan Aplikasi,"bikin, sistem, antar, chat, cek",Netral,0.922
2203,tapi setelah tahun saya bayar lagi sistem sudah mulai bagus,Pembayaran Pajak Kendaraan Online,"bayar, pajak, kendara, tahun, online",Netral,0.839
2204,ternyata sama dengan aplikasinya presisi,Kualitas Pelayanan dan Antrean di Samsat,"layan, antri, samsat, masyarakat, respon",Positif,0.545
2205,cuma mau cek pembayaran pajak aja motor punya istri aja ribetnya minta ampun,Pembayaran Pajak Kendaraan Online,"bayar, pajak, kendara, tahun, online",Negatif,0.955
2206,aplikasi yang di kelola pemerintah gak ada yang bener,Perbandingan Layanan Online vs. Kantor Samsat,"kantor, samsat, online, daerah, kota",Negatif,0.502
2207,sangat terbantu,Topik Tidak Relevan,Tidak Ditemukan,Positif,0.939
2208,aplikasi ini sangat membantu,Topik Tidak Relevan,Tidak Ditemukan,Positif,0.927
2209,prosesnya jadi lebih mudah dan efisien dengan adanya aplikasi ini,Proses dan Durasi Pengiriman STNK,"kirim, proses, stnk, tanggal, minggu",Positif,0.997
2210,mantapp mempermudah banget daripada ngantri di samsat,Kualitas Pelayanan dan Antrean di Samsat,"layan, antri, samsat, masyarakat, respon",Positif,1.0
2211,sangat membantu bagi saya yang kerja di luar kota jadi tidak perlu datang ke Samsat tidak mengganggu pekerjaan cuma dalam pengiriman memang agak lama,Perbandingan Layanan Online vs. Kantor Samsat,"kantor, samsat, online, daerah, kota",Positif,0.914
2212,bagusss tanpa harus ngantri,Kualitas Pelayanan dan Antrean di Samsat,"layan, antri, samsat, masyarakat, respon",Positif,0.998
2213,kereen,Topik Tidak Relevan,Tidak Ditemukan,Positif,0.898
2214,lebih mudah dan anti ribet tanpa calo,Topik Tidak Relevan,Tidak Ditemukan,Positif,0.999
2215,sangan membatu,Perbandingan Layanan Online vs. Kantor Samsat,"kantor, samsat, online, daerah, kota",Positif,0.974
2216,bagi kami pekerja yg tidak bisa ijin libur,Kualitas Pelayanan dan Antrean di Samsat,"layan, antri, samsat, masyarakat, respon",Positif,0.699
2217,cara nya pun sangat mudah lelet tpi prosesnya,Proses dan Durasi Pengiriman STNK,"kirim, proses, stnk, tanggal, minggu",Negatif,0.357
2218,cepat untuk proses nya,Proses dan Durasi Pengiriman STNK,"kirim, proses, stnk, tanggal, minggu",Positif,0.843
2219,Aplikasi yang bagus memudahkan kita untuk membayar pajak dari rumah sekaligus solusi bagi yang rumah nya jauh dari Samsat malas antri,Layanan Pengiriman STNK ke Rumah,"rumah, langsung, kirim, stnk, samsat",Positif,0.995
2220,pengiriman agak sedikit lama,Proses dan Durasi Pengiriman STNK,"kirim, proses, stnk, tanggal, minggu",Negatif,0.662
2221,ok mantap pak pol,Topik Tidak Relevan,Tidak Ditemukan,Positif,0.995
2222,mempermudah buat saya perpanjang pajak yg sedang merantau di ibukota makasih semoga makin cepet proses pengiriman dan makin banyak penggunanya recomend ya gan,Proses dan Durasi Pengiriman STNK,"kirim, proses, stnk, tanggal, minggu",Positif,0.992
2223,terlalu lama proses pengiriman nya,Proses dan Durasi Pengiriman STNK,"kirim, proses, stnk, tanggal, minggu",Negatif,0.557
2224,minggu baru sampe STNK barunya,Proses dan Durasi Pengiriman STNK,"kirim, proses, stnk, tanggal, minggu",Negatif,0.923
2225,sangat membantukan dan mempermudah.sukses selalu terima kasih,Permintaan Bantuan dan Saran Peningkatan,"bantu, tingkat, proses, samsat, rantau",Positif,0.987
2226,mantap jadi simple utk melakukan pembayaran pajak,Pembayaran Pajak Kendaraan Online,"bayar, pajak, kendara, tahun, online",Positif,0.999
2227,terbantu banget pake online,Perbandingan Layanan Online vs. Kantor Samsat,"kantor, samsat, online, daerah, kota",Positif,0.969
2228,pelayanan baik proses ngk sampe seminggu langsung jdi dan di antar kn ke rumh trimakasih bnyak sngat membantu bagi saya,Layanan Pengiriman STNK ke Rumah,"rumah, langsung, kirim, stnk, samsat",Positif,0.951
2229,yg ke sekian kali nya trimakasih bnyak,Rincian Biaya Administrasi dan Transaksi,"kali, daftar, biaya, transaksi, ktp",Positif,0.944
2230,sudah tahun online terus saya,Pembayaran Pajak Kendaraan Online,"bayar, pajak, kendara, tahun, online",Netral,0.831
2231,meper mudah layana,Topik Tidak Relevan,Tidak Ditemukan,Positif,0.974
2232,bisa bayar dr rumah ga perlu antri ga perlu ribet,Layanan Pengiriman STNK ke Rumah,"rumah, langsung, kirim, stnk, samsat",Positif,0.999
2233,efektif dan efisien,Topik Tidak Relevan,Tidak Ditemukan,Positif,0.995
2234,fast response good service,Topik Tidak Relevan,Tidak Ditemukan,Positif,0.983
2235,yg males untuk keluar rumah seperti saya,Layanan Pengiriman STNK ke Rumah,"rumah, langsung, kirim, stnk, samsat",Positif,0.849
2236,sangat membantu bagi saya yang di luar kota merantau,Perbandingan Layanan Online vs. Kantor Samsat,"kantor, samsat, online, daerah, kota",Positif,0.943
2237,Alhamdulillah bayar pajak bisa lewat online engga perlu ke samsat,Pembayaran Pajak Kendaraan Online,"bayar, pajak, kendara, tahun, online",Positif,0.997
2238,Mantap tanpa harus ke Samsat,Perbandingan Layanan Online vs. Kantor Samsat,"kantor, samsat, online, daerah, kota",Positif,0.992
2239,sangat membantu untuk yang sibuk bekerja,Kendala Teknis Aplikasi (Loading),"orang, sibuk, data, bayar, bank",Positif,0.949
2240,nice work,Topik Tidak Relevan,Tidak Ditemukan,Positif,0.982
2241,kasih bintang aja soalnya sampe sekarang stnk saya belom di anter padahal saya udah bayar lebih dari bulan,Proses dan Durasi Pengiriman STNK,"kirim, proses, stnk, tanggal, minggu",Negatif,0.817
2242,cepat jadi ga perlu ngantri,Kualitas Pelayanan dan Antrean di Samsat,"layan, antri, samsat, masyarakat, respon",Positif,0.999
2243,sangat membatu sekali aplikasi signal ini mempermudah pembayaran pajak kendaraan pengiriman STNK Pajak aslinya belum sampai mungkin masih dalam proses,Proses dan Durasi Pengiriman STNK,"kirim, proses, stnk, tanggal, minggu",Negatif,0.6
2244,Signal memang jos mempermudah pembayaran pjk tinggal duduk santai di antar oleh pos tidak perlu cape,Layanan Jasa Kurir Pengiriman,"pos, kirim, via, indonesia, guna",Positif,0.997
2245,aplikasi bejat,Topik Tidak Relevan,Tidak Ditemukan,Negatif,0.536
2246,cukup cepat layanan nya terimakasih,Kualitas Pelayanan dan Antrean di Samsat,"layan, antri, samsat, masyarakat, respon",Positif,0.994
2247,kini ga perlu repot lagi jika mau samsat tingal pencet,Perbandingan Layanan Online vs. Kantor Samsat,"kantor, samsat, online, daerah, kota",Positif,0.997
2248,jadi dah,Topik Tidak Relevan,Tidak Ditemukan,Positif,0.504
2249,Bayar pajak jadi lebih mudah tanpa hrs dtg langsung ke samsat apalgi tuk org yg kseharianya disibukan pekerjaan,Kendala Teknis Aplikasi (Loading),"orang, sibuk, data, bayar, bank",Positif,0.986
2250,Terimaksih,Topik Tidak Relevan,Tidak Ditemukan,Positif,0.942
2251,terima kasih signal aplikasi ini sangat membantu.nex bayar di sini lagi aja lebih praktis,Proses Pengurusan via Aplikasi SIGNAL,"signal, urus, samsat, digital, ambil",Positif,0.978
2252,pelacakan ga jelas,Proses dan Durasi Pengiriman STNK,"kirim, proses, stnk, tanggal, minggu",Negatif,0.891
2253,mempermudah untuk yang sibuk kerja,Kendala Teknis Aplikasi (Loading),"orang, sibuk, data, bayar, bank",Positif,0.899
2254,sangat recomended nilai dari andai bisa dikirim ke alamat lain mungkin akan lebih memudahkan para perantau,Proses dan Durasi Pengiriman STNK,"kirim, proses, stnk, tanggal, minggu",Positif,0.425
2255,thanks,Topik Tidak Relevan,Tidak Ditemukan,Positif,0.941
2256,makasih sekian lama nya nunggu baru sampai STNK saya tks,Perpanjangan STNK 5 Tahunan (Ganti Plat),"stnk, panjang, samsat, ganti, plat",Positif,0.918
2257,sangat membantu ga perlu lagi dateng jauh ke samsat ga perlu ijin kerja tinggal dari aplikasi signal lgsung jossss,Layanan Pengiriman STNK ke Rumah,"rumah, langsung, kirim, stnk, samsat",Positif,0.997
2258,samgat membantu,Topik Tidak Relevan,Tidak Ditemukan,Positif,0.98
2259,klo bisa layanan ganti plat juga,Perpanjangan STNK 5 Tahunan (Ganti Plat),"stnk, panjang, samsat, ganti, plat",Netral,0.726
2260,bayar pajak lewat apk sejak ngerasai kemudahannya jd terus berlanjut,Pembayaran Pajak Kendaraan Online,"bayar, pajak, kendara, tahun, online",Positif,0.904
2261,terimakasih samsat mengerti kesibukan warganya,Kendala Teknis Aplikasi (Loading),"orang, sibuk, data, bayar, bank",Positif,0.997
2262,alhamdulillah dengan jamannya digital ini semua di buat mudah perpanjang STNK tanpa datang k samsat hanya dengan gadget kita bisa bayar dimana saja,Perpanjangan STNK 5 Tahunan (Ganti Plat),"stnk, panjang, samsat, ganti, plat",Positif,0.991
2263,Memudahkan wajib pajak bayar pajak tepat waktu,Pembayaran Pajak Kendaraan Online,"bayar, pajak, kendara, tahun, online",Positif,0.978
2264,prosesnya penerbitan dan pengirimannya masih lama bulan lebih,Proses dan Durasi Pengiriman STNK,"kirim, proses, stnk, tanggal, minggu",Negatif,0.974
2265,sangat membantu dan mempermudah proses pembayaran pajak motor kita,Pembayaran Pajak Kendaraan Online,"bayar, pajak, kendara, tahun, online",Positif,0.99
2266,aplikasi sangat memudahkan kita untuk bayar pajak,Pembayaran Pajak Kendaraan Online,"bayar, pajak, kendara, tahun, online",Positif,0.739
2267,tapi pengiriman nya lama,Proses dan Durasi Pengiriman STNK,"kirim, proses, stnk, tanggal, minggu",Negatif,0.641
2268,dari samsat Ciledug ke rumah gak sampe km tapi kirimnya hari an,Layanan Pengiriman STNK ke Rumah,"rumah, langsung, kirim, stnk, samsat",Negatif,0.952
2269,bayar tgl baru sy Terima tgl,Proses dan Durasi Pengiriman STNK,"kirim, proses, stnk, tanggal, minggu",Negatif,0.451
2270,pengiriman lumayan lama,Proses dan Durasi Pengiriman STNK,"kirim, proses, stnk, tanggal, minggu",Negatif,0.876
2271,setelah dicoba sesuai prosedur benar terkirim diterima bukti aslinya,Proses dan Durasi Pengiriman STNK,"kirim, proses, stnk, tanggal, minggu",Netral,0.662
2272,bisa digunakan dengan baik tapi kadang error,Layanan Jasa Kurir Pengiriman,"pos, kirim, via, indonesia, guna",Negatif,0.53
2273,sangat membantu buat para pekerja yg sibuk,Kendala Teknis Aplikasi (Loading),"orang, sibuk, data, bayar, bank",Positif,0.894
2274,nice mudah dan hemat,Topik Tidak Relevan,Tidak Ditemukan,Positif,0.999
2275,sangat membantu tidak perlu jauh jauh bayar ke samsat,Pembayaran Pajak Kendaraan Online,"bayar, pajak, kendara, tahun, online",Positif,0.971
2276,stnk blom sampe ke rumah tapi setatus sudah selesai,Proses dan Durasi Pengiriman STNK,"kirim, proses, stnk, tanggal, minggu",Negatif,0.655
2277,Lain kali tolong untuk dipercepat pengirimannya masa iya cuma perpanjang stnk makan waktu sampe hari tolong ditingkatkan lagi pelayanannya,Rincian Biaya Administrasi dan Transaksi,"kali, daftar, biaya, transaksi, ktp",Netral,0.447
2278,Keren semakin mudah pembayaran pajak motor,Pembayaran Pajak Kendaraan Online,"bayar, pajak, kendara, tahun, online",Positif,0.975
2279,Tahun lalu coba bayar online tapi ambil bukti pajak di Samsat,Pembayaran Pajak Kendaraan Online,"bayar, pajak, kendara, tahun, online",Netral,0.961
2280,Tahun ini coba kirim kerumah,Layanan Pengiriman STNK ke Rumah,"rumah, langsung, kirim, stnk, samsat",Netral,0.944
2281,Efisiensi waktu banget,Topik Tidak Relevan,Tidak Ditemukan,Positif,0.678
2282,luar biasa,Perbandingan Layanan Online vs. Kantor Samsat,"kantor, samsat, online, daerah, kota",Netral,0.719
2283,Pake nyq masih belum saya terima,Topik Tidak Relevan,Tidak Ditemukan,Negatif,0.381
2284,sampai sekarang status dr pos hampir minggu hanya pro collencting,Proses dan Durasi Pengiriman STNK,"kirim, proses, stnk, tanggal, minggu",Negatif,0.992
2285,Bagus,Topik Tidak Relevan,Tidak Ditemukan,Positif,0.92
2286,ga perlu repot cukup dirumah saja,Layanan Pengiriman STNK ke Rumah,"rumah, langsung, kirim, stnk, samsat",Positif,0.998
2287,Pengiriman lama mingguan tidak sesuai dengan ketentuan peraturan yang ada di signal,Proses dan Durasi Pengiriman STNK,"kirim, proses, stnk, tanggal, minggu",Negatif,0.977
2288,bagus cepat ga ribet,Topik Tidak Relevan,Tidak Ditemukan,Positif,0.998
2289,praktis cepat,Topik Tidak Relevan,Tidak Ditemukan,Positif,0.998
2290,bagus sangat membantu bagi saya,Topik Tidak Relevan,Tidak Ditemukan,Positif,0.995
2291,sangat membantu .untuk kita yang ga sempat datang ke Samsat,Perbandingan Layanan Online vs. Kantor Samsat,"kantor, samsat, online, daerah, kota",Positif,0.87
2292,bikin satu hari langsung jadi pengesahan nya.tinggal nunggu datang STNK nya sampai ke rumah,Layanan Pengiriman STNK ke Rumah,"rumah, langsung, kirim, stnk, samsat",Negatif,0.969
2293,memudahkan segala urusan dan lebih mempercepat tanpa harus antri membayar pajak,Pembayaran Pajak Kendaraan Online,"bayar, pajak, kendara, tahun, online",Positif,1.0
2294,aplikasi udah oke tapi lumayan lama sampe hari stnk baru dikirim,Proses dan Durasi Pengiriman STNK,"kirim, proses, stnk, tanggal, minggu",Negatif,0.973
2295,praktis dan efesien keren,Topik Tidak Relevan,Tidak Ditemukan,Positif,0.999
2296,bagus pol satset,Topik Tidak Relevan,Tidak Ditemukan,Positif,0.998
2297,very good,Topik Tidak Relevan,Tidak Ditemukan,Positif,0.984
2298,Baguss sangattr membantu,Topik Tidak Relevan,Tidak Ditemukan,Positif,0.998
2299,memuaskan terimakasih,Topik Tidak Relevan,Tidak Ditemukan,Positif,0.996
2300,paket datangnya sekitar mingguan dan ngaret,Proses dan Durasi Pengiriman STNK,"kirim, proses, stnk, tanggal, minggu",Negatif,0.985
2301,simpel,Topik Tidak Relevan,Tidak Ditemukan,Positif,0.972
2302,jd gaperlu anteri lagi gaperlu keluar rumah,Fitur dan Layanan Bantuan Aplikasi,"bikin, sistem, antar, chat, cek",Positif,0.987
2303,oke mantap untuk pembayaran STNK online lebih mudah lebih praktis,Pembayaran Pajak Kendaraan Online,"bayar, pajak, kendara, tahun, online",Positif,1.0
2304,perlu ditingkatkan lagi pelayanannya,Kualitas Pelayanan dan Antrean di Samsat,"layan, antri, samsat, masyarakat, respon",Positif,0.701
2305,mantuil,Topik Tidak Relevan,Tidak Ditemukan,Positif,0.637
2306,bayar pajak gk perlu antri lagi bisa santai di rumah sambil nonvi,Pembayaran Pajak Kendaraan Online,"bayar, pajak, kendara, tahun, online",Positif,0.995
2307,bisa bayar pajak kendaraan,Pembayaran Pajak Kendaraan Online,"bayar, pajak, kendara, tahun, online",Positif,0.391
2308,saran kl bisa sekalian ganti plat juga tanpa ribet,Perpanjangan STNK 5 Tahunan (Ganti Plat),"stnk, panjang, samsat, ganti, plat",Netral,0.964
2309,Aplikasinya sangat sangat membantu sekali,Topik Tidak Relevan,Tidak Ditemukan,Positif,0.738
2310,cepat sampe hari langsung di antar mantappp,Layanan Pengiriman STNK ke Rumah,"rumah, langsung, kirim, stnk, samsat",Positif,0.999
2311,alhamdulillah sdh d trima makasih,Topik Tidak Relevan,Tidak Ditemukan,Positif,1.0
2312,susah mau bayar pajak online mesti ke Samsat dlu,Pembayaran Pajak Kendaraan Online,"bayar, pajak, kendara, tahun, online",Negatif,0.987
2313,kenapa gak bisa validasi,Topik Tidak Relevan,Tidak Ditemukan,Negatif,0.638
2314,harusnya utk pembelian motor second juga difasilitasi bukan dipersulit utk pembayaran pajaknya di aplikasi ini,Pembayaran Pajak Kendaraan Online,"bayar, pajak, kendara, tahun, online",Netral,0.888
2315,terima kasihh,Topik Tidak Relevan,Tidak Ditemukan,Positif,0.91
2316,mempermudah pembayaran pajak tapi pengiriman lama banget,Pembayaran Pajak Kendaraan Online,"bayar, pajak, kendara, tahun, online",Negatif,0.466
2317,ok gaperlu jauh pergi ke samsat untuk bayar pajak,Pembayaran Pajak Kendaraan Online,"bayar, pajak, kendara, tahun, online",Positif,0.892
2318,mantaplah,Topik Tidak Relevan,Tidak Ditemukan,Positif,0.979
2319,terima kasih dokumen sudah diterima,Layanan Jasa Kurir Pengiriman,"pos, kirim, via, indonesia, guna",Positif,0.989
2320,walau menurut sy pemrosesan di Samsat terlalu lama sehingga melampaui tanggal jatuh tempo STNK,Perbandingan Layanan Online vs. Kantor Samsat,"kantor, samsat, online, daerah, kota",Negatif,0.963
2321,knp sekarang parkir langganan di total padahal tahun kemarin tidak,Pembayaran Pajak Kendaraan Online,"bayar, pajak, kendara, tahun, online",Negatif,0.958
2322,masukan mohon ketika input alamat ke bagian pos di cek kembali karena STNK saya sempat nyasar jauh karena bagian pos info tidak ada kelurahan kecamatan di alamat nya,Layanan Jasa Kurir Pengiriman,"pos, kirim, via, indonesia, guna",Negatif,0.923
2323,dan juga perlu penyempurnaan pada bagian chat customer service nya supaya ketika keluar chattroomnya kita masuk lagi tidak perlu ulangi dari awal laporan nya,Rincian Biaya Administrasi dan Transaksi,"kali, daftar, biaya, transaksi, ktp",Negatif,0.978
2324,karena waktu saya lapor ke chat respon juga agak lama,Fitur dan Layanan Bantuan Aplikasi,"bikin, sistem, antar, chat, cek",Negatif,0.995
2325,Cepat,Topik Tidak Relevan,Tidak Ditemukan,Positif,0.799
2326,dan mudah,Topik Tidak Relevan,Tidak Ditemukan,Positif,0.883
2327,Sudah dapat kode bayar mau bayar tidak keluar tagihannya dari BNI Mandiri BRIMO Linkaja dana dan gopay sudah di coba tidak keluar juga tagihan tolong perbaiki lagi sistemnya,Pembayaran Pajak Kendaraan Online,"bayar, pajak, kendara, tahun, online",Negatif,0.99
2328,mau bayar aja di persulit,Pembayaran Pajak Kendaraan Online,"bayar, pajak, kendara, tahun, online",Negatif,0.851
2329,mudah dan tidak ribet dan lngsung di kirim k alamat kita,Proses dan Durasi Pengiriman STNK,"kirim, proses, stnk, tanggal, minggu",Positif,0.891
2330,Sangat membantu dan proses cepat,Proses dan Durasi Pengiriman STNK,"kirim, proses, stnk, tanggal, minggu",Positif,0.994
2331,aplikasi sangat membantu untuk yang merantau jauh jadi gak perlu pulang untuk pajak cukup dengan aplikasi ini,Pembayaran Pajak Kendaraan Online,"bayar, pajak, kendara, tahun, online",Positif,0.987
2332,lebih percepat lagi pengirimannya,Proses dan Durasi Pengiriman STNK,"kirim, proses, stnk, tanggal, minggu",Positif,0.929
2333,sangat trbantu,Topik Tidak Relevan,Tidak Ditemukan,Positif,0.539
2334,ringkas dan cepat pertanyaannya apakah diperlukan lagi fisik dari pajak stnk apakah tanda bukti elektrik ini sah apabila sdh dilakukan pembayaran,Perpanjangan STNK 5 Tahunan (Ganti Plat),"stnk, panjang, samsat, ganti, plat",Netral,0.753
2335,Sangat terbantu,Topik Tidak Relevan,Tidak Ditemukan,Positif,0.939
2336,bintang dulu krn poses pengiriman lama di kolektif,Proses dan Durasi Pengiriman STNK,"kirim, proses, stnk, tanggal, minggu",Negatif,0.979
2337,lebih simpel ga perlu dateng pengiriman cepet,Proses dan Durasi Pengiriman STNK,"kirim, proses, stnk, tanggal, minggu",Positif,0.998
2338,mantap memudahkan sekali,Topik Tidak Relevan,Tidak Ditemukan,Positif,0.996
2339,maantaaaaap sangat membantu dan mudah penggunanya,Layanan Jasa Kurir Pengiriman,"pos, kirim, via, indonesia, guna",Positif,0.984
2340,Kenapa kode otp nya tidak di kirim kan lagi sedang kan dalam hari max kali,Proses dan Durasi Pengiriman STNK,"kirim, proses, stnk, tanggal, minggu",Negatif,0.987
2341,gak pake ribet gak pake antri,Kualitas Pelayanan dan Antrean di Samsat,"layan, antri, samsat, masyarakat, respon",Positif,0.974
2342,luarr biasa aplikasi signal ini sangat memuaskan gak bikin was was pokonya puasss,Proses Pengurusan via Aplikasi SIGNAL,"signal, urus, samsat, digital, ambil",Positif,0.95
2343,amazing,Topik Tidak Relevan,Tidak Ditemukan,Positif,0.752
2344,Pengiriman STNK cukup lama,Proses dan Durasi Pengiriman STNK,"kirim, proses, stnk, tanggal, minggu",Negatif,0.913
2345,percuma ni aplikasi mau bayar pajak atas nama sendiri muncul tidak terdaftar harus ke samsat percuma ada spk signal tidak membantu,Pembayaran Pajak Kendaraan Online,"bayar, pajak, kendara, tahun, online",Negatif,0.97
2346,Sangat membantu dan bisa dilakukan dari rumah,Layanan Pengiriman STNK ke Rumah,"rumah, langsung, kirim, stnk, samsat",Positif,0.985
2347,cukup baik mudah pembayaran lewat aplikasi signal cuma bukti pengesahan nya minta dikirim k alamat rumah dan sdh nambah biasanya kirim tp tdk ada datang sudah lebih bulan sejak pembayaran,Proses dan Durasi Pengiriman STNK,"kirim, proses, stnk, tanggal, minggu",Netral,0.67
2348,server jelek koneksi jdi sering terputus,Topik Tidak Relevan,Tidak Ditemukan,Negatif,0.989
2349,tolong pemerintah d tindak lanjuti dengan aplikasi yang di buat tidak bisa di gunakan,Layanan Jasa Kurir Pengiriman,"pos, kirim, via, indonesia, guna",Negatif,0.713
2350,Sangat mempermudah masyarakat saat membayar pajak kendaraannya yang memiliki kesibukan kerja ataupun usaha yang tidak bisa di tinggalkan,Pembayaran Pajak Kendaraan Online,"bayar, pajak, kendara, tahun, online",Positif,0.896
2351,Sekarang bisa Online dan berkas bisa di antar langsung ke rumah pemilik kendaraan,Layanan Pengiriman STNK ke Rumah,"rumah, langsung, kirim, stnk, samsat",Positif,0.941
2352,sesuai tgl mati nya pajak,Pembayaran Pajak Kendaraan Online,"bayar, pajak, kendara, tahun, online",Netral,0.548
2353,Sangat membantu untuk yang tidak punya waktu mudah dan ga ribet cepat lagi,Topik Tidak Relevan,Tidak Ditemukan,Positif,0.994
2354,mempermudah perpanjangan STNK tahunan,Perpanjangan STNK 5 Tahunan (Ganti Plat),"stnk, panjang, samsat, ganti, plat",Positif,0.774
2355,aplikasi sangat membantu dan sangat mudah untuk bayar pajak hanya saja perlu tambahan jika kita mau samsat motor bekas dan bukan atas nama kita sendiri supaya bisa taat pajak,Pembayaran Pajak Kendaraan Online,"bayar, pajak, kendara, tahun, online",Positif,0.983
2356,mantap praktis,Topik Tidak Relevan,Tidak Ditemukan,Positif,0.999
2357,Pengiriman via pos sangat buruk mending di ganti JNT masa alamat di aplikasi ini sudah benar di pos salah besar,Layanan Jasa Kurir Pengiriman,"pos, kirim, via, indonesia, guna",Negatif,0.991
2358,total biaya sampe selesai rb beda rb sama nitip di biro jasa,Perpanjangan STNK 5 Tahunan (Ganti Plat),"stnk, panjang, samsat, ganti, plat",Negatif,0.997
2359,sangat mudah dan amanah jika bayar pajak bisa lewat online,Pembayaran Pajak Kendaraan Online,"bayar, pajak, kendara, tahun, online",Positif,0.984
2360,sangat membantu tanpa harus ke samsat saran saya pake jasa pos reguler saja saya pakai ekspres malah mingguan baru di kirim saya tanya ke kurir posnya nunggu banyak dulu pa dri Samsat nya baru di kirim ke pos nya,Layanan Jasa Kurir Pengiriman,"pos, kirim, via, indonesia, guna",Positif,0.423
2361,Aplikasi yang memudahkan masyarakat untuk taat pajak,Pembayaran Pajak Kendaraan Online,"bayar, pajak, kendara, tahun, online",Positif,0.838
2362,semoga kedepan nya bisa improve untuk penggantian PLAT bisa melalui SIGNAL ini,Perpanjangan STNK 5 Tahunan (Ganti Plat),"stnk, panjang, samsat, ganti, plat",Netral,0.995
2363,aamiin,Topik Tidak Relevan,Tidak Ditemukan,Positif,0.673
2364,sudah bagus mohon ditingkatkan lagi pelayanan nya pengiriman cepat,Kualitas Pelayanan dan Antrean di Samsat,"layan, antri, samsat, masyarakat, respon",Positif,0.554
2365,proses cepat hari sudah dikirim kerumah tanpa harus antri,Proses dan Durasi Pengiriman STNK,"kirim, proses, stnk, tanggal, minggu",Positif,0.997
2366,aplikasi yang baik ada mines di pengiriman berkas saja,Proses dan Durasi Pengiriman STNK,"kirim, proses, stnk, tanggal, minggu",Negatif,0.677
2367,sangat membantu sekali ngurangi antrian juga,Kualitas Pelayanan dan Antrean di Samsat,"layan, antri, samsat, masyarakat, respon",Positif,0.99
2368,pengiriman agak lama selbih nya ok,Proses dan Durasi Pengiriman STNK,"kirim, proses, stnk, tanggal, minggu",Negatif,0.526
2369,lma setengah bln,Proses dan Durasi Pengiriman STNK,"kirim, proses, stnk, tanggal, minggu",Negatif,0.547
2370,bru nympe,Topik Tidak Relevan,Tidak Ditemukan,Netral,0.502
2371,kl bsa lebih di persingkat lg,Topik Tidak Relevan,Tidak Ditemukan,Netral,0.485
2372,pembuatan dn pengiriman ya,Proses dan Durasi Pengiriman STNK,"kirim, proses, stnk, tanggal, minggu",Netral,0.611
2373,membantu untuk org indonesia yg malas keluar rumah semoga kedepan nya ada pilihan kurir yg lebih cepat,Proses Pengurusan via Aplikasi SIGNAL,"signal, urus, samsat, digital, ambil",Positif,0.992
2374,cukup baik pelayanan lumayan cepet juga semoga lebih cepet lagi,Kualitas Pelayanan dan Antrean di Samsat,"layan, antri, samsat, masyarakat, respon",Positif,0.967
2375,praktis ga perlu mgantri,Topik Tidak Relevan,Tidak Ditemukan,Positif,0.998
2376,mamtaapp,Topik Tidak Relevan,Tidak Ditemukan,Netral,0.506
2377,amanah dan mudah,Topik Tidak Relevan,Tidak Ditemukan,Positif,0.997
2378,sangat memudahkan sekali,Topik Tidak Relevan,Tidak Ditemukan,Positif,0.693
2379,luar biasa proses cpt sampe ketujuan,Proses dan Durasi Pengiriman STNK,"kirim, proses, stnk, tanggal, minggu",Positif,0.682
2380,trimakasih,Topik Tidak Relevan,Tidak Ditemukan,Positif,0.909
2381,berkali di mintain kode OTP nya nggak Ada di kirim,Proses dan Durasi Pengiriman STNK,"kirim, proses, stnk, tanggal, minggu",Negatif,0.976
2382,lama sekali prosesnya bulan lebih ya ampun,Proses dan Durasi Pengiriman STNK,"kirim, proses, stnk, tanggal, minggu",Negatif,0.845
2383,baguss,Topik Tidak Relevan,Tidak Ditemukan,Positif,0.92
2384,simpel kalo posisi gak sempet k Samsat,Kualitas Pelayanan dan Antrean di Samsat,"layan, antri, samsat, masyarakat, respon",Positif,0.953
2385,ok mantul gan.sangat membantu,Topik Tidak Relevan,Tidak Ditemukan,Positif,0.998
2386,mungkin salah satunye aplikasi yg mudah dan cepat dari pemerintah,Perbandingan Layanan Online vs. Kantor Samsat,"kantor, samsat, online, daerah, kota",Positif,0.98
2387,terimakasih atas pelayanan,Kualitas Pelayanan dan Antrean di Samsat,"layan, antri, samsat, masyarakat, respon",Positif,0.981
2388,pas saya mau bayar milih metode pembayaran ga bisa milih Indomaret muter Alfamart muter BCA sama di perbaiki lagi ini klw sampe bisa sangat membatu,Layanan Pengiriman STNK ke Rumah,"rumah, langsung, kirim, stnk, samsat",Negatif,0.964
2389,gak bisa bayar kodenya,Pembayaran Pajak Kendaraan Online,"bayar, pajak, kendara, tahun, online",Negatif,0.527
2390,bagus bgt gsah kesamsat lg,Kualitas Pelayanan dan Antrean di Samsat,"layan, antri, samsat, masyarakat, respon",Positif,0.989
2391,Mudah dan cepat,Topik Tidak Relevan,Tidak Ditemukan,Positif,0.985
2392,tanpa harus antri mudah penggunaan aplikasi signal,Proses Pengurusan via Aplikasi SIGNAL,"signal, urus, samsat, digital, ambil",Positif,0.997
2393,Butuh waktu kurleb minggu Bukti PKB di kirim ke rumah,Proses Pengurusan via Aplikasi SIGNAL,"signal, urus, samsat, digital, ambil",Negatif,0.977
2394,sering ada tilangan tp giliran mau bayar pajak di persulit tahun kemaren bisa tp kenapa skrng mau bayar mlh butuh validasi dari samsat,Pembayaran Pajak Kendaraan Online,"bayar, pajak, kendara, tahun, online",Negatif,0.983
2395,apa apaan,Proses Pengurusan via Aplikasi SIGNAL,"signal, urus, samsat, digital, ambil",Netral,0.56
2396,Sudah ke x bayar via signal,Rincian Biaya Administrasi dan Transaksi,"kali, daftar, biaya, transaksi, ktp",Positif,0.587
2397,tapi untuk yang ke x nya kenapa status pengirman ga berubah dari tgl sampai sekarang tgl belum sampai juga status masih pra collecting entar klo bawa motor kena ada razia polisi bagaimana,Proses dan Durasi Pengiriman STNK,"kirim, proses, stnk, tanggal, minggu",Negatif,0.993
2398,alhamdulillah sangat membantu sekali Terima kasih polri,Layanan Jasa Kurir Pengiriman,"pos, kirim, via, indonesia, guna",Positif,1.0
2399,Sangat memudahkan dalam pembayaran pajak,Pembayaran Pajak Kendaraan Online,"bayar, pajak, kendara, tahun, online",Positif,0.797
2400,kok verifikasi nya gak dikirim sih,Proses dan Durasi Pengiriman STNK,"kirim, proses, stnk, tanggal, minggu",Negatif,0.877
2401,joss poe mempermudah,Topik Tidak Relevan,Tidak Ditemukan,Positif,0.997
2402,mantappp proses cepat ga ribet hari STNK sampai di lokasi good,Proses dan Durasi Pengiriman STNK,"kirim, proses, stnk, tanggal, minggu",Positif,1.0
2403,sangat membantu sekali terimakasih signal,Proses Pengurusan via Aplikasi SIGNAL,"signal, urus, samsat, digital, ambil",Positif,0.993
2404,untuk yg sibuk dengan urusan yang tidak bisa ditinggalkan melalui aplikasi signal inilah solusinya terimakasih signal mantap,Proses Pengurusan via Aplikasi SIGNAL,"signal, urus, samsat, digital, ambil",Positif,0.95
2405,Produk mantap dan berkualitas tidak usah datang ke Samsat lagi untuk memperpanjang STNK,Perpanjangan STNK 5 Tahunan (Ganti Plat),"stnk, panjang, samsat, ganti, plat",Positif,0.908
2406,Joss pokoknya,Layanan Jasa Kurir Pengiriman,"pos, kirim, via, indonesia, guna",Positif,0.994
2407,masih perlu pengembangan,Rincian Biaya Administrasi dan Transaksi,"kali, daftar, biaya, transaksi, ktp",Positif,0.622
2408,Mantabs nih ngga perlu repot ke samsat,Perbandingan Layanan Online vs. Kantor Samsat,"kantor, samsat, online, daerah, kota",Positif,0.999
2409,mantabss,Topik Tidak Relevan,Tidak Ditemukan,Positif,0.593
2410,kalo buat aplikasi yg berguna dikit bagi masyarakat yg mau bayar lewat online,Pembayaran Pajak Kendaraan Online,"bayar, pajak, kendara, tahun, online",Netral,0.505
2411,Ini aplikasi anggarannya pasti gede kalo emang pembaruan sistem cepat dibenahi bukannya dipersulit ketika mau bayar,Pembayaran Pajak Kendaraan Online,"bayar, pajak, kendara, tahun, online",Negatif,0.766
2412,merugikan banget bagi pengguna yg udah daftar tapi gagal waktu pembayaran,Rincian Biaya Administrasi dan Transaksi,"kali, daftar, biaya, transaksi, ktp",Negatif,0.996
2413,bayar tgl stnk nyampe tgl .padahal pake pos express,Proses dan Durasi Pengiriman STNK,"kirim, proses, stnk, tanggal, minggu",Negatif,0.978
2414,jadi mudah bayar pajak tanpa antri bisa di kirim juga ke rumah cuma saran knp ga di gabung sama aplikasi pemerintah yg lain ya kaya digital korlantas gitu,Layanan Pengiriman STNK ke Rumah,"rumah, langsung, kirim, stnk, samsat",Positif,0.994
2415,bayar pajak kendaraan lebih praktis gak perlu antri kekurangannya banyak biaya adminnya sampai Rp,Pembayaran Pajak Kendaraan Online,"bayar, pajak, kendara, tahun, online",Positif,0.995
2416,rb,Topik Tidak Relevan,Tidak Ditemukan,Negatif,0.604
2417,gak guna lagi lagi harus nama sendiri kendaraan nya gak bisa cek atau liat aja perkiraan biaya,Rincian Biaya Administrasi dan Transaksi,"kali, daftar, biaya, transaksi, ktp",Netral,0.578
2418,duduk di kursi rumah buka app signal bayar pajak selesai,Proses Pengurusan via Aplikasi SIGNAL,"signal, urus, samsat, digital, ambil",Positif,0.986
2419,proses cepat sejauh ini app pemerintah yang terbaik ya ini,Proses dan Durasi Pengiriman STNK,"kirim, proses, stnk, tanggal, minggu",Positif,0.9
2420,buruk masa gagal Mulu daftar,Rincian Biaya Administrasi dan Transaksi,"kali, daftar, biaya, transaksi, ktp",Negatif,0.999
2421,Proses dan pengiriman mantap Lebih di tingkatkan lagi baik dalam aplikasi maupun pelayanan nya,Proses dan Durasi Pengiriman STNK,"kirim, proses, stnk, tanggal, minggu",Positif,0.928
2422,tanpa ribet,Topik Tidak Relevan,Tidak Ditemukan,Positif,0.627
2423,Proses Cepat simple dan terpercaya,Proses dan Durasi Pengiriman STNK,"kirim, proses, stnk, tanggal, minggu",Positif,0.999
2424,pembayaran lebih mudah dan pengiriman STNK nya cepet bangat Mantap,Proses dan Durasi Pengiriman STNK,"kirim, proses, stnk, tanggal, minggu",Positif,0.997
2425,Aplikasi sangat mudah,Topik Tidak Relevan,Tidak Ditemukan,Positif,0.823
2426,Kapan dokumen akan di kirim ke alamat penerima sudah bulan blm sampai juga,Proses dan Durasi Pengiriman STNK,"kirim, proses, stnk, tanggal, minggu",Negatif,0.827
2427,Praktis dan tepat,Topik Tidak Relevan,Tidak Ditemukan,Positif,0.997
2428,ok hemat waktu biaya,Rincian Biaya Administrasi dan Transaksi,"kali, daftar, biaya, transaksi, ktp",Positif,0.872
2429,Pengiriman tidak ada pilihan lain lebih murah dan cepat bayar langsung dripada pake aplikasi,Layanan Pengiriman STNK ke Rumah,"rumah, langsung, kirim, stnk, samsat",Netral,0.424
2430,puass,Topik Tidak Relevan,Tidak Ditemukan,Positif,0.707
2431,mantap lah gak usah repot samsat ataupun ke biro jodoh eh biro jasa deng kalau mau bayar pajak kendaraan saran saya sih BALIK NAMA juga harus bisa karena lebih enak praktis tinggal tunggu di rumah duduk manis,Pembayaran Pajak Kendaraan Online,"bayar, pajak, kendara, tahun, online",Positif,0.999
2432,jelek aplikasi nya eror mulu sgt ga jelas,Topik Tidak Relevan,Tidak Ditemukan,Negatif,0.999
2433,Mudah cepat dan sangat efisien,Topik Tidak Relevan,Tidak Ditemukan,Positif,0.999
2434,Hemat waktu,Topik Tidak Relevan,Tidak Ditemukan,Positif,0.956
2435,ini gimana sih sesibuk apa servernya tinggal transaksi aj loading lama amat ngga keluar,Kendala Teknis Aplikasi (Loading),"orang, sibuk, data, bayar, bank",Negatif,0.722
2436,sangat memudahkan untuk pembayaran pajak,Pembayaran Pajak Kendaraan Online,"bayar, pajak, kendara, tahun, online",Positif,0.797
2437,memudahkan membayar pajak Kendaraan dan cepat hari langsung sampai pengiriman terimakasih pos Indonesia,Pembayaran Pajak Kendaraan Online,"bayar, pajak, kendara, tahun, online",Positif,0.996
2438,Alhamdulillah signal Samsat memudahkan cara bayar pajak online tidka perlu repot ke datang Samsat,Pembayaran Pajak Kendaraan Online,"bayar, pajak, kendara, tahun, online",Positif,1.0
2439,puassss,Topik Tidak Relevan,Tidak Ditemukan,Positif,0.733
2440,proses mudah,Proses dan Durasi Pengiriman STNK,"kirim, proses, stnk, tanggal, minggu",Positif,0.907
2441,hr stnk sudah diterima,Rincian Biaya Administrasi dan Transaksi,"kali, daftar, biaya, transaksi, ktp",Negatif,0.503
2442,aplikasi harus di lengkapi lagi untuk pembayaran pajak kendaraan bukan atas nama pribadi jadi bisa mempermudah masyarakat membayar pajak kendaraan atas nama orang lain,Pembayaran Pajak Kendaraan Online,"bayar, pajak, kendara, tahun, online",Negatif,0.557
2443,Permudah perpanjangan stnk gak usah ngantri mudah pembayarannya hanya selesai hr,Perpanjangan STNK 5 Tahunan (Ganti Plat),"stnk, panjang, samsat, ganti, plat",Positif,0.999
2444,mentok pas di pembayaran dan di pengiriman ke rumah,Layanan Pengiriman STNK ke Rumah,"rumah, langsung, kirim, stnk, samsat",Negatif,0.727
2445,daftar malah bengong waktu klik lanjutan error hadeuhhhh,Rincian Biaya Administrasi dan Transaksi,"kali, daftar, biaya, transaksi, ktp",Negatif,0.996
2446,sangat membantu buat byar pajak tp kalok bisa dipercepat pengirimnya dan di perbaiki sistimnya kdang susah masuk aplikasinya,Layanan Jasa Kurir Pengiriman,"pos, kirim, via, indonesia, guna",Positif,0.658
2447,prosesnya sangat lama harus bikin pengaduan di email,Proses dan Durasi Pengiriman STNK,"kirim, proses, stnk, tanggal, minggu",Negatif,0.985
2448,setelah hari baru di proses,Proses dan Durasi Pengiriman STNK,"kirim, proses, stnk, tanggal, minggu",Negatif,0.511
2449,surat pajak kendaraan sudah saya terima,Pembayaran Pajak Kendaraan Online,"bayar, pajak, kendara, tahun, online",Positif,0.979
2450,praktis dan jd no calo,Fitur dan Layanan Bantuan Aplikasi,"bikin, sistem, antar, chat, cek",Positif,0.996
2451,sgt membantu sekali terimakasih,Topik Tidak Relevan,Tidak Ditemukan,Positif,0.989
2452,aplikasi bosok pembayaran lemotnya minta ampun,Proses dan Durasi Pengiriman STNK,"kirim, proses, stnk, tanggal, minggu",Negatif,0.979
2453,ini mau di bayar gasi pajaknya,Pembayaran Pajak Kendaraan Online,"bayar, pajak, kendara, tahun, online",Negatif,0.802
2454,aturan ambil STNK sekarang agak sulit ya gabisa ambil di kantor cabang,Proses Pengurusan via Aplikasi SIGNAL,"signal, urus, samsat, digital, ambil",Negatif,0.914
2455,tadi saya langsung ditolak petugas samsat cabang karna bayar pakai aplikasi signal dan petugasnya bilang aturan sejak Januari bayar di signal ambilnya di kantor pusat,Proses Pengurusan via Aplikasi SIGNAL,"signal, urus, samsat, digital, ambil",Negatif,0.981
2456,makin susah aja,Topik Tidak Relevan,Tidak Ditemukan,Negatif,0.928
2457,kecewa banget,Topik Tidak Relevan,Tidak Ditemukan,Negatif,0.901
2458,kalau bisa jgn transaksi malam,Rincian Biaya Administrasi dan Transaksi,"kali, daftar, biaya, transaksi, ktp",Netral,0.758
2459,Mantap bgt,Topik Tidak Relevan,Tidak Ditemukan,Positif,0.989
2460,josss jadi gak usah antri lagii langsung dikirim tinggal ngopi aja sambil nunggu,Layanan Pengiriman STNK ke Rumah,"rumah, langsung, kirim, stnk, samsat",Positif,0.997
2461,semoga aplikasi SIGNAL makin bagus dan semakin berkembang,Proses Pengurusan via Aplikasi SIGNAL,"signal, urus, samsat, digital, ambil",Positif,0.497
2462,ini aplikasi apa tidak bisa digunakan atau gimana ya sudah saya instal lanjut proses registrasi tapi cuma nyampe MASUKAN KODE OTP namun tidak ada pemberian kode OTP baik dari via WA maupun SMS,Layanan Jasa Kurir Pengiriman,"pos, kirim, via, indonesia, guna",Negatif,0.96
2463,Terbaik SIGNAL,Proses Pengurusan via Aplikasi SIGNAL,"signal, urus, samsat, digital, ambil",Netral,0.925
2464,Mantraaap,Topik Tidak Relevan,Tidak Ditemukan,Positif,0.589
2465,semoga ke depan plat mobil juga bisa by online saja,Perpanjangan STNK 5 Tahunan (Ganti Plat),"stnk, panjang, samsat, ganti, plat",Netral,0.992
2466,sudah bayar Ongkir Dikirim ke rumah Tapi Disuruh ambil k samsat atau print sendiri,Perpanjangan STNK 5 Tahunan (Ganti Plat),"stnk, panjang, samsat, ganti, plat",Negatif,0.989
2467,Mantap KORUPSI terus biaya ongkir POS,Rincian Biaya Administrasi dan Transaksi,"kali, daftar, biaya, transaksi, ktp",Negatif,0.701
2468,lebih gampang pengurusannya,Proses Pengurusan via Aplikasi SIGNAL,"signal, urus, samsat, digital, ambil",Positif,0.996
2469,dari kemarin gk bisa melakukan pengesahan tahun kemaren bisa tahun ini malah gk bisa padahal sudah jatuh tempo hedeh,Pembayaran Pajak Kendaraan Online,"bayar, pajak, kendara, tahun, online",Negatif,0.557
2470,TIDAK MEMPERMUDAH,Topik Tidak Relevan,Tidak Ditemukan,Positif,0.883
2471,TOP MARKOTOP,Topik Tidak Relevan,Tidak Ditemukan,Positif,0.985
2472,Pengirimannya sebulan semoga kedepannya bisa ditingkatkan,Permintaan Bantuan dan Saran Peningkatan,"bantu, tingkat, proses, samsat, rantau",Netral,0.83
2473,sangat membantu dan memangkas waktu tidak perlu ke Samsat STNK meluncur kerumah,Layanan Pengiriman STNK ke Rumah,"rumah, langsung, kirim, stnk, samsat",Positif,0.979
2474,cepat prosesnya hari sudah sampai alamat,Proses dan Durasi Pengiriman STNK,"kirim, proses, stnk, tanggal, minggu",Positif,0.804
2475,proses sangat cepat,Proses dan Durasi Pengiriman STNK,"kirim, proses, stnk, tanggal, minggu",Positif,0.835
2476,JANGAN DI DOWNLOAD APLIKASI DICOBA KALI VERIFIKASI TIDAK BISA LOGIN,Rincian Biaya Administrasi dan Transaksi,"kali, daftar, biaya, transaksi, ktp",Negatif,0.779
2477,pelayanan bagus tidak ribet hanya saja harus di push terus biar tidak lama kirim dokumen stnk nya,Proses dan Durasi Pengiriman STNK,"kirim, proses, stnk, tanggal, minggu",Positif,0.988
2478,jadi mudah untuk pembayaran pajak tidak perlu lagibdatang ke samsat,Pembayaran Pajak Kendaraan Online,"bayar, pajak, kendara, tahun, online",Positif,0.982
2479,Mudah dan cepat prosesnya,Proses dan Durasi Pengiriman STNK,"kirim, proses, stnk, tanggal, minggu",Positif,0.988
2480,alhamdulillah proses cepat,Proses dan Durasi Pengiriman STNK,"kirim, proses, stnk, tanggal, minggu",Positif,0.999
2481,app tak bisa digunakan,Layanan Jasa Kurir Pengiriman,"pos, kirim, via, indonesia, guna",Negatif,0.71
2482,mantap ga repot harus k samsat,Perbandingan Layanan Online vs. Kantor Samsat,"kantor, samsat, online, daerah, kota",Positif,0.999
2483,lama pelayanannya,Kualitas Pelayanan dan Antrean di Samsat,"layan, antri, samsat, masyarakat, respon",Positif,0.618
2484,kurir yang anter lama respondnya,Proses Pengurusan via Aplikasi SIGNAL,"signal, urus, samsat, digital, ambil",Negatif,0.704
2485,masa bulan stnk blm di cetak,Proses dan Durasi Pengiriman STNK,"kirim, proses, stnk, tanggal, minggu",Negatif,0.898
2486,lelet amat kerjanya,Topik Tidak Relevan,Tidak Ditemukan,Negatif,0.822
2487,kalo ga gembor ngemail tiap hari kayanya masih stuck di samsat tu stnk kaga di cetak pdhl bayar ga gratis,Perpanjangan STNK 5 Tahunan (Ganti Plat),"stnk, panjang, samsat, ganti, plat",Negatif,0.993
2488,Mohon tambahkan tutorial atau panduan atau alur lengkap,Rincian Biaya Administrasi dan Transaksi,"kali, daftar, biaya, transaksi, ktp",Netral,0.988
2489,harus bener bener sabar soalnya agak susah masuknya,Layanan Jasa Kurir Pengiriman,"pos, kirim, via, indonesia, guna",Negatif,0.896
2490,cepet banget sampe nya,Topik Tidak Relevan,Tidak Ditemukan,Positif,0.839
2491,respon lama,Kualitas Pelayanan dan Antrean di Samsat,"layan, antri, samsat, masyarakat, respon",Negatif,0.606
2492,Terima kasih utk aplikasi signalnya,Topik Tidak Relevan,Tidak Ditemukan,Positif,0.979
2493,pelayanannya sungguh cepat,Kualitas Pelayanan dan Antrean di Samsat,"layan, antri, samsat, masyarakat, respon",Positif,0.993
2494,sy tdk kecewa memakai aplikasi ini,Topik Tidak Relevan,Tidak Ditemukan,Negatif,0.717
2495,semoga kedepannya semakin banyak orang orang yg memakai aplikasi ini,Kendala Teknis Aplikasi (Loading),"orang, sibuk, data, bayar, bank",Netral,0.97
2496,aplikasi signal memberi kemudahan dalam pembayaran pajak kendaraan tidak perlu antri mudah aksesnya dan cepat prosesnya serta pengirimannya juga cepat Terimakasih,Pembayaran Pajak Kendaraan Online,"bayar, pajak, kendara, tahun, online",Positif,0.992
2497,fast moving anti ribet terimakasih polri,Layanan Jasa Kurir Pengiriman,"pos, kirim, via, indonesia, guna",Positif,0.999
2498,sangat membantu dan bermanfaat,Topik Tidak Relevan,Tidak Ditemukan,Positif,0.992
2499,pelayanannya mudah dan cepat jika kita lupa dan waktunya mepet serta nggak bisa datang ke loket pembayaran di tempat lebih baik gunakan aplikasi SIGNAL,Kualitas Pelayanan dan Antrean di Samsat,"layan, antri, samsat, masyarakat, respon",Positif,0.996
2500,Saran Kalau bisa pembayarannya bisa mengunakan mobile Banking,Pembayaran Pajak Kendaraan Online,"bayar, pajak, kendara, tahun, online",Netral,0.978
2501,memudahkan perpanjangan STNK,Perpanjangan STNK 5 Tahunan (Ganti Plat),"stnk, panjang, samsat, ganti, plat",Positif,0.929
2502,mantaaappp dan mudah,Topik Tidak Relevan,Tidak Ditemukan,Positif,0.946
2503,bagus gampang dan cepat sampai,Topik Tidak Relevan,Tidak Ditemukan,Positif,0.999
2504,gak perlu ribet lagi dengan signal hari sampai ke rumah STNK nya,Layanan Pengiriman STNK ke Rumah,"rumah, langsung, kirim, stnk, samsat",Positif,0.983
2505,stnknya kapan dikirim,Proses dan Durasi Pengiriman STNK,"kirim, proses, stnk, tanggal, minggu",Negatif,0.806
2506,transaksi simple dan lebih mudah,Rincian Biaya Administrasi dan Transaksi,"kali, daftar, biaya, transaksi, ktp",Positif,0.993
2507,gak pakai antri lagi,Kualitas Pelayanan dan Antrean di Samsat,"layan, antri, samsat, masyarakat, respon",Positif,0.927
2508,bravo,Fitur dan Layanan Bantuan Aplikasi,"bikin, sistem, antar, chat, cek",Positif,0.877
2509,bisakah tambah motor lagi untuk akun,Rincian Biaya Administrasi dan Transaksi,"kali, daftar, biaya, transaksi, ktp",Netral,0.832
2510,sangat membantu sekali ga perlu dateng ke samsat tinggal proses dari rumah terus tunggu,Layanan Pengiriman STNK ke Rumah,"rumah, langsung, kirim, stnk, samsat",Positif,0.994
2511,pertahankan amanah,Perpanjangan STNK 5 Tahunan (Ganti Plat),"stnk, panjang, samsat, ganti, plat",Positif,0.998
2512,Apk seolah bug ketika akan verifikasi ktp klik lanjut tapi apk gak merespon,Rincian Biaya Administrasi dan Transaksi,"kali, daftar, biaya, transaksi, ktp",Negatif,0.997
2513,Resinya berbeda dengan resi dari POS jadi kalau dilacak di website POS tidak bisa sedangkan kalau di aplikasi SIGNAL update sangat sangat lambat seharusnya RESInya satu aja dan bisa dilacak di websitenya pos indonesia,Layanan Jasa Kurir Pengiriman,"pos, kirim, via, indonesia, guna",Negatif,0.993
2514,aplikasi sampah daftar aja susah dah kaya mau pinjam uang di Pinjol pake foto KTP dan vermuk,Rincian Biaya Administrasi dan Transaksi,"kali, daftar, biaya, transaksi, ktp",Negatif,0.999
2515,aplikasi ini sangat membantu sekali bayar pajak gak usah ke samsat n ngantri lagi,Pembayaran Pajak Kendaraan Online,"bayar, pajak, kendara, tahun, online",Positif,0.979
2516,cocok bgt buat aku yg gak bisa naik motor,Fitur dan Layanan Bantuan Aplikasi,"bikin, sistem, antar, chat, cek",Negatif,0.898
2517,ketika membayar sulit sekali aplikasinya,Pembayaran Pajak Kendaraan Online,"bayar, pajak, kendara, tahun, online",Negatif,0.868
2518,Sangat membantu sekali pada saat sibuk bayar pajak via aplikasi Signal proses tidak ribet dan pengirimannya cepat,Pembayaran Pajak Kendaraan Online,"bayar, pajak, kendara, tahun, online",Positif,0.981
2519,aplikasi parah banget udah bayar stnk motor lewat aplikasi dan pilih stnk dikirim ke alamat rumah pake pos Indonesia tapi gak dikirim kirim dari April sampai sekarang Mei belum dikirim juga parah banget bulan gak ada kejelasan sama sekali,Proses dan Durasi Pengiriman STNK,"kirim, proses, stnk, tanggal, minggu",Negatif,0.999
2520,lama banget udh mo minggu blom di kirim sttus masih on proses trus gmna ini,Proses dan Durasi Pengiriman STNK,"kirim, proses, stnk, tanggal, minggu",Negatif,0.998
2521,mudah digunakan,Layanan Jasa Kurir Pengiriman,"pos, kirim, via, indonesia, guna",Positif,0.84
2522,kerennn,Topik Tidak Relevan,Tidak Ditemukan,Positif,0.898
2523,sat set mantap,Kualitas Pelayanan dan Antrean di Samsat,"layan, antri, samsat, masyarakat, respon",Positif,0.999
2524,stnk saya sampai skarang belom sampai,Perpanjangan STNK 5 Tahunan (Ganti Plat),"stnk, panjang, samsat, ganti, plat",Negatif,0.949
2525,tolong cek lagi plat nomor R vn,Perpanjangan STNK 5 Tahunan (Ganti Plat),"stnk, panjang, samsat, ganti, plat",Netral,0.599
2526,cepat dan tepat,Topik Tidak Relevan,Tidak Ditemukan,Positif,0.956
2527,Memudahkan dan hemat biaya dibanding saya harus ke Samsat dan ngurus sendiri,Proses Pengurusan via Aplikasi SIGNAL,"signal, urus, samsat, digital, ambil",Positif,0.993
2528,Prosesnya mudah jadi gak repot lagi,Proses dan Durasi Pengiriman STNK,"kirim, proses, stnk, tanggal, minggu",Positif,0.997
2529,gangguan koneksi Mulu padahal sinyalnya bagus,Layanan Pengiriman STNK ke Rumah,"rumah, langsung, kirim, stnk, samsat",Negatif,0.995
2530,lemot najis,Topik Tidak Relevan,Tidak Ditemukan,Negatif,0.935
2531,banyak drama,Topik Tidak Relevan,Tidak Ditemukan,Negatif,0.75
2532,lelet banget tolongg,Topik Tidak Relevan,Tidak Ditemukan,Negatif,0.992
2533,ntar kalo udah bisa baru aku ganti bintang nya,Perpanjangan STNK 5 Tahunan (Ganti Plat),"stnk, panjang, samsat, ganti, plat",Negatif,0.711
2534,Mau login aja loading terus mau tambah nomor kendaran gak bisa bisa,Rincian Biaya Administrasi dan Transaksi,"kali, daftar, biaya, transaksi, ktp",Negatif,0.991
2535,katanya jaringan internet gak ada,Perbandingan Layanan Online vs. Kantor Samsat,"kantor, samsat, online, daerah, kota",Negatif,0.659
2536,Padahal wifi udah yang kenceng pakai paket data tetep gak bisa juga,Kendala Teknis Aplikasi (Loading),"orang, sibuk, data, bayar, bank",Negatif,0.94
2537,kenapa loading terus pas mau masuk akun,Kendala Teknis Aplikasi (Loading),"orang, sibuk, data, bayar, bank",Negatif,0.993
2538,Gagal terus foto liveness nya keterangan terjadi kesalahan pada koneksi padahal gw pakai wifi yg lancar banget,Proses Pengurusan via Aplikasi SIGNAL,"signal, urus, samsat, digital, ambil",Negatif,0.997
2539,lemot,Topik Tidak Relevan,Tidak Ditemukan,Negatif,0.84
2540,jaringanya,Topik Tidak Relevan,Tidak Ditemukan,Netral,0.468
2541,jaringan ladang terus,Perbandingan Layanan Online vs. Kantor Samsat,"kantor, samsat, online, daerah, kota",Negatif,0.504
2542,cepet daftar sabtu selasa dikirim ke rumah,Layanan Pengiriman STNK ke Rumah,"rumah, langsung, kirim, stnk, samsat",Positif,0.951
2543,tinggal nunggu,Topik Tidak Relevan,Tidak Ditemukan,Netral,0.799
2544,aman dan nyaman,Topik Tidak Relevan,Tidak Ditemukan,Positif,0.982
2545,Sekarang jadi sering eror gk bisa masuk ke apk,Layanan Jasa Kurir Pengiriman,"pos, kirim, via, indonesia, guna",Negatif,0.983
2546,app sering error,Topik Tidak Relevan,Tidak Ditemukan,Negatif,0.976
2547,giliran dah bayar mau ngecek status pembayaran di Aplikasi malah erorr lah sinyal ilang lah DLL tolong di perbaiki lagi ya,Kendala Teknis Aplikasi (Loading),"orang, sibuk, data, bayar, bank",Negatif,0.998
2548,Link Aktivasi Email Tidak Bisa digunakan,Layanan Jasa Kurir Pengiriman,"pos, kirim, via, indonesia, guna",Negatif,0.622
2549,kouq baru instal dah eror ya apakah bapa lucu sehingga eror aplikasinya,Topik Tidak Relevan,Tidak Ditemukan,Negatif,0.996
2550,aplikasi ga guna setiap mau pembayaran ga bisa bisa tolong tingkatkan lagi,Pembayaran Pajak Kendaraan Online,"bayar, pajak, kendara, tahun, online",Negatif,0.651
2551,bagus cuma lelet pengiriman,Proses dan Durasi Pengiriman STNK,"kirim, proses, stnk, tanggal, minggu",Negatif,0.92
2552,aplikasinya kapan bisa normal dan bisa dipakai lagi,Topik Tidak Relevan,Tidak Ditemukan,Negatif,0.818
2553,Tgl mei,Proses dan Durasi Pengiriman STNK,"kirim, proses, stnk, tanggal, minggu",Negatif,0.824
2554,kagak bisa dipakai apps ini,Topik Tidak Relevan,Tidak Ditemukan,Positif,0.386
2555,loading doang,Kendala Teknis Aplikasi (Loading),"orang, sibuk, data, bayar, bank",Negatif,0.957
2556,aplikasi simple dan gampang prosesnya,Proses dan Durasi Pengiriman STNK,"kirim, proses, stnk, tanggal, minggu",Positif,0.993
2557,selama proses kirim history tdk ada pajak motor saya tdk kunjung datang shg tdk bisa melacak agar bisa diimprove lagi,Proses dan Durasi Pengiriman STNK,"kirim, proses, stnk, tanggal, minggu",Negatif,0.958
2558,aplikasi ok.gak ribet dan mudah,Topik Tidak Relevan,Tidak Ditemukan,Positif,0.942
2559,aplikasi burik yang buat nya abal daftar kendaraan aja gak bisa trus tidak user friendly,Rincian Biaya Administrasi dan Transaksi,"kali, daftar, biaya, transaksi, ktp",Negatif,0.978
2560,buat kalian gak usah di download gak guna aplikasi nya,Layanan Jasa Kurir Pengiriman,"pos, kirim, via, indonesia, guna",Netral,0.658
2561,Alhamdulillah memudahkan banget buat anak rantau jadi gak perlu balik kampung buat bayar pajak,Fitur dan Layanan Bantuan Aplikasi,"bikin, sistem, antar, chat, cek",Positif,1.0
2562,prosesnya cepet pengantaran juga cepet,Proses dan Durasi Pengiriman STNK,"kirim, proses, stnk, tanggal, minggu",Positif,0.993
2563,stnk belum datang dianggap selesai,Proses dan Durasi Pengiriman STNK,"kirim, proses, stnk, tanggal, minggu",Negatif,0.943
2564,kenapa aplikasi nya lama saat digunakaan,Topik Tidak Relevan,Tidak Ditemukan,Negatif,0.791
2565,jaringan sehat,Perbandingan Layanan Online vs. Kantor Samsat,"kantor, samsat, online, daerah, kota",Netral,0.69
2566,thx,Permintaan Bantuan dan Saran Peningkatan,"bantu, tingkat, proses, samsat, rantau",Positif,0.839
2567,g tau masalahnya dari develop atau adminnya,Perbandingan Layanan Online vs. Kantor Samsat,"kantor, samsat, online, daerah, kota",Negatif,0.921
2568,aplikasinya loading terus,Kendala Teknis Aplikasi (Loading),"orang, sibuk, data, bayar, bank",Negatif,0.939
2569,error terus apk nya,Topik Tidak Relevan,Tidak Ditemukan,Negatif,0.956
2570,Ngga bisa bayar via BSI shopeepay,Pembayaran Pajak Kendaraan Online,"bayar, pajak, kendara, tahun, online",Negatif,0.759
2571,padahal kode bayar sudah benar,Pembayaran Pajak Kendaraan Online,"bayar, pajak, kendara, tahun, online",Negatif,0.436
2572,SANGAT TIDAK MEMBANTU regional gunungkidul,Topik Tidak Relevan,Tidak Ditemukan,Positif,0.532
2573,aplikasi mantapp,Topik Tidak Relevan,Tidak Ditemukan,Positif,0.972
2574,aplikasi ini sangat membantu dan mengoperasikan aplikasi mudah terima kasih telah mempermudah dalam pembayaran pajak kendaraan,Pembayaran Pajak Kendaraan Online,"bayar, pajak, kendara, tahun, online",Positif,0.998
2575,Hampir bulan baru diterima STNK nya,Proses dan Durasi Pengiriman STNK,"kirim, proses, stnk, tanggal, minggu",Negatif,0.682
2576,mantep,Topik Tidak Relevan,Tidak Ditemukan,Positif,0.979
2577,oke lh,Topik Tidak Relevan,Tidak Ditemukan,Positif,0.92
2578,lumayan hari datang,Rincian Biaya Administrasi dan Transaksi,"kali, daftar, biaya, transaksi, ktp",Negatif,0.891
2579,mudah simple,Topik Tidak Relevan,Tidak Ditemukan,Positif,0.994
2580,pengiriman lama tunggu seminggu baru dikirim,Proses dan Durasi Pengiriman STNK,"kirim, proses, stnk, tanggal, minggu",Negatif,0.918
2581,Sangat membantu bayar pajak lewat online hari nyampai,Pembayaran Pajak Kendaraan Online,"bayar, pajak, kendara, tahun, online",Positif,0.801
2582,mayan cepet,Topik Tidak Relevan,Tidak Ditemukan,Positif,0.935
2583,Sudah dua kali bayar pajak pakai SIGNAL Pelayanan Prima cepat dalam prosen nya,Pembayaran Pajak Kendaraan Online,"bayar, pajak, kendara, tahun, online",Positif,0.936
2584,Trim s,Topik Tidak Relevan,Tidak Ditemukan,Positif,0.764
2585,bayar pajak kendaraan atas nama sendiri makin simpel oke dah pokoknya,Pembayaran Pajak Kendaraan Online,"bayar, pajak, kendara, tahun, online",Positif,0.644
2586,sangat membantu dgn adanya apk signal ini,Proses Pengurusan via Aplikasi SIGNAL,"signal, urus, samsat, digital, ambil",Positif,0.884
2587,sangat membantu dan mudah di gunakan,Layanan Jasa Kurir Pengiriman,"pos, kirim, via, indonesia, guna",Positif,0.991
2588,mudah praktis,Topik Tidak Relevan,Tidak Ditemukan,Positif,0.998
2589,pengiriman berkas sangat lama sekali,Proses dan Durasi Pengiriman STNK,"kirim, proses, stnk, tanggal, minggu",Negatif,0.917
2590,solusi terbaik ga pakai ribet,Kendala Teknis Aplikasi (Loading),"orang, sibuk, data, bayar, bank",Netral,0.853
2591,Bermanfaat Sekali Untuk yang sibuk bekerja,Kendala Teknis Aplikasi (Loading),"orang, sibuk, data, bayar, bank",Positif,0.81
2592,Mantap Pelayanan nya dan sangat memudahkan dalam pembayaran pajak,Pembayaran Pajak Kendaraan Online,"bayar, pajak, kendara, tahun, online",Positif,0.999
2593,meski suka eror tp transaksi sukses juga,Rincian Biaya Administrasi dan Transaksi,"kali, daftar, biaya, transaksi, ktp",Negatif,0.9
2594,harap ditingkatkan kembali perbaikan aplikasi,Permintaan Bantuan dan Saran Peningkatan,"bantu, tingkat, proses, samsat, rantau",Netral,0.99
2595,bagus sekali sangat membantu ijin ndan semoga stnk digital dan sim digital dapat dipakai saat ada operasi progo bisa dijadikan bukti kepemilikan ketika di jalan,Proses Pengurusan via Aplikasi SIGNAL,"signal, urus, samsat, digital, ambil",Positif,0.998
2596,mudah dan cepat mskpun tmpt tinggal beda provinsi bisa dkrim ke almt yg kt tinggali,Perpanjangan STNK 5 Tahunan (Ganti Plat),"stnk, panjang, samsat, ganti, plat",Positif,0.993
2597,aplikasi error tidak bisa bayar dan juga tidak ada opsi kirim ke rumah,Layanan Pengiriman STNK ke Rumah,"rumah, langsung, kirim, stnk, samsat",Negatif,0.974
2598,APLIKASI BELUM SEMPURNA UDAH DI LUNCURKAN,Topik Tidak Relevan,Tidak Ditemukan,Negatif,0.944
2599,DATA SUDA TERISI,Kendala Teknis Aplikasi (Loading),"orang, sibuk, data, bayar, bank",Netral,0.658
2600,PAS MAU PILIHAN PENGIRIMAN CUMA MUTER DOANG,Layanan Pengiriman STNK ke Rumah,"rumah, langsung, kirim, stnk, samsat",Negatif,0.989
2601,APK MACAM APA KEK GINI,Proses Pengurusan via Aplikasi SIGNAL,"signal, urus, samsat, digital, ambil",Negatif,0.96
2602,Sangat bermanfaat membantu sekali,Topik Tidak Relevan,Tidak Ditemukan,Positif,0.985
2603,sangat buruk pelayanan nya,Kualitas Pelayanan dan Antrean di Samsat,"layan, antri, samsat, masyarakat, respon",Negatif,0.888
2604,Ga bisa utk kendaraan error terus,Pembayaran Pajak Kendaraan Online,"bayar, pajak, kendara, tahun, online",Negatif,0.619
2605,Mempermudah Pembayaran Pajak Kendaraan Tolong di Teruskan,Pembayaran Pajak Kendaraan Online,"bayar, pajak, kendara, tahun, online",Positif,0.952
2606,Terima kasih paket sdh di Terima dengan baik tpi mohon maaf kedepan untuk respon sama pengiriman bisa di perbaiki,Layanan Jasa Kurir Pengiriman,"pos, kirim, via, indonesia, guna",Positif,0.829
2607,lebih praktis dan efisien ngga perlu antri semua di permudah dengan aplikasi signal,Proses Pengurusan via Aplikasi SIGNAL,"signal, urus, samsat, digital, ambil",Positif,1.0
2608,lama sekali dateng nya akhir akhir ini,Topik Tidak Relevan,Tidak Ditemukan,Negatif,0.694
2609,Memudahkan bayar pajak untuk yg kerja karena ga harus datang ke samsat cuma prosesnya agak lama aja,Pembayaran Pajak Kendaraan Online,"bayar, pajak, kendara, tahun, online",Positif,0.661
2610,pengiriman cepat hari sampai meskipun beda kota,Proses dan Durasi Pengiriman STNK,"kirim, proses, stnk, tanggal, minggu",Positif,0.437
2611,app terburuk udah itu aja,Topik Tidak Relevan,Tidak Ditemukan,Negatif,0.992
2612,mantab bbbbbbbb bbbbbbbb,Topik Tidak Relevan,Tidak Ditemukan,Positif,0.997
2613,mempermudah top lah pokok nya,Layanan Jasa Kurir Pengiriman,"pos, kirim, via, indonesia, guna",Positif,0.998
2614,sangat mempermudah sekali tp nunggu dr pos lumayan lama tp gak papa secara keseluruhan ok banget,Layanan Jasa Kurir Pengiriman,"pos, kirim, via, indonesia, guna",Negatif,0.766
2615,gak sesuai ekspetasi wkwk,Topik Tidak Relevan,Tidak Ditemukan,Negatif,0.63
2616,Cepat prosesnya dan lebih praktis gak perlu ngantri lama,Kualitas Pelayanan dan Antrean di Samsat,"layan, antri, samsat, masyarakat, respon",Positif,1.0
2617,apk ini tdk berlaku untuk kendaraan tangan ke atau kendaraan bekas,Rincian Biaya Administrasi dan Transaksi,"kali, daftar, biaya, transaksi, ktp",Negatif,0.84
2618,apk bodoh GK bisa msuk,Layanan Jasa Kurir Pengiriman,"pos, kirim, via, indonesia, guna",Negatif,0.978
2619,terbaik dan terpercaya,Topik Tidak Relevan,Tidak Ditemukan,Positif,0.54
2620,stuck dipembayaran gak bisa muter muter terus,Perbandingan Layanan Online vs. Kantor Samsat,"kantor, samsat, online, daerah, kota",Negatif,0.988
2621,Udah bagus cuma pilihan pengirimannya di tambah lg pake ojol atau yg lain biar bisa lebih cepat,Proses dan Durasi Pengiriman STNK,"kirim, proses, stnk, tanggal, minggu",Netral,0.53
2622,aplikasi gak guna buat daftar aja gak bisa aplikasi macam apa.n ini gak jelas banget,Rincian Biaya Administrasi dan Transaksi,"kali, daftar, biaya, transaksi, ktp",Negatif,0.978
2623,Sudah cukup bagus namun sayang laporan di transaksi tertulis kadaluwarsa pdhl di pembayaran sdh sukses dan terkonfirmasi,Kendala Teknis Aplikasi (Loading),"orang, sibuk, data, bayar, bank",Negatif,0.982
2624,Laporandi transaksi jg cenderung lambat,Rincian Biaya Administrasi dan Transaksi,"kali, daftar, biaya, transaksi, ktp",Negatif,0.966
2625,Pengaduan di aplikasi hya robot yg bekerja shg tdk memberi solusi,Kendala Teknis Aplikasi (Loading),"orang, sibuk, data, bayar, bank",Negatif,0.996
2626,Semoga menjadi perhatian utk terus diperbaiki dan dikembangkan,Rincian Biaya Administrasi dan Transaksi,"kali, daftar, biaya, transaksi, ktp",Netral,0.946
2627,Good service,Topik Tidak Relevan,Tidak Ditemukan,Positif,0.956
2628,pernah kali salah kirim alamat,Proses dan Durasi Pengiriman STNK,"kirim, proses, stnk, tanggal, minggu",Negatif,0.595
2629,Verifikasinya penuh perjuangan,Perpanjangan STNK 5 Tahunan (Ganti Plat),"stnk, panjang, samsat, ganti, plat",Negatif,0.53
2630,saya update lagi ya ini pertama kali nyoba bayar pajak online,Pembayaran Pajak Kendaraan Online,"bayar, pajak, kendara, tahun, online",Netral,0.855
2631,Alhamdulillah sampe pembayaran di Indomaret lancar jaya proses sudah sampe pengiriman,Proses dan Durasi Pengiriman STNK,"kirim, proses, stnk, tanggal, minggu",Positif,0.997
2632,tinggal nunggu pengiriman jasa kirim,Layanan Jasa Kurir Pengiriman,"pos, kirim, via, indonesia, guna",Netral,0.944
2633,terimakasih buat semua pihak yg terkait ini sangat membantu buat kami yang ada di luar kota STNK sudah sampe di hari Sabtu saya transaksi hari Jum at gak nyangka bisa se gercep itu terimakasih banyak aplikasi SIGNAL tahun depan mau lewat aplikasi aja lagi,Rincian Biaya Administrasi dan Transaksi,"kali, daftar, biaya, transaksi, ktp",Positif,0.819
2634,Kren memudahkan bayar pajak,Pembayaran Pajak Kendaraan Online,"bayar, pajak, kendara, tahun, online",Positif,0.99
2635,loading ya lama,Kendala Teknis Aplikasi (Loading),"orang, sibuk, data, bayar, bank",Negatif,0.933
2636,mantap lebih praktis,Topik Tidak Relevan,Tidak Ditemukan,Positif,1.0
2637,aplikasi tidak brguna buang buang anggaran,Kualitas Pelayanan dan Antrean di Samsat,"layan, antri, samsat, masyarakat, respon",Negatif,0.944
2638,Niat bayar pajak lewat online biar simple tapi apk malah lama,Pembayaran Pajak Kendaraan Online,"bayar, pajak, kendara, tahun, online",Negatif,0.587
2639,perbaiki lagi deh,Topik Tidak Relevan,Tidak Ditemukan,Netral,0.875
2640,Terima kasih Signal Pembayaran pajak tahunan jadi lebih mudah dan cepat,Pembayaran Pajak Kendaraan Online,"bayar, pajak, kendara, tahun, online",Positif,0.995
2641,ok bayar pajak semoga semakin mudah klo dipersulit ga usah bayar aja,Pembayaran Pajak Kendaraan Online,"bayar, pajak, kendara, tahun, online",Netral,0.692
2642,Mantap layanannya,Kualitas Pelayanan dan Antrean di Samsat,"layan, antri, samsat, masyarakat, respon",Positif,0.996
2643,sangat membantu bayar pajak bisa dari rumah,Pembayaran Pajak Kendaraan Online,"bayar, pajak, kendara, tahun, online",Positif,0.982
2644,Alhamdulillah ga perlu ngantri tinggal nunggu di rumah saja,Layanan Pengiriman STNK ke Rumah,"rumah, langsung, kirim, stnk, samsat",Positif,1.0
2645,sangat puas bayar STNK di aplikasi ini,Pembayaran Pajak Kendaraan Online,"bayar, pajak, kendara, tahun, online",Positif,0.695
2646,tolong diperbaiki error mulu aplikasi,Topik Tidak Relevan,Tidak Ditemukan,Negatif,0.969
2647,Pelayanan Terbaik,Kualitas Pelayanan dan Antrean di Samsat,"layan, antri, samsat, masyarakat, respon",Positif,0.498
2648,pajak kendaraan tahunan jadi lebih mudah,Pembayaran Pajak Kendaraan Online,"bayar, pajak, kendara, tahun, online",Positif,0.876
2649,Aplikasi abal abal,Topik Tidak Relevan,Tidak Ditemukan,Negatif,0.94
2650,Dapat kode bayar tapi nggak bisa dipakai,Pembayaran Pajak Kendaraan Online,"bayar, pajak, kendara, tahun, online",Netral,0.49
2651,Kode tidak ditemukan keterangannya,Proses dan Durasi Pengiriman STNK,"kirim, proses, stnk, tanggal, minggu",Negatif,0.761
2652,Mau bayar pajak aja kok dipersulit,Pembayaran Pajak Kendaraan Online,"bayar, pajak, kendara, tahun, online",Negatif,0.856
2653,aplikasi sampah,Kualitas Pelayanan dan Antrean di Samsat,"layan, antri, samsat, masyarakat, respon",Negatif,0.933
2654,Pelayanan nya juga cepet,Kualitas Pelayanan dan Antrean di Samsat,"layan, antri, samsat, masyarakat, respon",Positif,0.975
2655,Mudah dan praktis,Topik Tidak Relevan,Tidak Ditemukan,Positif,0.998
2656,mantap jadi mudah bayar pajak,Pembayaran Pajak Kendaraan Online,"bayar, pajak, kendara, tahun, online",Positif,0.999
2657,saat mau bayar muter terus padahal pas cek sinyal di hp tembus Mbps,Layanan Pengiriman STNK ke Rumah,"rumah, langsung, kirim, stnk, samsat",Negatif,0.994
2658,semakin baik pelayanan onlinenya,Kualitas Pelayanan dan Antrean di Samsat,"layan, antri, samsat, masyarakat, respon",Positif,0.48
2659,aplikasi sangat membantu masarakat,Topik Tidak Relevan,Tidak Ditemukan,Positif,0.969
2660,jadi mempermudah perpanjang STNK saya,Perpanjangan STNK 5 Tahunan (Ganti Plat),"stnk, panjang, samsat, ganti, plat",Positif,0.959
2661,Mantap lebih mudah dan tidak Ribet sama sekali Lanjutkan,Permintaan Bantuan dan Saran Peningkatan,"bantu, tingkat, proses, samsat, rantau",Positif,1.0
2662,sangat membantu krn tdk repot ke kantor samsat jauh dari rumah trmksh,Perbandingan Layanan Online vs. Kantor Samsat,"kantor, samsat, online, daerah, kota",Positif,0.998
2663,pertama kali bayar pajak online dan itu cukup memuaskan,Pembayaran Pajak Kendaraan Online,"bayar, pajak, kendara, tahun, online",Positif,0.466
2664,bayar pajak kendaraan tapa.ribet dan calo,Pembayaran Pajak Kendaraan Online,"bayar, pajak, kendara, tahun, online",Positif,0.363
2665,sangat membantu Terima kasih banyak,Topik Tidak Relevan,Tidak Ditemukan,Positif,0.991
2666,sangat membantu mudah mudahan proses ny semakin baik kedepan ny,Perpanjangan STNK 5 Tahunan (Ganti Plat),"stnk, panjang, samsat, ganti, plat",Positif,0.997
2667,memudahkan sekali,Topik Tidak Relevan,Tidak Ditemukan,Positif,0.799
2668,Sangat memudahkan semoga bisa berkembang dan berinovasi demi kemudahan dan pelayanan terbaik Terimakasih POLRI,Kualitas Pelayanan dan Antrean di Samsat,"layan, antri, samsat, masyarakat, respon",Positif,0.985
2669,langganan setiap tahun rekomended,Pembayaran Pajak Kendaraan Online,"bayar, pajak, kendara, tahun, online",Positif,0.594
2670,ok bamget,Topik Tidak Relevan,Tidak Ditemukan,Positif,0.458
2671,tolong kedepannya mudah an bisa lebih cepat jangan sampai berminggu,Layanan Pengiriman STNK ke Rumah,"rumah, langsung, kirim, stnk, samsat",Positif,0.761
2672,mudah dan cepat bisa diantar kerumah,Layanan Pengiriman STNK ke Rumah,"rumah, langsung, kirim, stnk, samsat",Positif,0.999
2673,jos,Fitur dan Layanan Bantuan Aplikasi,"bikin, sistem, antar, chat, cek",Positif,0.881
2674,mantap cepat dan gak ribet,Topik Tidak Relevan,Tidak Ditemukan,Positif,0.999
2675,ni aplikasi payah banget,Topik Tidak Relevan,Tidak Ditemukan,Negatif,0.985
2676,tiap tiap taun mau perpanjang pajak erorr mulu,Pembayaran Pajak Kendaraan Online,"bayar, pajak, kendara, tahun, online",Negatif,0.951
2677,harus coba terus sampe seharian baru bisa,Rincian Biaya Administrasi dan Transaksi,"kali, daftar, biaya, transaksi, ktp",Netral,0.664
2678,banyak yg komen aplikasi sering erorr tapi seperti gak didengar,Topik Tidak Relevan,Tidak Ditemukan,Negatif,0.975
2679,saya sempat ragu krnaa prtma kali saya menggunakan signal dan lmyn lama di tahap penerbitan dokumen digital tpi trnya stlh masuk ke tahap pengiriman hari sdh sampai rmh,Layanan Jasa Kurir Pengiriman,"pos, kirim, via, indonesia, guna",Positif,0.945
2680,trmsk signal smoga lbh baik kdepanya dan tdl ada kendala,Proses Pengurusan via Aplikasi SIGNAL,"signal, urus, samsat, digital, ambil",Positif,0.876
2681,sukses trs signal ini sangat membantu saya yg tdk bsa libur di weekday,Proses Pengurusan via Aplikasi SIGNAL,"signal, urus, samsat, digital, ambil",Positif,0.998
2682,namun saya belum menerima stnknya sekarang,Proses dan Durasi Pengiriman STNK,"kirim, proses, stnk, tanggal, minggu",Negatif,0.645
2683,sangat membantu dan memudahkan masyarakat,Kualitas Pelayanan dan Antrean di Samsat,"layan, antri, samsat, masyarakat, respon",Positif,0.994
2684,sangat cepat dan sangat membantu Mempermudah bayar pajak,Pembayaran Pajak Kendaraan Online,"bayar, pajak, kendara, tahun, online",Positif,0.995
2685,SiGNAL,Proses Pengurusan via Aplikasi SIGNAL,"signal, urus, samsat, digital, ambil",Netral,0.574
2686,aplikasi sama instansi ny gak beda jauh sama sama error,Perpanjangan STNK 5 Tahunan (Ganti Plat),"stnk, panjang, samsat, ganti, plat",Negatif,0.978
2687,Terimakasih aplikasi SIGNAL ini sangat membantu,Proses Pengurusan via Aplikasi SIGNAL,"signal, urus, samsat, digital, ambil",Positif,0.996
2688,Proses mudah dan cepat hari STNK sudah sampai runah,Proses dan Durasi Pengiriman STNK,"kirim, proses, stnk, tanggal, minggu",Positif,0.992
2689,aplikasi ini sebenarnya sangat membantu buat membayar pajak cuma di pengiriman cukup lama sekali selebihnya sangat bagus,Pembayaran Pajak Kendaraan Online,"bayar, pajak, kendara, tahun, online",Positif,0.685
2690,pelayanannya sangat puas karena cepat melalui online dpt menghemat waktu dan mudah,Kualitas Pelayanan dan Antrean di Samsat,"layan, antri, samsat, masyarakat, respon",Positif,0.999
2691,dimudahkan adanya aplikasi ini terima kasih,Topik Tidak Relevan,Tidak Ditemukan,Positif,0.983
2692,sistem eror mulu si mau bayar pajak loh ini ngebantu pendapatan negara ko dipersulit si kalo gak bisa bikin aplikasi yg bagus gausah bikin malah mempersulit masyarakat,Fitur dan Layanan Bantuan Aplikasi,"bikin, sistem, antar, chat, cek",Negatif,0.998
2693,tolong diperbaiki,Topik Tidak Relevan,Tidak Ditemukan,Netral,0.903
2694,sangat terbantu menghindari yg keliaran di Samsat,Perpanjangan STNK 5 Tahunan (Ganti Plat),"stnk, panjang, samsat, ganti, plat",Positif,0.991
2695,sangat bermanfaat kalau bisa tahunan dipermudah lagi,Pembayaran Pajak Kendaraan Online,"bayar, pajak, kendara, tahun, online",Positif,0.782
2696,minggu prosesnya dari pembuatan sd kerumah pakai pos express,Layanan Pengiriman STNK ke Rumah,"rumah, langsung, kirim, stnk, samsat",Negatif,0.965
2697,Dari kemarin mau login susah banget padahal semua udah bener Verifikasi Gagal terus,Rincian Biaya Administrasi dan Transaksi,"kali, daftar, biaya, transaksi, ktp",Negatif,0.998
2698,sangat membantu klo kendaraan atas nama pribadi klo atas nama orang lain blm nyoba,Layanan Pengiriman STNK ke Rumah,"rumah, langsung, kirim, stnk, samsat",Positif,0.591
2699,Nice,Topik Tidak Relevan,Tidak Ditemukan,Positif,0.935
2700,sungguh di sayang kan apk nya error trs gk bisa konek pas mau cek out,Fitur dan Layanan Bantuan Aplikasi,"bikin, sistem, antar, chat, cek",Negatif,0.998
2701,untuk pembayaran pajak online ini sangat membantu yg sibuk kerja dan tidak sempat membayar pajak ke samsat,Pembayaran Pajak Kendaraan Online,"bayar, pajak, kendara, tahun, online",Positif,0.912
2702,dengan aplikasi pembayaran pajak kendaraan online ini,Pembayaran Pajak Kendaraan Online,"bayar, pajak, kendara, tahun, online",Negatif,0.5
2703,smua jadi mudah,Topik Tidak Relevan,Tidak Ditemukan,Positif,0.899
2704,memudahkan untuk membayar pajak tanpa antri tinggal nunggu dirumah,Pembayaran Pajak Kendaraan Online,"bayar, pajak, kendara, tahun, online",Positif,0.998
2705,Terimakasih SIGNAL Terimakasih Samsat Banyuasin STNK saya sudah saya Terima Langsung di antar Kerumah,Layanan Pengiriman STNK ke Rumah,"rumah, langsung, kirim, stnk, samsat",Positif,0.998
2706,Mkasi,Topik Tidak Relevan,Tidak Ditemukan,Positif,0.56
2707,proses nya cepat,Proses dan Durasi Pengiriman STNK,"kirim, proses, stnk, tanggal, minggu",Positif,0.877
2708,apa ni,Proses Pengurusan via Aplikasi SIGNAL,"signal, urus, samsat, digital, ambil",Netral,0.447
2709,tahun kemarin bisa,Pembayaran Pajak Kendaraan Online,"bayar, pajak, kendara, tahun, online",Netral,0.857
2710,tahun ini GK bisa,Pembayaran Pajak Kendaraan Online,"bayar, pajak, kendara, tahun, online",Netral,0.893
2711,Samsat Kepri gmn neh,Perbandingan Layanan Online vs. Kantor Samsat,"kantor, samsat, online, daerah, kota",Negatif,0.86
2712,mantap sangan membantu,Fitur dan Layanan Bantuan Aplikasi,"bikin, sistem, antar, chat, cek",Positif,1.0
2713,Tidak perlu antri proses lumayan mudah,Kualitas Pelayanan dan Antrean di Samsat,"layan, antri, samsat, masyarakat, respon",Positif,0.999
2714,perpanjang stnk sangat cepat sekali,Perpanjangan STNK 5 Tahunan (Ganti Plat),"stnk, panjang, samsat, ganti, plat",Positif,0.845
2715,ga ada seminggu udah sampe depan rumah,Layanan Pengiriman STNK ke Rumah,"rumah, langsung, kirim, stnk, samsat",Negatif,0.773
2716,bisa bayar lewat banyak merchant,Pembayaran Pajak Kendaraan Online,"bayar, pajak, kendara, tahun, online",Netral,0.44
2717,saya pake dana cepat aman,Topik Tidak Relevan,Tidak Ditemukan,Positif,0.858
2718,sebelumnya saya sudah bayar,Pembayaran Pajak Kendaraan Online,"bayar, pajak, kendara, tahun, online",Netral,0.531
2719,tapi di app signanya kadaluwarsa,Topik Tidak Relevan,Tidak Ditemukan,Negatif,0.97
2720,alhamdulillah besoknya automatis selesai dibayar,Proses dan Durasi Pengiriman STNK,"kirim, proses, stnk, tanggal, minggu",Positif,0.997
2721,terus tingkatkan pelayanan kecepatan dan ketepatan untuk aplikasinya,Kualitas Pelayanan dan Antrean di Samsat,"layan, antri, samsat, masyarakat, respon",Positif,0.979
2722,blm bayar pajak,Pembayaran Pajak Kendaraan Online,"bayar, pajak, kendara, tahun, online",Netral,0.42
2723,mei mau bayar ternyata dpt pemutihan tahun,Pembayaran Pajak Kendaraan Online,"bayar, pajak, kendara, tahun, online",Negatif,0.892
2724,pajak berlaku sampai,Pembayaran Pajak Kendaraan Online,"bayar, pajak, kendara, tahun, online",Netral,0.437
2725,okee ini adalah pengalaman yang bagus untuk saya dan terimakasih atas pelayanan dan perhatiannya sukses selalu untuk tim samsat dan untuk yang belum bayar pajak bisa lewat aplikasi ini tanpa adanya pungli proses cepat dijamin aman terimakasih pak bu dan tim,Pembayaran Pajak Kendaraan Online,"bayar, pajak, kendara, tahun, online",Positif,0.987
2726,Udah bagus proses dan pengiriman masih lama,Proses dan Durasi Pengiriman STNK,"kirim, proses, stnk, tanggal, minggu",Positif,0.569
2727,luarr Biasaa,Topik Tidak Relevan,Tidak Ditemukan,Netral,0.409
2728,worth it,Topik Tidak Relevan,Tidak Ditemukan,Positif,0.596
2729,mantapss,Topik Tidak Relevan,Tidak Ditemukan,Netral,0.473
2730,bayar pajak kini lebih mudah dan simpel,Pembayaran Pajak Kendaraan Online,"bayar, pajak, kendara, tahun, online",Positif,0.995
2731,User Friendly,Topik Tidak Relevan,Tidak Ditemukan,Negatif,0.495
2732,Selamat pagi signal Alhamdulilah STNK sudah diterima setelah hari,Perpanjangan STNK 5 Tahunan (Ganti Plat),"stnk, panjang, samsat, ganti, plat",Positif,0.998
2733,apk nya sangat membantu pengiriman juga cepat,Proses dan Durasi Pengiriman STNK,"kirim, proses, stnk, tanggal, minggu",Positif,0.958
2734,keren cepet,Topik Tidak Relevan,Tidak Ditemukan,Positif,0.987
2735,gajelas stnk ga di kirim kirim tapi status selesai feedback customers service nya juga ga bagus yang bales robot trus ga dan ga ada solusi,Proses dan Durasi Pengiriman STNK,"kirim, proses, stnk, tanggal, minggu",Negatif,0.998
2736,harus ke samsat lagi buat apa online kalo gitu sampe samsat harus fotocopy ini itu jadi ribet ga cocok buat org mageran harusnya mempermudah malah jadi ribet,Perbandingan Layanan Online vs. Kantor Samsat,"kantor, samsat, online, daerah, kota",Negatif,0.562
2737,moon maaf semoga ada perbaikan segera,Fitur dan Layanan Bantuan Aplikasi,"bikin, sistem, antar, chat, cek",Netral,0.979
2738,mohon tambahkan alamat pengiriman lainnya,Proses dan Durasi Pengiriman STNK,"kirim, proses, stnk, tanggal, minggu",Netral,0.967
2739,tidak bisa lacak pengiriman,Proses dan Durasi Pengiriman STNK,"kirim, proses, stnk, tanggal, minggu",Negatif,0.758
2740,Pertama kali coba pake applikasi ini alhamdulillah puas,Rincian Biaya Administrasi dan Transaksi,"kali, daftar, biaya, transaksi, ktp",Positif,0.931
2741,sangat memudahkan dalam pembayaran proses pengiriman dokumen pun sangat cepat,Proses dan Durasi Pengiriman STNK,"kirim, proses, stnk, tanggal, minggu",Positif,0.846
2742,semoga sukses selalu,Topik Tidak Relevan,Tidak Ditemukan,Positif,0.553
2743,alhamdulillah bayar pajak tahunan tdk perlu ke kantor samsat mudah n untuk pajak tahun juga ng perlu ke kantor samsat tinggal upload poto nomor mesin dan nomor rangka terima kasih SIGNAL,Pembayaran Pajak Kendaraan Online,"bayar, pajak, kendara, tahun, online",Positif,0.999
2744,aplikasi yang sangat membantu apalagi bisa bayar online yang tahunan Jadi permudah yang nggk sempet datang ke samsat,Pembayaran Pajak Kendaraan Online,"bayar, pajak, kendara, tahun, online",Positif,0.916
2745,gak bisa registrasi,Rincian Biaya Administrasi dan Transaksi,"kali, daftar, biaya, transaksi, ktp",Netral,0.641
2746,sarana pelayanan yang mudan dan cepat,Kualitas Pelayanan dan Antrean di Samsat,"layan, antri, samsat, masyarakat, respon",Positif,0.976
2747,jos apk,Fitur dan Layanan Bantuan Aplikasi,"bikin, sistem, antar, chat, cek",Positif,0.706
2748,masa udah minggu lebih blm dikirim E TBPKP nya sih,Proses dan Durasi Pengiriman STNK,"kirim, proses, stnk, tanggal, minggu",Negatif,0.947
2749,padahal alamat sudah jelass apalagi di situ ada data saya,Kendala Teknis Aplikasi (Loading),"orang, sibuk, data, bayar, bank",Negatif,0.731
2750,jelek ga bisa login katanya jaringan padahal sudah pakai wifi,Perbandingan Layanan Online vs. Kantor Samsat,"kantor, samsat, online, daerah, kota",Negatif,0.954
2751,ga perlu capek keluar online aja slesaiii terimakaaih Signal,Proses Pengurusan via Aplikasi SIGNAL,"signal, urus, samsat, digital, ambil",Positif,0.994
2752,Hemat waktu dan biaya hari langsung sampai rumah thanks,Layanan Pengiriman STNK ke Rumah,"rumah, langsung, kirim, stnk, samsat",Positif,0.999
2753,proses cepat mantap gak perlu dtg,Proses dan Durasi Pengiriman STNK,"kirim, proses, stnk, tanggal, minggu",Positif,0.997
2754,mudah dan cpt,Topik Tidak Relevan,Tidak Ditemukan,Positif,0.985
2755,cukup mudah,Topik Tidak Relevan,Tidak Ditemukan,Positif,0.811
2756,Alhamdulillah sangat membantu buat sy yg terkendala dengan waktu semoga kedepannya semakin sukses dan barokah aaamiiin,Proses Pengurusan via Aplikasi SIGNAL,"signal, urus, samsat, digital, ambil",Positif,0.999
2757,sangat mudah dan cepat dalam pelayanan publik,Kualitas Pelayanan dan Antrean di Samsat,"layan, antri, samsat, masyarakat, respon",Positif,0.993
2758,untuk sampai saat ini bagus,Topik Tidak Relevan,Tidak Ditemukan,Positif,0.789
2759,sangat membantu sekali untuk yg sudah tidak berada di pulau,Topik Tidak Relevan,Tidak Ditemukan,Positif,0.594
2760,Sangat membantu dan sangat cepat prosesnya tidak perlu keluar rumah dan ngantri,Layanan Pengiriman STNK ke Rumah,"rumah, langsung, kirim, stnk, samsat",Positif,0.998
2761,pokonya sangat puas dengan pelayanan aplikasi signal,Proses Pengurusan via Aplikasi SIGNAL,"signal, urus, samsat, digital, ambil",Positif,0.999
2762,penerbitan nya hari lama juga,Rincian Biaya Administrasi dan Transaksi,"kali, daftar, biaya, transaksi, ktp",Negatif,0.957
2763,mudah mudahan bisa di perbaiki lagi,Topik Tidak Relevan,Tidak Ditemukan,Positif,0.945
2764,aplikasi tidak ada gunanya,Layanan Jasa Kurir Pengiriman,"pos, kirim, via, indonesia, guna",Negatif,0.475
2765,mantapsss salam presisi,Kualitas Pelayanan dan Antrean di Samsat,"layan, antri, samsat, masyarakat, respon",Positif,0.978
2766,Alhamdulillah sangat memudahkan,Topik Tidak Relevan,Tidak Ditemukan,Positif,0.999
2767,berguns,Topik Tidak Relevan,Tidak Ditemukan,Netral,0.49
2768,Di aplikasi saya pilihan jasa pengiriman tidak bisa muncul kenapa ya,Layanan Jasa Kurir Pengiriman,"pos, kirim, via, indonesia, guna",Negatif,0.906
2769,sangat membantu dan memudahkan membayar pajak tepat waktu pengiriman ny pun sangat cepat,Pembayaran Pajak Kendaraan Online,"bayar, pajak, kendara, tahun, online",Positif,0.995
2770,langsung beres,Layanan Pengiriman STNK ke Rumah,"rumah, langsung, kirim, stnk, samsat",Positif,0.775
2771,tidak bisa digunakan sepertinya harus kembali ke zaman Batu lagi parah,Layanan Jasa Kurir Pengiriman,"pos, kirim, via, indonesia, guna",Negatif,0.828
2772,Ini pertama pengalaman pertama saya bayar perpanjangan pajak kendaraan bermotor via signal mudah dan tidak ribet harus antri diloket,Pembayaran Pajak Kendaraan Online,"bayar, pajak, kendara, tahun, online",Positif,0.718
2773,Okeh bangett hari kerja sampai rumah stnk,Layanan Pengiriman STNK ke Rumah,"rumah, langsung, kirim, stnk, samsat",Positif,0.947
2774,mantep bngt apk nya,Topik Tidak Relevan,Tidak Ditemukan,Positif,0.899
2775,berguna bagi perantaw seperti saya namun sering ada gangguan,Layanan Jasa Kurir Pengiriman,"pos, kirim, via, indonesia, guna",Positif,0.376
2776,aplikasi lemot kenapa ya rata apk yg dibuat pemerintah itu banyak masalah beda sama swasta pdhal kan pemerintah banyak duitnya,Perbandingan Layanan Online vs. Kantor Samsat,"kantor, samsat, online, daerah, kota",Negatif,0.998
2777,Niceb,Topik Tidak Relevan,Tidak Ditemukan,Positif,0.621
2778,mantap stnk nya sdh sampe dg cepat,Perpanjangan STNK 5 Tahunan (Ganti Plat),"stnk, panjang, samsat, ganti, plat",Positif,0.996
2779,mksh,Topik Tidak Relevan,Tidak Ditemukan,Positif,0.942
2780,Dimudahkan,Topik Tidak Relevan,Tidak Ditemukan,Positif,0.883
2781,sangat membantu proses y cepat,Proses dan Durasi Pengiriman STNK,"kirim, proses, stnk, tanggal, minggu",Positif,0.994
2782,proses cepat tinggal klik bayar besok langsung sampai,Layanan Pengiriman STNK ke Rumah,"rumah, langsung, kirim, stnk, samsat",Positif,0.968
2783,wni buat bayar pajak,Pembayaran Pajak Kendaraan Online,"bayar, pajak, kendara, tahun, online",Netral,0.894
2784,SIGNAL memang mantap,Proses Pengurusan via Aplikasi SIGNAL,"signal, urus, samsat, digital, ambil",Positif,0.957
2785,lebih mudah,Topik Tidak Relevan,Tidak Ditemukan,Positif,0.982
2786,mantap sangat membantu dan memudahkan,Topik Tidak Relevan,Tidak Ditemukan,Positif,1.0
2787,mudah dan cepat bebas calo,Topik Tidak Relevan,Tidak Ditemukan,Positif,0.984
2788,Mudah Efektif,Topik Tidak Relevan,Tidak Ditemukan,Positif,0.985
2789,bagus sangat membantu.tapi biaya platform admin aplikasi nya msih aga mahal,Rincian Biaya Administrasi dan Transaksi,"kali, daftar, biaya, transaksi, ktp",Negatif,0.934
2790,pembayaran bagus,Pembayaran Pajak Kendaraan Online,"bayar, pajak, kendara, tahun, online",Positif,0.882
2791,cepat aaman ga perlu antri,Kualitas Pelayanan dan Antrean di Samsat,"layan, antri, samsat, masyarakat, respon",Positif,0.998
2792,simpel and cepet,Topik Tidak Relevan,Tidak Ditemukan,Positif,0.998
2793,sangat membantu wajib pajak,Perbandingan Layanan Online vs. Kantor Samsat,"kantor, samsat, online, daerah, kota",Positif,0.954
2794,Alhamdulillah hari sampai stnknya tapi stiker barcodenya tidak ada jadi harus download dan print sendiri,Perpanjangan STNK 5 Tahunan (Ganti Plat),"stnk, panjang, samsat, ganti, plat",Positif,0.564
2795,keren mksh,Topik Tidak Relevan,Tidak Ditemukan,Positif,0.995
2796,dgn online baik cepat tanpa ke kantor Samsat,Perbandingan Layanan Online vs. Kantor Samsat,"kantor, samsat, online, daerah, kota",Netral,0.67
2797,untuk step proses mungkin perlu di update secara detail dan setiap proses ada perkiraan jangka watu sampai di terima agar kita dapat memperkirakan kapan diterima,Proses dan Durasi Pengiriman STNK,"kirim, proses, stnk, tanggal, minggu",Netral,0.622
2798,sangat membantu dan mempermudah pengurusan,Proses Pengurusan via Aplikasi SIGNAL,"signal, urus, samsat, digital, ambil",Positif,0.997
2799,sayaa melakukan pembayaran kodenya tidak bisa atau gagal terus,Pembayaran Pajak Kendaraan Online,"bayar, pajak, kendara, tahun, online",Negatif,0.926
2800,alhamdulillah setelah kejadian kemaren yang bikin panik takutnya ga dikirim surat pajak motor nya ternyta hari ini baru nyampek nunggu sekitar bulanan lama sih selesainya,Proses dan Durasi Pengiriman STNK,"kirim, proses, stnk, tanggal, minggu",Positif,0.969
2801,tapi aplikasi bantu banget buat orang yang mager kluar kek aku,Permintaan Bantuan dan Saran Peningkatan,"bantu, tingkat, proses, samsat, rantau",Positif,0.613
2802,Oke cepat persisi,Topik Tidak Relevan,Tidak Ditemukan,Positif,0.997
2803,memebantu,Permintaan Bantuan dan Saran Peningkatan,"bantu, tingkat, proses, samsat, rantau",Positif,0.975
2804,Mantap jadi ngga cPek ke samsat lagi,Perbandingan Layanan Online vs. Kantor Samsat,"kantor, samsat, online, daerah, kota",Positif,0.994
2805,Tingkat terus aplikasinya,Permintaan Bantuan dan Saran Peningkatan,"bantu, tingkat, proses, samsat, rantau",Netral,0.806
2806,sejauh ini good,Topik Tidak Relevan,Tidak Ditemukan,Positif,0.955
2807,mantap aplikasi yg sangat memudahkan,Topik Tidak Relevan,Tidak Ditemukan,Positif,0.997
2808,Aplikasi bagus gak harus antri,Kualitas Pelayanan dan Antrean di Samsat,"layan, antri, samsat, masyarakat, respon",Positif,0.997
2809,gak harus pke calo,Topik Tidak Relevan,Tidak Ditemukan,Positif,0.461
2810,bayar sendiri lebih mudah cepat dan akurat,Pembayaran Pajak Kendaraan Online,"bayar, pajak, kendara, tahun, online",Positif,0.993
2811,Ok lah sangat membantu,Topik Tidak Relevan,Tidak Ditemukan,Positif,0.811
2812,aplikasi tolol cs nya cuman pake autotext doang gak ada beda nya sama bot dibuat online bukan nya mempermudah malah makin ribet,Perpanjangan STNK 5 Tahunan (Ganti Plat),"stnk, panjang, samsat, ganti, plat",Negatif,0.994
2813,oke udah sampai dari maret sampai bulan mei,Proses dan Durasi Pengiriman STNK,"kirim, proses, stnk, tanggal, minggu",Negatif,0.982
2814,memudahkan sya yg perantauan utk membayar pajak trmksh,Pembayaran Pajak Kendaraan Online,"bayar, pajak, kendara, tahun, online",Positif,0.985
2815,TBPKB saya gak dikirim via pos Indonesia sejak tgl mei s.d skrg tgl sy nulis review ini mei statusnya masih pra collecting terus,Proses dan Durasi Pengiriman STNK,"kirim, proses, stnk, tanggal, minggu",Negatif,0.995
2816,tanya via DM diarahkan tanya via live chat pas sudah tanya live chat yg jawab pake BOT,Fitur dan Layanan Bantuan Aplikasi,"bikin, sistem, antar, chat, cek",Negatif,0.962
2817,wkwkwk kalau emang ga ada pengiriman TBPKB dan hanya menerbitkan E TBPKB saja sebaiknya matikan aja fitur utk pengiriman TBPKB fisiknya,Proses dan Durasi Pengiriman STNK,"kirim, proses, stnk, tanggal, minggu",Negatif,0.99
2818,nominal biaya ongkirnya emang kecil tp kalau dikali ribuan orang yg mengalami hal serupa juga lumayan,Rincian Biaya Administrasi dan Transaksi,"kali, daftar, biaya, transaksi, ktp",Negatif,0.98
2819,Terimakasih Signal Sangat Membantu,Proses Pengurusan via Aplikasi SIGNAL,"signal, urus, samsat, digital, ambil",Positif,0.997
2820,bintang dulu kalau bisa biaya applikasinya diturunin Tokopedia,Rincian Biaya Administrasi dan Transaksi,"kali, daftar, biaya, transaksi, ktp",Negatif,0.945
2821,masa ini instansi,Topik Tidak Relevan,Tidak Ditemukan,Positif,0.413
2822,bayar pajak mudah,Pembayaran Pajak Kendaraan Online,"bayar, pajak, kendara, tahun, online",Positif,0.866
2823,terimakasih pak,Topik Tidak Relevan,Tidak Ditemukan,Positif,0.914
2824,thn sd lancar pakai ini,Pembayaran Pajak Kendaraan Online,"bayar, pajak, kendara, tahun, online",Netral,0.578
2825,kq susah sekali ya selalu gagal malam pagi sekali jg gagal,Proses Pengurusan via Aplikasi SIGNAL,"signal, urus, samsat, digital, ambil",Negatif,0.998
2826,Aplikasi ini sangat bermanfaat dan membantu walopun proses online kdg aga susah masuk dan pengiriman aga lama tp saya secara pribadi sangat terbantu dan mmg sy proses hr sblm masa berlaku habis jd msh aman tepat H sdh selesai dan saya bs pergunakan waktu untuk hal yang lain,Proses dan Durasi Pengiriman STNK,"kirim, proses, stnk, tanggal, minggu",Positif,0.587
2827,Terus dikembangkan lagi aplikasinya spy lbh sempurna sehingga layanan masyarakat ini bs terus bermanfaat bagi masyarakat dan sukses selalu trmksh,Kualitas Pelayanan dan Antrean di Samsat,"layan, antri, samsat, masyarakat, respon",Positif,0.992
2828,keren pokoknya dah,Layanan Jasa Kurir Pengiriman,"pos, kirim, via, indonesia, guna",Positif,0.992
2829,sangat bagus dan cepat cuma belum sampai,Topik Tidak Relevan,Tidak Ditemukan,Positif,0.971
2830,aplikasi yg sngat membantu,Topik Tidak Relevan,Tidak Ditemukan,Positif,0.991
2831,keren bgt,Topik Tidak Relevan,Tidak Ditemukan,Positif,0.952
2832,alhamdulillah ada signal jadi lebih mudah untuk bayar pajak kendaraan proses sangat cepat,Pembayaran Pajak Kendaraan Online,"bayar, pajak, kendara, tahun, online",Positif,1.0
2833,sangat membantu sekali caranya gampang dan mudah,Topik Tidak Relevan,Tidak Ditemukan,Positif,0.995
2834,sangat membantu memudahkan dalam proses pembayaran pajak tahunan kendaraan bermotor secara online,Pembayaran Pajak Kendaraan Online,"bayar, pajak, kendara, tahun, online",Positif,0.983
2835,sebelum nya Daftar nya susah sekali x batang skrng sudah aman dan mempermudah jadi saya rubah bintang jadi bintang,Rincian Biaya Administrasi dan Transaksi,"kali, daftar, biaya, transaksi, ktp",Negatif,0.963
2836,bagus cepat amanah kurir ramah,Proses Pengurusan via Aplikasi SIGNAL,"signal, urus, samsat, digital, ambil",Positif,0.999
2837,sangat lama prosesnya tapi gk papa sudah bagus tingkatkan,Permintaan Bantuan dan Saran Peningkatan,"bantu, tingkat, proses, samsat, rantau",Netral,0.471
2838,Terima kasih telah memberi kemudahan bagi orang yang tidak bisa datang secara langsung ke Samsat kereeeeennnn,Layanan Pengiriman STNK ke Rumah,"rumah, langsung, kirim, stnk, samsat",Positif,0.994
2839,semoga bisa membantu masih belum tau nyetak nya gimana tunggu besok di Samsat,Perbandingan Layanan Online vs. Kantor Samsat,"kantor, samsat, online, daerah, kota",Netral,0.863
2840,lumayan membantu,Topik Tidak Relevan,Tidak Ditemukan,Positif,0.972
2841,Aplikasi ini memudahkan kita untuk membayar pajak,Pembayaran Pajak Kendaraan Online,"bayar, pajak, kendara, tahun, online",Positif,0.819
2842,sistem pembayaran ga ribet stnk bisa langsung di kirim ke rmh,Layanan Pengiriman STNK ke Rumah,"rumah, langsung, kirim, stnk, samsat",Positif,0.512
2843,cepat dan mudah makasih,Topik Tidak Relevan,Tidak Ditemukan,Positif,0.998
2844,cepet,Topik Tidak Relevan,Tidak Ditemukan,Positif,0.799
2845,pelayanan memuaskan,Kualitas Pelayanan dan Antrean di Samsat,"layan, antri, samsat, masyarakat, respon",Positif,0.981
2846,Mantap bagus tingkatkan lagi semoga lancar terus membuat permudah transaksi terimakasih yang sudah membuat aplikasi ini semoga di beri kelancaran dan kesehatan berkarya terus demi kelancaran bertransaksi khususnya kota masyarakat DKI JAKARTA,Permintaan Bantuan dan Saran Peningkatan,"bantu, tingkat, proses, samsat, rantau",Positif,0.999
2847,Aplikasi yg sangat membantu untuk pajak tahunan,Pembayaran Pajak Kendaraan Online,"bayar, pajak, kendara, tahun, online",Positif,0.829
2848,cepat hemat waktu Pokoknya yess,Layanan Jasa Kurir Pengiriman,"pos, kirim, via, indonesia, guna",Positif,0.999
2849,oke tinggal di print mandiri,Perpanjangan STNK 5 Tahunan (Ganti Plat),"stnk, panjang, samsat, ganti, plat",Positif,0.944
2850,lumayan cepet sekitar minggu an,Layanan Pengiriman STNK ke Rumah,"rumah, langsung, kirim, stnk, samsat",Positif,0.537
2851,proses cepat alhamdulilah,Proses dan Durasi Pengiriman STNK,"kirim, proses, stnk, tanggal, minggu",Positif,0.986
2852,dengan aplikasi sangat membantu,Topik Tidak Relevan,Tidak Ditemukan,Positif,0.927
2853,benar benar bagus aplikasinya dari maret saya bayar pajak di aplikasi ini sampe sekarang stnk saya ga nyampe nyampe di lihat ke samsat katanya ada masalah ga bisa pula langsung di cetak ya uang udah melayang ini makanya pak buk bikin aplikasi yg berguna lah jangan yg memperibet mau maju malah tambah buntu bner bner ga jelas saran saya kalo ada yg mau bayar pake aplikasi urung aja niatnya soalnya kaya saya ntar tambah ga jelas stnknya,Perpanjangan STNK 5 Tahunan (Ganti Plat),"stnk, panjang, samsat, ganti, plat",Negatif,0.971
2854,d lapor pun percuma endingx masalah ga d slsai,Topik Tidak Relevan,Tidak Ditemukan,Negatif,0.989
2855,Sangat membantu sekali langsung di terima di rumah,Layanan Pengiriman STNK ke Rumah,"rumah, langsung, kirim, stnk, samsat",Positif,0.996
2856,gk bisa tambah kendaraan,Rincian Biaya Administrasi dan Transaksi,"kali, daftar, biaya, transaksi, ktp",Netral,0.787
2857,aplikasi bagus banget good job,Topik Tidak Relevan,Tidak Ditemukan,Positif,0.999
2858,cepat mudah praktis terimakasih Samsat Jaktim,Perbandingan Layanan Online vs. Kantor Samsat,"kantor, samsat, online, daerah, kota",Positif,1.0
2859,mantap sangat membantu,Topik Tidak Relevan,Tidak Ditemukan,Positif,0.999
2860,mantap n mudah gak pake ribet,Topik Tidak Relevan,Tidak Ditemukan,Positif,1.0
2861,Alhamdulillah sampai dengan selamat,Perpanjangan STNK 5 Tahunan (Ganti Plat),"stnk, panjang, samsat, ganti, plat",Positif,0.999
2862,Aplikasi sangat membantu buat yang males antre,Fitur dan Layanan Bantuan Aplikasi,"bikin, sistem, antar, chat, cek",Positif,0.979
2863,praktis dan cepat,Topik Tidak Relevan,Tidak Ditemukan,Positif,0.998
2864,ini semua polisi di daerah manapun tau kan pembayaran ini biar pas razia no drama tanpa cap,Perbandingan Layanan Online vs. Kantor Samsat,"kantor, samsat, online, daerah, kota",Netral,0.847
2865,mantap cepat dan simpel,Topik Tidak Relevan,Tidak Ditemukan,Positif,1.0
2866,mempermudah pembayaran pajak tidak perlu antri lagi,Pembayaran Pajak Kendaraan Online,"bayar, pajak, kendara, tahun, online",Positif,0.998
2867,semoga bug nya diperbaiki lagi,Topik Tidak Relevan,Tidak Ditemukan,Netral,0.982
2868,APLIKASI TIDAK BISA DIGUNAKAN,Layanan Jasa Kurir Pengiriman,"pos, kirim, via, indonesia, guna",Negatif,0.479
2869,harus diambil sendiri ke pos,Layanan Jasa Kurir Pengiriman,"pos, kirim, via, indonesia, guna",Netral,0.627
2870,aplikasi pro rakyat,Topik Tidak Relevan,Tidak Ditemukan,Negatif,0.79
2871,Nah begini dong sdh jaman digital ga perlu ke samsat lagi tidak perlu antri dan menghemat waktu meminimalisir calo juga,Kualitas Pelayanan dan Antrean di Samsat,"layan, antri, samsat, masyarakat, respon",Positif,0.907
2872,bagus banget,Topik Tidak Relevan,Tidak Ditemukan,Positif,0.922
2873,sangat memudahkan masyarakat,Kualitas Pelayanan dan Antrean di Samsat,"layan, antri, samsat, masyarakat, respon",Positif,0.865
2874,tambahan sih kalau bisa untuk kendaraan belum balik nama juga harusnya bisa di daftarkan tanpa harus ada ktp pemilik pertama,Rincian Biaya Administrasi dan Transaksi,"kali, daftar, biaya, transaksi, ktp",Netral,0.87
2875,cukup BPKB dan KK aja yang di butuhkan,Proses Pengurusan via Aplikasi SIGNAL,"signal, urus, samsat, digital, ambil",Netral,0.716
2876,terimakasih sangat terbantu dengan apaikasi nie,Topik Tidak Relevan,Tidak Ditemukan,Positif,0.996
2877,tolong berbaik aplikasi nya,Topik Tidak Relevan,Tidak Ditemukan,Netral,0.841
2878,Alhamdulillah bayar pajaknya Aman sampai tujuan,Pembayaran Pajak Kendaraan Online,"bayar, pajak, kendara, tahun, online",Positif,0.999
2879,Aplikasinya pabelit udh milih dikirim lewat pos ditunggu minggu gak datang di chat katanya suruh ambil di samsat,Proses dan Durasi Pengiriman STNK,"kirim, proses, stnk, tanggal, minggu",Negatif,0.996
2880,Live chat yg jawab mesin,Fitur dan Layanan Bantuan Aplikasi,"bikin, sistem, antar, chat, cek",Negatif,0.995
2881,Mending sapawarga,Topik Tidak Relevan,Tidak Ditemukan,Negatif,0.687
2882,Ongkir hangus,Rincian Biaya Administrasi dan Transaksi,"kali, daftar, biaya, transaksi, ktp",Negatif,0.867
2883,sudah melakukan pembayaran via aplikasi tepi keterangan pajak belum terbayar,Pembayaran Pajak Kendaraan Online,"bayar, pajak, kendara, tahun, online",Negatif,0.573
2884,Sangat memudahkan saya dalam pembayaran pajak kendaraan ga perlu antri ke samsat,Pembayaran Pajak Kendaraan Online,"bayar, pajak, kendara, tahun, online",Positif,0.985
2885,sangat memudahkan dan efektif,Topik Tidak Relevan,Tidak Ditemukan,Positif,0.969
2886,Puas dengan Pelayan nya,Kualitas Pelayanan dan Antrean di Samsat,"layan, antri, samsat, masyarakat, respon",Positif,0.992
2887,Terima Kasih POLISI SELALU DI HATI,Fitur dan Layanan Bantuan Aplikasi,"bikin, sistem, antar, chat, cek",Positif,0.946
2888,surat pajak saya blm datang ke rumah dri bulan lalu,Layanan Pengiriman STNK ke Rumah,"rumah, langsung, kirim, stnk, samsat",Positif,0.886
2889,sangan memuaskan,Fitur dan Layanan Bantuan Aplikasi,"bikin, sistem, antar, chat, cek",Positif,0.991
2890,bayar cepat tanpa calo mantabbb,Pembayaran Pajak Kendaraan Online,"bayar, pajak, kendara, tahun, online",Positif,0.975
2891,ALHAMDULILLAH DENGAN ADA NYA APLIKASI INI BAYAR PAJAK GAK PERLU REPOT DAN GAK KENA PUNGLI LAGI,Pembayaran Pajak Kendaraan Online,"bayar, pajak, kendara, tahun, online",Positif,0.999
2892,lebih simple dan sangat bermanfaat,Topik Tidak Relevan,Tidak Ditemukan,Positif,0.998
2893,Mempermudah proses pembayaran pajak kendaraan tanpa antri,Pembayaran Pajak Kendaraan Online,"bayar, pajak, kendara, tahun, online",Positif,0.995
2894,lebih mempermudah pembayaran pajak yg ganti kaleng juga harus bisa onlain jadi yg sibuk tidak usah antri lagi d samsat,Pembayaran Pajak Kendaraan Online,"bayar, pajak, kendara, tahun, online",Positif,0.902
2895,oce mantap,Topik Tidak Relevan,Tidak Ditemukan,Positif,0.99
2896,signal memudahkan pbayaran pajak kendaraan anda terutama jika kalian berada diluar domisili,Pembayaran Pajak Kendaraan Online,"bayar, pajak, kendara, tahun, online",Positif,0.872
2897,pelayanan baik,Kualitas Pelayanan dan Antrean di Samsat,"layan, antri, samsat, masyarakat, respon",Positif,0.498
2898,Proses cepet,Proses dan Durasi Pengiriman STNK,"kirim, proses, stnk, tanggal, minggu",Positif,0.877
2899,bagaimana cara menambah data kendaraan bermotor tapi pemilik bukan dalam kartu keluarga,Rincian Biaya Administrasi dan Transaksi,"kali, daftar, biaya, transaksi, ktp",Netral,0.844
2900,mbulet sdh bayar pajak juga masih belum aktif,Pembayaran Pajak Kendaraan Online,"bayar, pajak, kendara, tahun, online",Negatif,0.74
2901,alkhamdulillah mudah dan ga cape cape ngantri,Kualitas Pelayanan dan Antrean di Samsat,"layan, antri, samsat, masyarakat, respon",Positif,0.999
2902,daftar ke aplikasinya prosesnya lama giliran udah bisa kode OTPnya ga muncul,Proses dan Durasi Pengiriman STNK,"kirim, proses, stnk, tanggal, minggu",Negatif,0.998
2903,Alhamdulillah sangat terbantu tdk usah antri di TKP yg kebetulan saya masih ada anak bayi besar yg kemana mana harus ikut ibunya Terima kasih,Perbandingan Layanan Online vs. Kantor Samsat,"kantor, samsat, online, daerah, kota",Positif,1.0
2904,Udah tahun ke saya bayar pajak lewat Aplikasi ini sangat membantu sekali,Pembayaran Pajak Kendaraan Online,"bayar, pajak, kendara, tahun, online",Netral,0.809
2905,alhamdulillah dokumen asli dari samsat daerah sudah nyanpe rumah,Perbandingan Layanan Online vs. Kantor Samsat,"kantor, samsat, online, daerah, kota",Positif,0.997
2906,qo pengembalian dana pembayaran pajak lama sekali ya udah hambir bln gk ada kabar,Pembayaran Pajak Kendaraan Online,"bayar, pajak, kendara, tahun, online",Negatif,0.799
2907,Layanan cepat dan sangat membantu,Kualitas Pelayanan dan Antrean di Samsat,"layan, antri, samsat, masyarakat, respon",Positif,0.998
2908,Upload foto saja gagal terus,Proses Pengurusan via Aplikasi SIGNAL,"signal, urus, samsat, digital, ambil",Negatif,0.993
2909,Paraaah paraaah memang kayaknya SDM nya belum siap dengan era digital kalau belum siap dengan aplikasi online ya jangan membuat aplikasi digital,Proses Pengurusan via Aplikasi SIGNAL,"signal, urus, samsat, digital, ambil",Negatif,0.997
2910,Buang buang uang negara saja,Kualitas Pelayanan dan Antrean di Samsat,"layan, antri, samsat, masyarakat, respon",Negatif,0.904
2911,monmaap nih mau bayar susah mulu ga keluar kode pembayarannya,Pembayaran Pajak Kendaraan Online,"bayar, pajak, kendara, tahun, online",Negatif,0.998
2912,pelayanan cepat dan mudah,Kualitas Pelayanan dan Antrean di Samsat,"layan, antri, samsat, masyarakat, respon",Positif,0.998
2913,jumblah pembayaran tetap sama,Pembayaran Pajak Kendaraan Online,"bayar, pajak, kendara, tahun, online",Netral,0.803
2914,tapi sangat di sayangkan stiker barcode malah di tiadakan,Perpanjangan STNK 5 Tahunan (Ganti Plat),"stnk, panjang, samsat, ganti, plat",Negatif,0.939
2915,pengiriman lama banget sesama jaktim aja hari,Proses dan Durasi Pengiriman STNK,"kirim, proses, stnk, tanggal, minggu",Negatif,0.978
2916,sangat membatu tidak perlu izin atau meliburkan diri bayar pajak,Pembayaran Pajak Kendaraan Online,"bayar, pajak, kendara, tahun, online",Positif,0.975
2917,bisa sambil kerja,Topik Tidak Relevan,Tidak Ditemukan,Netral,0.533
2918,mau daftar buat akun aja susahnya minta ampun di tolak mulu padahal foto KTP selfie udah jelas banget tidak blur,Kendala Teknis Aplikasi (Loading),"orang, sibuk, data, bayar, bank",Negatif,0.999
2919,Anehhhh langsung hapus,Layanan Pengiriman STNK ke Rumah,"rumah, langsung, kirim, stnk, samsat",Negatif,0.484
2920,aplikasi paling lemot.dari tgl April sampai mei STNK belum diproses,Proses dan Durasi Pengiriman STNK,"kirim, proses, stnk, tanggal, minggu",Negatif,0.99
2921,parahhhhhh,Topik Tidak Relevan,Tidak Ditemukan,Negatif,0.604
2922,INI GIMANA OII MAU BAYAR PAJAK MALAH PENGESAHAN GAGAL TRUS CS JG DIEMAIL GADA BLSAN,Pembayaran Pajak Kendaraan Online,"bayar, pajak, kendara, tahun, online",Negatif,0.993
2923,LIVE CHAT CUMA BOTT UDAH APLIKASI BUKAN MAKIN BENER MALAH AMBURADUL,Fitur dan Layanan Bantuan Aplikasi,"bikin, sistem, antar, chat, cek",Negatif,0.995
2924,GIMANA NI KANG DEDIIIII,Topik Tidak Relevan,Tidak Ditemukan,Negatif,0.855
2925,sungguh sangat membantu,Topik Tidak Relevan,Tidak Ditemukan,Positif,0.976
2926,saya bayar pajak disini dan saya pilih dikirimkan via pos plus bayar ongkirnya tapi kok gk pernah dikirimkan,Layanan Jasa Kurir Pengiriman,"pos, kirim, via, indonesia, guna",Negatif,0.901
2927,sudah kali saya bayar tapi gk dikirimkan padahal saya sudah pilih fitur dikirimkan ke alamat rumah,Proses dan Durasi Pengiriman STNK,"kirim, proses, stnk, tanggal, minggu",Negatif,0.514
2928,kalau gitu mending saya pilih tidak jadi saya kan kagak rugi ongkir,Rincian Biaya Administrasi dan Transaksi,"kali, daftar, biaya, transaksi, ktp",Negatif,0.979
2929,sedikit saran bagi pihak berwajib kalau ingin mempermudah rakyat tolong diseriusin jangan setengah saya kasih bintang agar ada dipaling agar bisa dibaca,Perbandingan Layanan Online vs. Kantor Samsat,"kantor, samsat, online, daerah, kota",Negatif,0.526
2930,aplikasi sialan sdh masukin NIK nama lengkap no telp foto ktp mentok di foto wajah alasan nya data gak sesuai sdh di coba berulang ulang sama aja saya UNINSTALL LAGI ribet aswwww,Kendala Teknis Aplikasi (Loading),"orang, sibuk, data, bayar, bank",Negatif,0.983
2931,cepet banget nyampe nya,Topik Tidak Relevan,Tidak Ditemukan,Positif,0.839
2932,bagus sangat membantu banget,Topik Tidak Relevan,Tidak Ditemukan,Positif,0.997
2933,alhamdulillah ga usah antri,Kualitas Pelayanan dan Antrean di Samsat,"layan, antri, samsat, masyarakat, respon",Positif,0.999
2934,cukup bayar di rumah,Layanan Pengiriman STNK ke Rumah,"rumah, langsung, kirim, stnk, samsat",Positif,0.699
2935,sangat membantu bagi kita yang sibuk,Kendala Teknis Aplikasi (Loading),"orang, sibuk, data, bayar, bank",Positif,0.947
2936,sangat mudah proses pengiriman cepat hari STNK sudah sampai alamat tujuan.terimakasih,Proses dan Durasi Pengiriman STNK,"kirim, proses, stnk, tanggal, minggu",Positif,0.833
2937,mantap sih ini mah mempermudah banget,Perpanjangan STNK 5 Tahunan (Ganti Plat),"stnk, panjang, samsat, ganti, plat",Positif,0.998
2938,mantap dan terpercaya,Topik Tidak Relevan,Tidak Ditemukan,Positif,0.999
2939,bagus aplikasi ny SKPD cepet sampe sekitar harian,Perpanjangan STNK 5 Tahunan (Ganti Plat),"stnk, panjang, samsat, ganti, plat",Positif,0.994
2940,cakep dh g pke repot antri ke kntor samsat bayr online lgsung diantr smpe rmh,Layanan Pengiriman STNK ke Rumah,"rumah, langsung, kirim, stnk, samsat",Positif,0.995
2941,kinerja dinas samsat sangat luar biasa,Perbandingan Layanan Online vs. Kantor Samsat,"kantor, samsat, online, daerah, kota",Netral,0.468
2942,pelayanan cepat sesuai harapan,Kualitas Pelayanan dan Antrean di Samsat,"layan, antri, samsat, masyarakat, respon",Positif,0.936
2943,proses sangat cepat sangat mambantu,Proses dan Durasi Pengiriman STNK,"kirim, proses, stnk, tanggal, minggu",Positif,0.914
2944,Sangat Mudah dan Simpel,Topik Tidak Relevan,Tidak Ditemukan,Positif,0.991
2945,Sangat membantu kami pak Terima kasih,Topik Tidak Relevan,Tidak Ditemukan,Positif,0.992
2946,nyesal bayar online udah bulan lebih stnk saya belum dikirim juga,Proses dan Durasi Pengiriman STNK,"kirim, proses, stnk, tanggal, minggu",Negatif,0.94
2947,mantapppp,Topik Tidak Relevan,Tidak Ditemukan,Positif,0.816
2948,berhasil,Topik Tidak Relevan,Tidak Ditemukan,Negatif,0.603
2949,pelayanan bagus respon cepat dan baik pengiriman juga cepat,Kualitas Pelayanan dan Antrean di Samsat,"layan, antri, samsat, masyarakat, respon",Positif,0.999
2950,Proses cepat pengiriman juga cepat,Proses dan Durasi Pengiriman STNK,"kirim, proses, stnk, tanggal, minggu",Positif,0.959
2951,ternyata LBH enak online ga hrs cape antri terimakasih signal,Proses Pengurusan via Aplikasi SIGNAL,"signal, urus, samsat, digital, ambil",Positif,0.995
2952,bagus STNK di kirim kerumah harian,Layanan Pengiriman STNK ke Rumah,"rumah, langsung, kirim, stnk, samsat",Positif,0.878
2953,pengiriman cepat semoga bisa lebih baik lagi dan terkoneksi dengan pihak lain,Proses dan Durasi Pengiriman STNK,"kirim, proses, stnk, tanggal, minggu",Netral,0.533
2954,Alhamdulillah cepat gak sampe seminggu sudah langsung jadi,Layanan Pengiriman STNK ke Rumah,"rumah, langsung, kirim, stnk, samsat",Positif,0.999
2955,jadi GK perlu datang ke Samsat langsung,Layanan Pengiriman STNK ke Rumah,"rumah, langsung, kirim, stnk, samsat",Positif,0.908
2956,mungkin perlu di tingkatkan lagi untuk waktu pengiriman nya supaya bisa di percepat,Permintaan Bantuan dan Saran Peningkatan,"bantu, tingkat, proses, samsat, rantau",Netral,0.842
2957,kadang suka lambat masih perlu ditingkatkan agar lebih mempermudah dan mempercepat,Permintaan Bantuan dan Saran Peningkatan,"bantu, tingkat, proses, samsat, rantau",Positif,0.642
2958,good apps sangat membantu,Topik Tidak Relevan,Tidak Ditemukan,Positif,1.0
2959,sangat membantu dan prosesnya cepat jg,Proses dan Durasi Pengiriman STNK,"kirim, proses, stnk, tanggal, minggu",Positif,0.994
2960,Alhamdulillah coba perdana dan simple,Topik Tidak Relevan,Tidak Ditemukan,Positif,0.992
2961,semoga bisa lebih cepat pengirimnya,Proses dan Durasi Pengiriman STNK,"kirim, proses, stnk, tanggal, minggu",Positif,0.679
2962,dan yang utama jangan ada lagi pajak atau dimurahkan yaa,Pembayaran Pajak Kendaraan Online,"bayar, pajak, kendara, tahun, online",Netral,0.755
2963,sering lemot sistemnya semoga lebih bagus kedepannya,Fitur dan Layanan Bantuan Aplikasi,"bikin, sistem, antar, chat, cek",Positif,0.416
2964,ok banget gak perlu repot repot ke samsat,Perbandingan Layanan Online vs. Kantor Samsat,"kantor, samsat, online, daerah, kota",Positif,0.999
2965,tinggal nunggu pak pos dateng,Layanan Jasa Kurir Pengiriman,"pos, kirim, via, indonesia, guna",Netral,0.861
2966,Tahun tiba signal bermasalah,Proses Pengurusan via Aplikasi SIGNAL,"signal, urus, samsat, digital, ambil",Netral,0.901
2967,Awal Mei tiba loading terus utk mendapatkan kode bayar,Proses dan Durasi Pengiriman STNK,"kirim, proses, stnk, tanggal, minggu",Negatif,0.99
2968,Lalu ada notifikasi Pengesahan STNK Tidak Bisa Didaftarkan,Rincian Biaya Administrasi dan Transaksi,"kali, daftar, biaya, transaksi, ktp",Negatif,0.993
2969,Saya email pengaduan bbrp hari tidak ada respons,Layanan Jasa Kurir Pengiriman,"pos, kirim, via, indonesia, guna",Negatif,0.975
2970,Setelah direspons katanya pembayaran pajak harus ke samsat,Pembayaran Pajak Kendaraan Online,"bayar, pajak, kendara, tahun, online",Negatif,0.745
2971,Lah lalu utk apa dibuat signal mengapa malah mundur begini pelayanannya,Proses Pengurusan via Aplikasi SIGNAL,"signal, urus, samsat, digital, ambil",Netral,0.925
2972,ok ajib,Topik Tidak Relevan,Tidak Ditemukan,Positif,0.501
2973,Aplikasi mudah digunakan dan praktis,Layanan Jasa Kurir Pengiriman,"pos, kirim, via, indonesia, guna",Positif,0.995
2974,Sangat memudahkan dalam pengurusan pengesahan STNK,Perpanjangan STNK 5 Tahunan (Ganti Plat),"stnk, panjang, samsat, ganti, plat",Positif,0.828
2975,Muantap,Topik Tidak Relevan,Tidak Ditemukan,Positif,0.78
2976,Pelayanan super cepat,Kualitas Pelayanan dan Antrean di Samsat,"layan, antri, samsat, masyarakat, respon",Positif,0.985
2977,saya pilih di antar,Fitur dan Layanan Bantuan Aplikasi,"bikin, sistem, antar, chat, cek",Netral,0.42
2978,cuma hari langsung sampai rumah,Layanan Pengiriman STNK ke Rumah,"rumah, langsung, kirim, stnk, samsat",Positif,0.922
2979,sangat membantu saya disaat saya tidak sempat antri di samsat trimakasih samsat online,Perbandingan Layanan Online vs. Kantor Samsat,"kantor, samsat, online, daerah, kota",Positif,0.998
2980,Sangat membantu sekali bayar pajak cukup dari rumah hemat waktu,Pembayaran Pajak Kendaraan Online,"bayar, pajak, kendara, tahun, online",Positif,0.991
2981,Mantab prosedurnya tidak membingungkan pengguna dan pembayaran untuk pengesahan E STNK tidak memerlukan waktu yang lama,Perpanjangan STNK 5 Tahunan (Ganti Plat),"stnk, panjang, samsat, ganti, plat",Positif,0.886
2982,kurir cukup ramah,Proses Pengurusan via Aplikasi SIGNAL,"signal, urus, samsat, digital, ambil",Negatif,0.468
2983,pengiriman tepat waktu,Proses dan Durasi Pengiriman STNK,"kirim, proses, stnk, tanggal, minggu",Negatif,0.471
2984,Alhamdulillah Terimakasih,Topik Tidak Relevan,Tidak Ditemukan,Positif,0.999
2985,aplikasi mudah dan cepat untuk perpanjangan STNK tahunan,Perpanjangan STNK 5 Tahunan (Ganti Plat),"stnk, panjang, samsat, ganti, plat",Positif,0.981
2986,Alhamdulillah mendarat dengan selamat thank you signal samsat thank you pak pos Pertahankan,Perpanjangan STNK 5 Tahunan (Ganti Plat),"stnk, panjang, samsat, ganti, plat",Positif,1.0
2987,Pelayanan sangat bagus STNK sudah diterima dengan baik Pengiriman Cepat,Proses dan Durasi Pengiriman STNK,"kirim, proses, stnk, tanggal, minggu",Positif,0.992
2988,lebih simple dan mudah,Topik Tidak Relevan,Tidak Ditemukan,Positif,0.998
2989,Memudahkan moga aplikasi nya lebih di permudah lagi dan di percepatan pengiriman nya,Proses dan Durasi Pengiriman STNK,"kirim, proses, stnk, tanggal, minggu",Positif,0.996
2990,Aplikasi signal sangat membantu dalam proses perpanjangan pajak kendaraan bermotor,Pembayaran Pajak Kendaraan Online,"bayar, pajak, kendara, tahun, online",Positif,0.976
2991,bisa dianter sampai rumah,Layanan Pengiriman STNK ke Rumah,"rumah, langsung, kirim, stnk, samsat",Positif,0.93
2992,top markotop,Topik Tidak Relevan,Tidak Ditemukan,Positif,0.985
2993,mempermudah dalam pembayaran pajak tapi pengiriman terlalu lama kalau bisa tolong dipercepat,Pembayaran Pajak Kendaraan Online,"bayar, pajak, kendara, tahun, online",Netral,0.425
2994,baru coba kasih bintang dulu,Topik Tidak Relevan,Tidak Ditemukan,Netral,0.913
2995,kereen bisa dengan mudah membayar pajak tanpa harus ke kantor dan bisa di antar langsung ke alamat tujuan,Pembayaran Pajak Kendaraan Online,"bayar, pajak, kendara, tahun, online",Positif,0.994
2996,kadang erorr suka nggak bisa apply dan gagal,Permintaan Bantuan dan Saran Peningkatan,"bantu, tingkat, proses, samsat, rantau",Negatif,0.995
2997,mantap perpanjang bayar pajak tahunan bisa sambil ngopi dan hasil nya tinggal tunggu di rumah top sekali lah,Pembayaran Pajak Kendaraan Online,"bayar, pajak, kendara, tahun, online",Positif,0.996
2998,semoga untuk tahuna juga bisa lebih di permudah,Topik Tidak Relevan,Tidak Ditemukan,Netral,0.652
2999,mantafff jiwa,Topik Tidak Relevan,Tidak Ditemukan,Positif,0.949
3000,cs kurang memberikan solusi,Kendala Teknis Aplikasi (Loading),"orang, sibuk, data, bayar, bank",Netral,0.762
3001,layanannya cepat top bgt signal,Proses Pengurusan via Aplikasi SIGNAL,"signal, urus, samsat, digital, ambil",Positif,0.999
3002,Poin penting pembayaran harus di hari kerja ternyata sangat baik pelayanan tanggapannya cepat dan mudah pendaftaran nya prosesnya pun cepat,Rincian Biaya Administrasi dan Transaksi,"kali, daftar, biaya, transaksi, ktp",Positif,0.535
3003,Biar bintang bicara,Topik Tidak Relevan,Tidak Ditemukan,Netral,0.648
3004,aah,Topik Tidak Relevan,Tidak Ditemukan,Netral,0.745
3005,memudah kan sekaliii,Topik Tidak Relevan,Tidak Ditemukan,Positif,0.914
3006,apikasi gk gunaa mau bayaR STNK gk bisa pdhl udh bener semua Data nya Gagal terus,Kendala Teknis Aplikasi (Loading),"orang, sibuk, data, bayar, bank",Negatif,0.956
3007,Sangat berguna bagi orang yang tidak sempat waktu ke kantor samsat,Perbandingan Layanan Online vs. Kantor Samsat,"kantor, samsat, online, daerah, kota",Netral,0.574
3008,sangat cepat dan mudah untuk pengajuan,Topik Tidak Relevan,Tidak Ditemukan,Positif,0.982
3009,Alhamdulillah ng sampe seminggu STNK sudah datang,Proses dan Durasi Pengiriman STNK,"kirim, proses, stnk, tanggal, minggu",Positif,0.65
3010,ini pertama kalinya,Rincian Biaya Administrasi dan Transaksi,"kali, daftar, biaya, transaksi, ktp",Netral,0.429
3011,untuk selanjutnya lewat ini aja,Permintaan Bantuan dan Saran Peningkatan,"bantu, tingkat, proses, samsat, rantau",Positif,0.542
3012,good aplikasi good service,Topik Tidak Relevan,Tidak Ditemukan,Positif,0.999
3013,tinggal tunggu berkas sampai ke rumah sdh dua kali pajak via ap signal,Proses Pengurusan via Aplikasi SIGNAL,"signal, urus, samsat, digital, ambil",Positif,0.935
3014,lebih memudahkan,Topik Tidak Relevan,Tidak Ditemukan,Positif,0.982
3015,bagus mempermudah pembayaran,Pembayaran Pajak Kendaraan Online,"bayar, pajak, kendara, tahun, online",Positif,0.992
3016,aplikasi ini sangat membantu untuk orang yg tidak bisa datang langsung ke kantor samsat tinggal bayar dari rumah stnk diantar langsung ke rumah lewat layanan kantor pos,Layanan Pengiriman STNK ke Rumah,"rumah, langsung, kirim, stnk, samsat",Positif,0.966
3017,mantap tingkatkan terus,Permintaan Bantuan dan Saran Peningkatan,"bantu, tingkat, proses, samsat, rantau",Positif,0.95
3018,cepat tanggap mantap pak polisi,Fitur dan Layanan Bantuan Aplikasi,"bikin, sistem, antar, chat, cek",Positif,0.996
3019,hebat samsat sekarang proses cepat ga perlu antri cukup dari rumah udah gitu stnk nya di antar via pos ga antri ga ribet hari kedua udah sampe makasih samsat sip tambah cepat dari mangajukan sampe selesai di terima di rumah hanya hari,Layanan Pengiriman STNK ke Rumah,"rumah, langsung, kirim, stnk, samsat",Positif,0.997
3020,untuk pengaduannya gak jelas asli,Proses dan Durasi Pengiriman STNK,"kirim, proses, stnk, tanggal, minggu",Negatif,0.994
3021,masalah pembayaran melalui tokopedia sudah berhasil namun di aplikasi ini status pembayaraan tidak berubah dan malah kadaluwarsa,Rincian Biaya Administrasi dan Transaksi,"kali, daftar, biaya, transaksi, ktp",Negatif,0.995
3022,pengaduan lewat aplikasi ini di suruh lewat email dan sudah di email beberapa kali pada jam operasional tidak ada jawaban parah,Layanan Jasa Kurir Pengiriman,"pos, kirim, via, indonesia, guna",Negatif,0.995
3023,emng di samsat orng sebanyak itu ngapain ajja sibuk semua atau emng menyibukin diri sendiri ajja,Kendala Teknis Aplikasi (Loading),"orang, sibuk, data, bayar, bank",Negatif,0.969
3024,sudah lakukan pembayaran tpi di status transaksi malah belum dibayar,Rincian Biaya Administrasi dan Transaksi,"kali, daftar, biaya, transaksi, ktp",Negatif,0.839
3025,ditunggu waktunya malah jadi kadaluarsa,Topik Tidak Relevan,Tidak Ditemukan,Netral,0.537
3026,buat pengaduan via chat ujung nya disuruh hubungi samsat setempat,Fitur dan Layanan Bantuan Aplikasi,"bikin, sistem, antar, chat, cek",Negatif,0.998
3027,kalo ujung nya ke samsat buat apa aplikasi ini dibuat,Fitur dan Layanan Bantuan Aplikasi,"bikin, sistem, antar, chat, cek",Negatif,0.69
3028,semua mua Ok,Topik Tidak Relevan,Tidak Ditemukan,Positif,0.469
3029,agak lama pengiriman STNK,Proses dan Durasi Pengiriman STNK,"kirim, proses, stnk, tanggal, minggu",Negatif,0.868
3030,aneh yg bikin aplikasi,Fitur dan Layanan Bantuan Aplikasi,"bikin, sistem, antar, chat, cek",Negatif,0.995
3031,ada kendala di pembayaran,Pembayaran Pajak Kendaraan Online,"bayar, pajak, kendara, tahun, online",Negatif,0.607
3032,di aplikasi signal Ket belum pembayaran tetapi di mbanking sudah kepotong dan di aplikasi signal menjadi kadaluarsa,Proses Pengurusan via Aplikasi SIGNAL,"signal, urus, samsat, digital, ambil",Negatif,0.396
3033,sudah komplain melalui chat yg balas robot,Fitur dan Layanan Bantuan Aplikasi,"bikin, sistem, antar, chat, cek",Negatif,0.995
3034,sudah email pun belum di respon,Layanan Jasa Kurir Pengiriman,"pos, kirim, via, indonesia, guna",Netral,0.472
3035,masa mau duitnya doang,Topik Tidak Relevan,Tidak Ditemukan,Negatif,0.966
3036,tolong dibenerin lagi sistem kerja aplikasi dan layanan pengaduan,Kualitas Pelayanan dan Antrean di Samsat,"layan, antri, samsat, masyarakat, respon",Negatif,0.965
3037,lucu si apk nya pengaduan fungsi nya buat apa kalo ga bener di layani,Proses Pengurusan via Aplikasi SIGNAL,"signal, urus, samsat, digital, ambil",Negatif,0.998
3038,Tidak perlu ribet ribet antri ke kantor pelayanan online sudah sangat mempermudah kami untuk bertransaksi dan juga membayar pajak dari rumah,Pembayaran Pajak Kendaraan Online,"bayar, pajak, kendara, tahun, online",Positif,0.999
3039,tidak bisa melihat riwayat transaksi atau proses di apk jadinya nggak tau sudah di proses apa belum atau sudah di kirim kalau bisa semua transaksi kelihatan di apak terimakasih,Proses dan Durasi Pengiriman STNK,"kirim, proses, stnk, tanggal, minggu",Negatif,0.984
3040,Pelayanan baik dan cepat,Kualitas Pelayanan dan Antrean di Samsat,"layan, antri, samsat, masyarakat, respon",Positif,0.897
3041,pembayaran mudah ditingkatkan untuk pembayaran yang belom balik nama,Pembayaran Pajak Kendaraan Online,"bayar, pajak, kendara, tahun, online",Netral,0.798
3042,kadang app nya nge lag,Permintaan Bantuan dan Saran Peningkatan,"bantu, tingkat, proses, samsat, rantau",Negatif,0.992
3043,thx sekali belum minggu sudah sampai ke rmh jadi lebih mudah tidak usah antri lagi,Layanan Pengiriman STNK ke Rumah,"rumah, langsung, kirim, stnk, samsat",Positif,0.995
3044,thx ya,Permintaan Bantuan dan Saran Peningkatan,"bantu, tingkat, proses, samsat, rantau",Positif,0.839
3045,Good job Signal Samsat,Proses Pengurusan via Aplikasi SIGNAL,"signal, urus, samsat, digital, ambil",Positif,0.999
3046,gak ikhlas bayar pajak,Pembayaran Pajak Kendaraan Online,"bayar, pajak, kendara, tahun, online",Negatif,0.619
3047,aplikasi jelek mau bayar pajak aja masih dipersulit,Pembayaran Pajak Kendaraan Online,"bayar, pajak, kendara, tahun, online",Negatif,0.993
3048,giliran pajak motor ga di bayar yg disalahin yg punya motor,Pembayaran Pajak Kendaraan Online,"bayar, pajak, kendara, tahun, online",Negatif,0.882
3049,okay mantaps,Topik Tidak Relevan,Tidak Ditemukan,Positif,0.957
3050,mantaf memudahkan untuk membayar pajak klo bisa untuk yg tahunan juga bisa dibayar lewat signal,Pembayaran Pajak Kendaraan Online,"bayar, pajak, kendara, tahun, online",Positif,0.856
3051,ini gimana ya udah di bayar melalui Indomaret tapi di status aplikasi blum di bayar aneh banget aplikasinya nomor cantik gaada mau komplain cuma bisa via chat itupun sama robot gaada gunanya,Layanan Jasa Kurir Pengiriman,"pos, kirim, via, indonesia, guna",Negatif,0.994
3052,bagus memudahkan konsumen jadi ga perlu harus ngantri ke loket terimakasih admin,Kualitas Pelayanan dan Antrean di Samsat,"layan, antri, samsat, masyarakat, respon",Positif,1.0
3053,oke mantap,Topik Tidak Relevan,Tidak Ditemukan,Positif,0.998
3054,Kenapa ya kalau bayar offline sangat dipersusah karena beda alamat KTP yg tercantum d stnk dgn alamat KTP sekarang,Proses dan Durasi Pengiriman STNK,"kirim, proses, stnk, tanggal, minggu",Negatif,0.975
3055,Signal sangat bagus,Proses Pengurusan via Aplikasi SIGNAL,"signal, urus, samsat, digital, ambil",Positif,0.86
3056,Aplikasi yang memudahkan konsumen semoga banyak aplikasi yang memudahkan masyarakat seperti SIGNAL,Proses Pengurusan via Aplikasi SIGNAL,"signal, urus, samsat, digital, ambil",Positif,0.944
3057,luar biasa prosesnya cepat tingkatkan lagi biar bisa blokir nopol di aplikasinya kalo gini gak perlu pakai biro jasa atau takut ada pungli.l,Permintaan Bantuan dan Saran Peningkatan,"bantu, tingkat, proses, samsat, rantau",Netral,0.808
3058,Aplikasi pemerintah yang sangat berguna,Layanan Jasa Kurir Pengiriman,"pos, kirim, via, indonesia, guna",Positif,0.457
3059,sangat membantu tidak perlu antri dan diantar ke rumah,Layanan Pengiriman STNK ke Rumah,"rumah, langsung, kirim, stnk, samsat",Positif,0.999
3060,pelayanan cukup bagus,Kualitas Pelayanan dan Antrean di Samsat,"layan, antri, samsat, masyarakat, respon",Positif,0.972
3061,tp sedikit saran utk keterangan pengiriman di cantumkan keterangan estimasi tanggal nya agar tidak jd kekhawatiran atau ketidakpastian kedatangan,Proses dan Durasi Pengiriman STNK,"kirim, proses, stnk, tanggal, minggu",Netral,0.901
3062,dengan ada nya aplikasi ini jadi lebih mudah untuk bayar pajak,Pembayaran Pajak Kendaraan Online,"bayar, pajak, kendara, tahun, online",Positif,0.944
3063,Pelayanan yang cepat dan mudah sangat membantu yang tidak bisa langsung ke Samsat,Kualitas Pelayanan dan Antrean di Samsat,"layan, antri, samsat, masyarakat, respon",Positif,1.0
3064,Sat set anti ribet,Kualitas Pelayanan dan Antrean di Samsat,"layan, antri, samsat, masyarakat, respon",Positif,0.999
3065,alhamdulillah STNK saya telah sampai ga hrs ngantri lagi,Kualitas Pelayanan dan Antrean di Samsat,"layan, antri, samsat, masyarakat, respon",Positif,0.999
3066,lumayan ngirit biaya dn waktu,Rincian Biaya Administrasi dan Transaksi,"kali, daftar, biaya, transaksi, ktp",Negatif,0.907
3067,pengiramannya seminggu lebih hmm,Proses dan Durasi Pengiriman STNK,"kirim, proses, stnk, tanggal, minggu",Negatif,0.931
3068,pengiriman lambat dan juga seperti nya tidak di perhatikan oleh para pekerja nya,Proses dan Durasi Pengiriman STNK,"kirim, proses, stnk, tanggal, minggu",Negatif,0.989
3069,duit aja tau,Perbandingan Layanan Online vs. Kantor Samsat,"kantor, samsat, online, daerah, kota",Negatif,0.891
3070,mantap keren,Topik Tidak Relevan,Tidak Ditemukan,Positif,0.998
3071,Gagal mulu pas daftar data ktp tidak sesuai,Rincian Biaya Administrasi dan Transaksi,"kali, daftar, biaya, transaksi, ktp",Negatif,0.999
3072,joooos gandoos kotoos kotoos hari langsung jadi,Layanan Pengiriman STNK ke Rumah,"rumah, langsung, kirim, stnk, samsat",Positif,0.991
3073,cepat mudah ga perlu antri,Kualitas Pelayanan dan Antrean di Samsat,"layan, antri, samsat, masyarakat, respon",Positif,0.999
3074,lambat pelayanan dan pengiriman nya walaupun pake yg express,Layanan Pengiriman STNK ke Rumah,"rumah, langsung, kirim, stnk, samsat",Negatif,0.995
3075,sangat memudahkan dalam pembayaran pajak tahunan kendaraan bermotor,Pembayaran Pajak Kendaraan Online,"bayar, pajak, kendara, tahun, online",Netral,0.473
3076,sekarang aplikasi y jauh lebih baik,Topik Tidak Relevan,Tidak Ditemukan,Netral,0.396
3077,terima kasih developer seluruh jajaran yang bertugas,Fitur dan Layanan Bantuan Aplikasi,"bikin, sistem, antar, chat, cek",Positif,0.95
3078,semakin baik,Topik Tidak Relevan,Tidak Ditemukan,Netral,0.877
3079,bisa kirim lewat pos juga,Layanan Jasa Kurir Pengiriman,"pos, kirim, via, indonesia, guna",Negatif,0.836
3080,Karna pertama kali coba jadi agak lama di pengiriman tp jadi lebih mudah dan TDK perlu ke Samsat untk bayar pajak kendaraan,Pembayaran Pajak Kendaraan Online,"bayar, pajak, kendara, tahun, online",Positif,0.587
3081,Mudah dan lebih efisien,Topik Tidak Relevan,Tidak Ditemukan,Positif,0.999
3082,sangat membantuu,Topik Tidak Relevan,Tidak Ditemukan,Positif,0.561
3083,OK sangat membantu masyarakat,Kualitas Pelayanan dan Antrean di Samsat,"layan, antri, samsat, masyarakat, respon",Positif,0.958
3084,Sudah baik tanpa ribet tanpa ngantri,Kualitas Pelayanan dan Antrean di Samsat,"layan, antri, samsat, masyarakat, respon",Positif,0.957
3085,aplikasi mudah di akses proses lumayan mudah pengiriman lumayan cepat,Proses dan Durasi Pengiriman STNK,"kirim, proses, stnk, tanggal, minggu",Positif,0.973
3086,Sangat membantu sekali sudah sekalian kali menggunakan aplikasi ini utk bayar pajak tahunan,Pembayaran Pajak Kendaraan Online,"bayar, pajak, kendara, tahun, online",Positif,0.641
3087,Semoga tambah baik lagi kedepannya,Rincian Biaya Administrasi dan Transaksi,"kali, daftar, biaya, transaksi, ktp",Netral,0.994
3088,pelayanan sudah oke cuman permasalahannya ada pengiriman sangatsangat lama mudah an bisa di evaluasi dan bekerjasama dengan jasa pengiriman yang lebih bagus daripada yang ini,Layanan Jasa Kurir Pengiriman,"pos, kirim, via, indonesia, guna",Negatif,0.986
3089,Terimakasih banyak semoga menjadi lebih baik lagi,Topik Tidak Relevan,Tidak Ditemukan,Positif,0.968
3090,Keren Bayar pajak jadi mudah dan ga ribet cuma lewat aplikasi Signal aja dan suratnya diantar lewat POS,Pembayaran Pajak Kendaraan Online,"bayar, pajak, kendara, tahun, online",Positif,0.996
3091,Lanjutkan dan tingkatkan terus app nya biar loading dan prosesnya lebih cepat,Permintaan Bantuan dan Saran Peningkatan,"bantu, tingkat, proses, samsat, rantau",Positif,0.915
3092,mudah cepat praktis,Topik Tidak Relevan,Tidak Ditemukan,Positif,0.999
3093,sambil rebhan .tau ada paket dari kantor pos,Perbandingan Layanan Online vs. Kantor Samsat,"kantor, samsat, online, daerah, kota",Negatif,0.917
3094,baguss klo bisa perpanjangan plat stnk online lebih bagus lagi,Perpanjangan STNK 5 Tahunan (Ganti Plat),"stnk, panjang, samsat, ganti, plat",Positif,0.988
3095,bagus untuk kedepanya d percepat penguriman via pos nya kmren hrus nunggu hari sampe di samperin ke kantor pos nya d ambil,Layanan Jasa Kurir Pengiriman,"pos, kirim, via, indonesia, guna",Negatif,0.374
3096,udh sebulan lebih stnk tdk dikirim,Proses dan Durasi Pengiriman STNK,"kirim, proses, stnk, tanggal, minggu",Negatif,0.922
3097,tidak bisa bayar pajak aplikasi jelek kayak instasinya,Pembayaran Pajak Kendaraan Online,"bayar, pajak, kendara, tahun, online",Negatif,0.963
3098,ga pake antrian tgl isi ddk cantik klw menggunakan signal byr pajak ongkirnya tgl ditrima klw sudah selesai dikonfimasi SM expedisinya,Proses dan Durasi Pengiriman STNK,"kirim, proses, stnk, tanggal, minggu",Positif,0.951
3099,Data udah bener foto udah sesuai kerentuan gabisa verif kacaw aplikasinya,Kendala Teknis Aplikasi (Loading),"orang, sibuk, data, bayar, bank",Negatif,0.95
3100,proses cepat gk ribet hari jadi terimakasih,Proses dan Durasi Pengiriman STNK,"kirim, proses, stnk, tanggal, minggu",Positif,0.998
3101,sangat mudah dan pengiriman cepat,Proses dan Durasi Pengiriman STNK,"kirim, proses, stnk, tanggal, minggu",Positif,0.933
3102,sudah daftar tapi gak bisa digunakan,Rincian Biaya Administrasi dan Transaksi,"kali, daftar, biaya, transaksi, ktp",Negatif,0.831
3103,min mimin tolong lah bug nya di benerin,Topik Tidak Relevan,Tidak Ditemukan,Netral,0.932
3104,masa kendaraan sudah validasi dll.kok mau bayar pajak pengesahan tidak berhasil,Pembayaran Pajak Kendaraan Online,"bayar, pajak, kendara, tahun, online",Negatif,0.964
3105,HARUS ke Samsat terdekat,Perpanjangan STNK 5 Tahunan (Ganti Plat),"stnk, panjang, samsat, ganti, plat",Netral,0.451
3106,lalu apa fungsi validasi ktp email dan semacam nya,Proses Pengurusan via Aplikasi SIGNAL,"signal, urus, samsat, digital, ambil",Negatif,0.891
3107,sangat membatu aplikasi ini bisa bayar online top dah,Perbandingan Layanan Online vs. Kantor Samsat,"kantor, samsat, online, daerah, kota",Positif,0.782
3108,aplikasi bobrok wktu mau bayar aja muter aja terus udah smpek hari gitu terus diperbaiki lagi sistem nya,Rincian Biaya Administrasi dan Transaksi,"kali, daftar, biaya, transaksi, ktp",Negatif,0.993
3109,alhamdulillah gk repot antri STNK dah di anter,Kualitas Pelayanan dan Antrean di Samsat,"layan, antri, samsat, masyarakat, respon",Positif,1.0
3110,Alhamdulillah sudah jadi STNK nya prosesnya cepat .cuma pengirimannya agak lama ya sudah HR blm sampai juga,Proses dan Durasi Pengiriman STNK,"kirim, proses, stnk, tanggal, minggu",Positif,0.995
3111,Ga tau lagi deh mau bilang gmn apa karena memang daerahku aja yg begini sdh coba x pendaftaran selesai terus lanjut pembayaran sdh keluar nomor tagihan saya coba di bank dan e wallet tapi tetep NOMOR TIDAK DITEMUKAN ga tau mau bilang gmn lagi komplain sana sini cuma minta maaf doang,Rincian Biaya Administrasi dan Transaksi,"kali, daftar, biaya, transaksi, ktp",Negatif,0.974
3112,pelayanan cepet bgt pengiriman juga cepet sampai,Kualitas Pelayanan dan Antrean di Samsat,"layan, antri, samsat, masyarakat, respon",Positif,0.997
3113,mudah pembayarannya,Pembayaran Pajak Kendaraan Online,"bayar, pajak, kendara, tahun, online",Positif,0.858
3114,sangat membantu sekali lebih simple dan praktis tidak harus datang ke samsat untuk bayar pajak tahunan,Pembayaran Pajak Kendaraan Online,"bayar, pajak, kendara, tahun, online",Positif,0.999
3115,ini gimana saya transaksi dari tanggal Mei skrg udh Mei tapi fisik STNK blm dikirim dan transaksi dianggap selesai maksudnya gimana saya bayar pos Instan lagi nyesel ga luangin waktu sehari ke samsat pembantu malah dibikin jengkel nunggu ini dari signal,Proses dan Durasi Pengiriman STNK,"kirim, proses, stnk, tanggal, minggu",Negatif,0.994
3116,akhirnya dikirim juga dan diterima setelah sekian lama,Proses dan Durasi Pengiriman STNK,"kirim, proses, stnk, tanggal, minggu",Positif,0.455
3117,pengalaman ini mengajarkan lbh baik ke samsat langsung ajalah,Layanan Pengiriman STNK ke Rumah,"rumah, langsung, kirim, stnk, samsat",Negatif,0.521
3118,cepat mudah dan aman,Topik Tidak Relevan,Tidak Ditemukan,Positif,0.997
3119,mantapp sangant bermanfaat,Topik Tidak Relevan,Tidak Ditemukan,Positif,0.998
3120,Terimakasih dokumen sdh diterima dan sesuai,Layanan Jasa Kurir Pengiriman,"pos, kirim, via, indonesia, guna",Positif,0.992
3121,daftar sulit kode otp lama dikirimnya,Proses dan Durasi Pengiriman STNK,"kirim, proses, stnk, tanggal, minggu",Negatif,0.997
3122,sudah mau bayar kode bayar pun sudah keluar,Pembayaran Pajak Kendaraan Online,"bayar, pajak, kendara, tahun, online",Negatif,0.935
3123,lihat cara pembayaran via apapun muter muter terus sudah masukin kode bayar ke m banking malah transaksi gagal,Pembayaran Pajak Kendaraan Online,"bayar, pajak, kendara, tahun, online",Negatif,0.978
3124,ok gas,Topik Tidak Relevan,Tidak Ditemukan,Negatif,0.387
3125,kalo STNK kaleng mati BSA GK bayar pake aplikasi ini,Pembayaran Pajak Kendaraan Online,"bayar, pajak, kendara, tahun, online",Netral,0.698
3126,sangat membantu apalagi yang diluar daerah,Perbandingan Layanan Online vs. Kantor Samsat,"kantor, samsat, online, daerah, kota",Positif,0.88
3127,Alhamdulillah sangat membantu sekali terima kasih SIGNAL SAMSAT DIGITAL dan terima kasih buat bapak Pos nya pokoknya TOP .Tingkatkan terus pelayanannya,Proses Pengurusan via Aplikasi SIGNAL,"signal, urus, samsat, digital, ambil",Positif,1.0
3128,sangat membantu ada aplikasi ini bisa bayar pajak dri rumah,Pembayaran Pajak Kendaraan Online,"bayar, pajak, kendara, tahun, online",Positif,0.975
3129,good sampai dirumah dengan selamat stnknya,Perpanjangan STNK 5 Tahunan (Ganti Plat),"stnk, panjang, samsat, ganti, plat",Positif,0.999
3130,juara dah nih aplikasi sehari sampe euy,Rincian Biaya Administrasi dan Transaksi,"kali, daftar, biaya, transaksi, ktp",Positif,0.576
3131,bpkb masih di leasing soalnya,Topik Tidak Relevan,Tidak Ditemukan,Netral,0.934
3132,Sangat membantu tanpa harus ke samsat jd lbh hemat waktu dansimple,Perbandingan Layanan Online vs. Kantor Samsat,"kantor, samsat, online, daerah, kota",Positif,0.998
3133,perpanjang pajak dsini salah alamat mohon dcek ulang karena saat pembayaran pajak selanjutnya jadi kena cash lagi untuk pergantian alamat,Pembayaran Pajak Kendaraan Online,"bayar, pajak, kendara, tahun, online",Negatif,0.424
3134,mempermudah tidak antri,Kualitas Pelayanan dan Antrean di Samsat,"layan, antri, samsat, masyarakat, respon",Positif,0.997
3135,saya sudah tahun ini bayar pajak pakai signal saya tidak ke samsat lagi print asli nya,Pembayaran Pajak Kendaraan Online,"bayar, pajak, kendara, tahun, online",Netral,0.864
3136,karena tidak punya waktu dan saat saya ke samsat diminta ke lt. jika mau print stnk asli,Perpanjangan STNK 5 Tahunan (Ganti Plat),"stnk, panjang, samsat, ganti, plat",Negatif,0.795
3137,saya belum mencoba krn kuitansi dan e kuitansi ada di HP saya,Proses Pengurusan via Aplikasi SIGNAL,"signal, urus, samsat, digital, ambil",Netral,0.936
3138,sehingga bisa sebagai bukti sdh bayar pajak,Pembayaran Pajak Kendaraan Online,"bayar, pajak, kendara, tahun, online",Negatif,0.496
3139,bawa stnk lama tetep bawa,Perpanjangan STNK 5 Tahunan (Ganti Plat),"stnk, panjang, samsat, ganti, plat",Negatif,0.73
3140,saya berhasil melakukan pembayaran dan notice pajak juga dikirim sampai ke rumah tapi sebelum itu saya harus berulang kali hingga belasan puluhan kali melakukan pendaftaran pengesahan STNK baru berhasil jadi sistemnya mohon diperbaiki jadi lebih baik,Rincian Biaya Administrasi dan Transaksi,"kali, daftar, biaya, transaksi, ktp",Positif,0.615
3141,bagus untuk mengurangi pungli tapi untuk pengiriman agak lambat kalau bisa hari selesai dan sudah di terima konsumen,Proses dan Durasi Pengiriman STNK,"kirim, proses, stnk, tanggal, minggu",Negatif,0.721
3142,sampai ke alamat tujuan,Proses dan Durasi Pengiriman STNK,"kirim, proses, stnk, tanggal, minggu",Netral,0.497
3143,sangat membantu sekali praktis dan gak ribet yang penting ada uangnya,Proses Pengurusan via Aplikasi SIGNAL,"signal, urus, samsat, digital, ambil",Positif,0.979
3144,ngapain di buat klo ngga bisa di gunakan,Layanan Jasa Kurir Pengiriman,"pos, kirim, via, indonesia, guna",Negatif,0.568
3145,daftar ribet mau dipake pun tambah ribet segala harus difoto kaya mau pinjol kudu foto ktp selfi segala macam,Rincian Biaya Administrasi dan Transaksi,"kali, daftar, biaya, transaksi, ktp",Negatif,0.999
3146,gw uninstal lagi ajh lh,Topik Tidak Relevan,Tidak Ditemukan,Negatif,0.884
3147,memudahkan proses bayar pajak,Pembayaran Pajak Kendaraan Online,"bayar, pajak, kendara, tahun, online",Positif,0.898
3148,app ini sipp,Topik Tidak Relevan,Tidak Ditemukan,Positif,0.49
3149,mempermudah perpanjang STNK dan bisa bayar dimana berada,Perpanjangan STNK 5 Tahunan (Ganti Plat),"stnk, panjang, samsat, ganti, plat",Positif,0.756
3150,Luar biasa mudah sekali perpanjang STNK,Perpanjangan STNK 5 Tahunan (Ganti Plat),"stnk, panjang, samsat, ganti, plat",Positif,0.556
3151,Tingkatkan lagi,Permintaan Bantuan dan Saran Peningkatan,"bantu, tingkat, proses, samsat, rantau",Netral,0.924
3152,ga perlu ribet ke samsat melalui ol pun bayar nya simpel,Pembayaran Pajak Kendaraan Online,"bayar, pajak, kendara, tahun, online",Positif,0.982
3153,rudet,Topik Tidak Relevan,Tidak Ditemukan,Negatif,0.505
3154,pertama kali coba buat stnk dari rumah,Layanan Pengiriman STNK ke Rumah,"rumah, langsung, kirim, stnk, samsat",Netral,0.73
3155,cuma hari langsung dateng,Layanan Pengiriman STNK ke Rumah,"rumah, langsung, kirim, stnk, samsat",Negatif,0.488
3156,gk paham syatemnya bagaimana nyesel sumpah proses pengiriman STNK dari tgl april sampai mei gk sampai padahal da bayar pengiriman yg expres dan lucunya lagi secara otomatis langsung selesai tanpa menerima barang bukti apapun KOCAK parah nyesel setengah mati udah bayar mahal eh ujung nya kek taik,Proses dan Durasi Pengiriman STNK,"kirim, proses, stnk, tanggal, minggu",Negatif,0.992
3157,tidak bisa melakukan pembayaran lewat aplikasi,Rincian Biaya Administrasi dan Transaksi,"kali, daftar, biaya, transaksi, ktp",Netral,0.477
3158,mudah dan gak ribet,Topik Tidak Relevan,Tidak Ditemukan,Positif,0.963
3159,Joss mantap,Topik Tidak Relevan,Tidak Ditemukan,Positif,0.998
3160,bagus mempermudah,Topik Tidak Relevan,Tidak Ditemukan,Positif,0.994
3161,sangat membantu bagi yang belum ada waktu untuk pergi ke samsat cukup login dengan data yg diperlukan seperti stnk nik ktp dan bpkb untuk mines nya hanya di pengiriman saja lumayan lama sampai hr menunggu,Rincian Biaya Administrasi dan Transaksi,"kali, daftar, biaya, transaksi, ktp",Positif,0.612
3162,Sangat membantu dan memudahkan dalam pengurusan perpanjang pajak kendaraan,Pembayaran Pajak Kendaraan Online,"bayar, pajak, kendara, tahun, online",Positif,0.998
3163,kalau bisa untuk pengiriman pos Indonesia di percepat saya biasanya paling lama Minggu udah jadi ini perpanjangan agak lama yaa dr tanggal mei sampai sekarang blm sampai ke saya makasih,Proses dan Durasi Pengiriman STNK,"kirim, proses, stnk, tanggal, minggu",Negatif,0.775
3164,Sudah sangat membantu dalam pembayaran pajak online terlebih ada fitur untuk pengantaran berkas dokumen stnk nya,Pembayaran Pajak Kendaraan Online,"bayar, pajak, kendara, tahun, online",Positif,0.988
3165,Namun mohon untuk lebih ditingkatkan lagi dalam hal kecepatan sortir dan pengiriman,Permintaan Bantuan dan Saran Peningkatan,"bantu, tingkat, proses, samsat, rantau",Netral,0.957
3166,Saya kasih karena dokumen akhirnya sudah saya terima,Layanan Jasa Kurir Pengiriman,"pos, kirim, via, indonesia, guna",Positif,0.746
3167,sangat membantu masarakat sukses untuk signal,Proses Pengurusan via Aplikasi SIGNAL,"signal, urus, samsat, digital, ambil",Positif,0.997
3168,memudahkan untuk bayar pajak tahunan kendaraan yang di luar wilayah tinggal bayar dari hp dan stnk dikirim ke alamat langsung,Pembayaran Pajak Kendaraan Online,"bayar, pajak, kendara, tahun, online",Positif,0.765
3169,Aplikasi TOLOL gak bisa Masuk,Layanan Jasa Kurir Pengiriman,"pos, kirim, via, indonesia, guna",Negatif,0.906
3170,sangat terbantu dengan adanya signal,Proses Pengurusan via Aplikasi SIGNAL,"signal, urus, samsat, digital, ambil",Positif,0.928
3171,tapi perlu ada perbaikan untuk segera mengirim berkas nya karna saya sampai hari baru menerima barang nya,Proses dan Durasi Pengiriman STNK,"kirim, proses, stnk, tanggal, minggu",Negatif,0.536
3172,biaya layanan antar posnya mahal,Kualitas Pelayanan dan Antrean di Samsat,"layan, antri, samsat, masyarakat, respon",Negatif,0.99
3173,cukup,Topik Tidak Relevan,Tidak Ditemukan,Netral,0.49
3174,sangat membantu aplikasi ini pengiriman sangat cepat,Proses dan Durasi Pengiriman STNK,"kirim, proses, stnk, tanggal, minggu",Positif,0.953
3175,terima kasih sudah sangat membantu,Topik Tidak Relevan,Tidak Ditemukan,Positif,0.997
3176,apk yang sangat membantu sekali simple dan praktis terimakasih signal,Proses Pengurusan via Aplikasi SIGNAL,"signal, urus, samsat, digital, ambil",Positif,0.998
3177,pengiriman baik walaupun menunggu sampai Minggu saya berharap kepolisian bisa mengayomi masyarakat Indonesia lebih baik dan lebih mengutamakan masyarakat kejujuran kunci keberhasilan yang indah,Proses dan Durasi Pengiriman STNK,"kirim, proses, stnk, tanggal, minggu",Netral,0.811
3178,mantab joss,Topik Tidak Relevan,Tidak Ditemukan,Positif,0.999
3179,oke lah mempermudah yg di luar kota,Perbandingan Layanan Online vs. Kantor Samsat,"kantor, samsat, online, daerah, kota",Positif,0.983
3180,sangat mudah terimakasih sudah menjadi canggih sekali ga perlu antri dan ga perlu jauh jauh lagi,Kualitas Pelayanan dan Antrean di Samsat,"layan, antri, samsat, masyarakat, respon",Positif,0.998
3181,pelayanan pengiriman via pos indonesia juga mantap fast respons,Layanan Jasa Kurir Pengiriman,"pos, kirim, via, indonesia, guna",Positif,0.972
3182,perpanjang stnk ok sekali pengiriman dari pos indonesia nya yang lama,Layanan Jasa Kurir Pengiriman,"pos, kirim, via, indonesia, guna",Negatif,0.982
3183,Alhamdulillah sudah diterima,Topik Tidak Relevan,Tidak Ditemukan,Positif,0.999
3184,Simpel ngga ngantri dan cepat,Kualitas Pelayanan dan Antrean di Samsat,"layan, antri, samsat, masyarakat, respon",Positif,1.0
3185,Thanks,Topik Tidak Relevan,Tidak Ditemukan,Positif,0.941
3186,apl ya sngat mmbantu buat yg sibuk kerja,Kendala Teknis Aplikasi (Loading),"orang, sibuk, data, bayar, bank",Positif,0.981
3187,memudahkan bayar pajak tpi proses lama hampir minggu belum juga dikirim kan,Proses dan Durasi Pengiriman STNK,"kirim, proses, stnk, tanggal, minggu",Negatif,0.701
3188,no coment good aja,Fitur dan Layanan Bantuan Aplikasi,"bikin, sistem, antar, chat, cek",Positif,0.986
3189,alhamdulilah sangat membatu,Perbandingan Layanan Online vs. Kantor Samsat,"kantor, samsat, online, daerah, kota",Positif,0.966
3190,dan tidak watir stnk sudah tiba,Perpanjangan STNK 5 Tahunan (Ganti Plat),"stnk, panjang, samsat, ganti, plat",Negatif,0.622
3191,mudah mudahan untuk kedepanya pembagunan jalan didesa babakan keusik kec patia di perhatikan dan di patau oleh pemerintah pusat,Perbandingan Layanan Online vs. Kantor Samsat,"kantor, samsat, online, daerah, kota",Netral,0.834
3192,gagar pembagunan sesuai dan merata kepeloksok kampung,Fitur dan Layanan Bantuan Aplikasi,"bikin, sistem, antar, chat, cek",Netral,0.896
3193,jagan seperti sekarang pembagunan ga usai usai jalan kepeloksok kampung msih hacur terus,Fitur dan Layanan Bantuan Aplikasi,"bikin, sistem, antar, chat, cek",Netral,0.945
3194,motor pun sulit jalan dan mudah rusak karna kondisi jalan buruk,Fitur dan Layanan Bantuan Aplikasi,"bikin, sistem, antar, chat, cek",Netral,0.902
3195,stnk bisa diantar kerumah,Layanan Pengiriman STNK ke Rumah,"rumah, langsung, kirim, stnk, samsat",Positif,0.892
3196,online bisa kapan saja,Perbandingan Layanan Online vs. Kantor Samsat,"kantor, samsat, online, daerah, kota",Netral,0.545
3197,pembayaran mudah,Pembayaran Pajak Kendaraan Online,"bayar, pajak, kendara, tahun, online",Positif,0.852
3198,bisa mobil atau motor,Rincian Biaya Administrasi dan Transaksi,"kali, daftar, biaya, transaksi, ktp",Netral,0.753
3199,simpel praktis dan ga ribet,Topik Tidak Relevan,Tidak Ditemukan,Positif,0.999
3200,cuma awal aja pas registrasi awal,Rincian Biaya Administrasi dan Transaksi,"kali, daftar, biaya, transaksi, ktp",Netral,0.53
3201,pastikan nama di stnk sesuai memang KK.skrg sdh ada biaya layanan klo bisa biaya layanan bs lebih murah lagi,Rincian Biaya Administrasi dan Transaksi,"kali, daftar, biaya, transaksi, ktp",Negatif,0.621
3202,dari biaya pajak ada tambahan biaya layanan dan ongkir ga masalah,Rincian Biaya Administrasi dan Transaksi,"kali, daftar, biaya, transaksi, ktp",Negatif,0.977
3203,alhamdulillah membantu ibu rmh tgga yg g mo ribet pergi jauh antri,Layanan Pengiriman STNK ke Rumah,"rumah, langsung, kirim, stnk, samsat",Positif,1.0
3204,pake signal bayar pajak semakin murah mantap,Pembayaran Pajak Kendaraan Online,"bayar, pajak, kendara, tahun, online",Positif,0.606
3205,tidak perlu cape mengantri,Kualitas Pelayanan dan Antrean di Samsat,"layan, antri, samsat, masyarakat, respon",Positif,0.999
3206,amanah sudah d terima dengan baik.trimakasih signal sangat mempermudah,Proses Pengurusan via Aplikasi SIGNAL,"signal, urus, samsat, digital, ambil",Positif,0.998
3207,aplikasinya berfungsi dengan sangat baik.pengiriman juga cepat makasih,Proses Pengurusan via Aplikasi SIGNAL,"signal, urus, samsat, digital, ambil",Positif,0.775
3208,sangat membantu dalam kesibukan pekerjaan salam LOCO TUBAZ,Kendala Teknis Aplikasi (Loading),"orang, sibuk, data, bayar, bank",Positif,0.97
3209,terimakasih dengan adanya aplikasi signal sekarang bayar pajak kendaraan lebih mudah,Pembayaran Pajak Kendaraan Online,"bayar, pajak, kendara, tahun, online",Positif,0.975
3210,alhamdulillah pertama kali pake aplikasi ini cukup memuaskan bravo app signal,Proses Pengurusan via Aplikasi SIGNAL,"signal, urus, samsat, digital, ambil",Positif,0.999
3211,terima kasih sudah sampai di trima stnk nya,Perpanjangan STNK 5 Tahunan (Ganti Plat),"stnk, panjang, samsat, ganti, plat",Positif,0.945
3212,kalau telat sehari aja udah gak bisa bayar lewat signal lagi belagu bener padahal dendanya kita bayar,Kendala Teknis Aplikasi (Loading),"orang, sibuk, data, bayar, bank",Negatif,0.754
3213,sangat membantu yg gak bisa kem Samsat karena pekerjaan,Perbandingan Layanan Online vs. Kantor Samsat,"kantor, samsat, online, daerah, kota",Positif,0.964
3214,udh Dateng cepet juga pembayaran lewat shopee,Pembayaran Pajak Kendaraan Online,"bayar, pajak, kendara, tahun, online",Positif,0.657
3215,bayar pajak kendaraan pakai aplikasi ini ada biaya layanan dan biaya pengiriman disaat negara yg butuh rakyat kenapa harus dibikin sulit pengiriman juga lamaaaa sekali tercetak tgl nyampeknya tgl,Proses dan Durasi Pengiriman STNK,"kirim, proses, stnk, tanggal, minggu",Negatif,0.989
3216,mending drive thru aja lah,Topik Tidak Relevan,Tidak Ditemukan,Negatif,0.689
3217,kenapa aplikasi untuk pelayanan publik dengan menarik pajak dari masyarakat tetap dibebankan biaya platform pada rakyat,Kualitas Pelayanan dan Antrean di Samsat,"layan, antri, samsat, masyarakat, respon",Negatif,0.984
3218,cepat pelayanan nya,Kualitas Pelayanan dan Antrean di Samsat,"layan, antri, samsat, masyarakat, respon",Positif,0.971
3219,aplikasi bossookk dinggo ngecek ora ISO,Topik Tidak Relevan,Tidak Ditemukan,Negatif,0.988
3220,utk bagian csnya tolong lah jgn byk input data diri seharusnya cs tuh gercep ini malah makan waktu krn hrs input data nik plat nomor dllnya,Kendala Teknis Aplikasi (Loading),"orang, sibuk, data, bayar, bank",Negatif,0.782
3221,tp utk pengiriman e tbpkpnya cepet sih itungannya dr pd hrs antri ke samsat langsung,Layanan Pengiriman STNK ke Rumah,"rumah, langsung, kirim, stnk, samsat",Positif,0.884
3222,ini baru aplikasi oke,Topik Tidak Relevan,Tidak Ditemukan,Positif,0.728
3223,bayar pajak lebih mudah,Pembayaran Pajak Kendaraan Online,"bayar, pajak, kendara, tahun, online",Positif,0.97
3224,agak lambat datangnya,Topik Tidak Relevan,Tidak Ditemukan,Negatif,0.966
3225,Sangat membantu sekali aplikasi ini wajib pajak tidak perlu lagi ke kantor samsat untuk bayar PKB tahunan,Pembayaran Pajak Kendaraan Online,"bayar, pajak, kendara, tahun, online",Positif,0.927
3226,Terima kasih banyak,Topik Tidak Relevan,Tidak Ditemukan,Positif,0.883
3227,gak bisa daftar akun padahal sudah verifikasi ktp sama wajah sama di suruh verifikasi ke disdukcapil,Rincian Biaya Administrasi dan Transaksi,"kali, daftar, biaya, transaksi, ktp",Negatif,0.997
3228,Joss,Topik Tidak Relevan,Tidak Ditemukan,Positif,0.923
3229,semoga lebih baikk lagi,Topik Tidak Relevan,Tidak Ditemukan,Netral,0.869
3230,pengiriman stnknya lama bgt,Proses dan Durasi Pengiriman STNK,"kirim, proses, stnk, tanggal, minggu",Negatif,0.968
3231,udah was was takut ga sampe,Topik Tidak Relevan,Tidak Ditemukan,Negatif,0.944
3232,aplikasinya sangat membantu utk yg ga punya waktu ke samsat,Perbandingan Layanan Online vs. Kantor Samsat,"kantor, samsat, online, daerah, kota",Positif,0.833
3233,tapi pengiriman STNK lebih dari hari,Proses dan Durasi Pengiriman STNK,"kirim, proses, stnk, tanggal, minggu",Negatif,0.84
3234,saya bayar tanggal mei dan terima STNK di kirim kerumah hari ini tanggal mei,Proses dan Durasi Pengiriman STNK,"kirim, proses, stnk, tanggal, minggu",Negatif,0.977
3235,tapi Alhamdulillah amanah,Topik Tidak Relevan,Tidak Ditemukan,Positif,1.0
3236,terima kasih Samsat signal digital,Proses Pengurusan via Aplikasi SIGNAL,"signal, urus, samsat, digital, ambil",Positif,0.983
3237,Alhamdulillah pajak PKB tahun sudah siap dan di antar sampai ke rumah,Pembayaran Pajak Kendaraan Online,"bayar, pajak, kendara, tahun, online",Positif,0.995
3238,langsung jadi ga ribed ke samsat,Layanan Pengiriman STNK ke Rumah,"rumah, langsung, kirim, stnk, samsat",Positif,0.91
3239,susah registrasi,Rincian Biaya Administrasi dan Transaksi,"kali, daftar, biaya, transaksi, ktp",Negatif,0.948
3240,x lebih gagal terus dgn alasan data salah,Rincian Biaya Administrasi dan Transaksi,"kali, daftar, biaya, transaksi, ktp",Negatif,0.963
3241,padahal data sudah benar,Kendala Teknis Aplikasi (Loading),"orang, sibuk, data, bayar, bank",Netral,0.583
3242,banyak kasus serupa,Topik Tidak Relevan,Tidak Ditemukan,Negatif,0.488
3243,artinya system rekord datanya yg lemah,Kendala Teknis Aplikasi (Loading),"orang, sibuk, data, bayar, bank",Negatif,0.849
3244,kalah sama aplikasi pinjol yg sat set verifikasi data,Kualitas Pelayanan dan Antrean di Samsat,"layan, antri, samsat, masyarakat, respon",Negatif,0.958
3245,ga pake antri,Kualitas Pelayanan dan Antrean di Samsat,"layan, antri, samsat, masyarakat, respon",Positif,0.927
3246,keren si aplikasinya sangat mempermudah bagi yang gak sempet langsung ke samsatnya sekses selalu,Layanan Pengiriman STNK ke Rumah,"rumah, langsung, kirim, stnk, samsat",Positif,0.972
3247,ok sangat membantu,Topik Tidak Relevan,Tidak Ditemukan,Positif,0.939
3248,daftar mulu,Rincian Biaya Administrasi dan Transaksi,"kali, daftar, biaya, transaksi, ktp",Negatif,0.994
3249,mau dftr akun data katanya tdk terverifikasi d suruh dtng k capil pdhl udh bner smua.tlong d perbaiki,Kendala Teknis Aplikasi (Loading),"orang, sibuk, data, bayar, bank",Negatif,0.993
3250,susah verifikasi nya padahal data sdh benar jaringan lancar tpi masih gagal tolong di perbaiki donk,Kendala Teknis Aplikasi (Loading),"orang, sibuk, data, bayar, bank",Negatif,0.995
3251,aplikasi ini sangat bermanfaat untuk keperluan perpanjangan STNK tanpa ribet datang ke Samsat pembayaran mudah dan STNK nya bisa kita terima dirumah dengan pengiriman lewat pos Indonesia,Perpanjangan STNK 5 Tahunan (Ganti Plat),"stnk, panjang, samsat, ganti, plat",Positif,0.985
3252,aplikasi yg sangat membantu masyarakat yg wajib pajak tahunan,Pembayaran Pajak Kendaraan Online,"bayar, pajak, kendara, tahun, online",Positif,0.911
3253,tapi masih ada yg kurang klo ganti plat ga bisa lewat aplikasi harus dateng ke samsat,Perpanjangan STNK 5 Tahunan (Ganti Plat),"stnk, panjang, samsat, ganti, plat",Netral,0.859
3254,mantul tingkatkan terus kualitas pelayanannya,Kualitas Pelayanan dan Antrean di Samsat,"layan, antri, samsat, masyarakat, respon",Positif,0.982
3255,kalau ada yang ribet ngapain cari yang mudah,Topik Tidak Relevan,Tidak Ditemukan,Negatif,0.785
3256,tidak dikirimkan barcode stiker untuk kotak STNK yg sebelahnya,Perpanjangan STNK 5 Tahunan (Ganti Plat),"stnk, panjang, samsat, ganti, plat",Negatif,0.988
3257,tolong diperbaiki dong saya gagal terus daftar malah disuruh ke dukcapil apa karena di KTP saya ada masa berlakunya sampai tapi kan tetep seumur hidup berlakunya masa mau daftar aplikasi sampai harus ganti KTP dulu ribet amat sih,Rincian Biaya Administrasi dan Transaksi,"kali, daftar, biaya, transaksi, ktp",Negatif,0.983
3258,sekedar masukan mohon ditambahkan pilihan untuk diambil sendiri di kantor samsat terdekat juga diberikan beberapa pilihan jasa ekspedisi selain PT Pos Indonesia,Layanan Jasa Kurir Pengiriman,"pos, kirim, via, indonesia, guna",Netral,0.968
3259,selain itu terus pertahankan kinerja yang sudah baik ini dan terus ditingkatkan,Permintaan Bantuan dan Saran Peningkatan,"bantu, tingkat, proses, samsat, rantau",Positif,0.883
3260,jangan daftar disini apk nya buruk,Rincian Biaya Administrasi dan Transaksi,"kali, daftar, biaya, transaksi, ktp",Negatif,0.997
3261,Keren parah semoga makin banyak apk seperti ini dipemerintahan kita,Perbandingan Layanan Online vs. Kantor Samsat,"kantor, samsat, online, daerah, kota",Positif,0.438
3262,lebih mudah tanpa harus datang ke Samsat,Perbandingan Layanan Online vs. Kantor Samsat,"kantor, samsat, online, daerah, kota",Positif,0.986
3263,terimakasih pelayanan bagus,Kualitas Pelayanan dan Antrean di Samsat,"layan, antri, samsat, masyarakat, respon",Positif,0.998
3264,Bagus dan pertahankan,Perpanjangan STNK 5 Tahunan (Ganti Plat),"stnk, panjang, samsat, ganti, plat",Positif,0.994
3265,lebih mudah n praktis,Topik Tidak Relevan,Tidak Ditemukan,Positif,1.0
3266,sangat membantu di saat sibuk di kejar waktu terimakasih banyak,Kendala Teknis Aplikasi (Loading),"orang, sibuk, data, bayar, bank",Positif,0.992
3267,Sangat membantu bagi pekerja fullday seperti saya yang kalau sampai nyempetin cuti itu eman,Topik Tidak Relevan,Tidak Ditemukan,Positif,0.982
3268,proses cepat dan mudah di gunakan,Proses dan Durasi Pengiriman STNK,"kirim, proses, stnk, tanggal, minggu",Positif,0.983
3269,mantap sangat membantu gak usah jauh dateng untuk membayar pajak kendaraan,Pembayaran Pajak Kendaraan Online,"bayar, pajak, kendara, tahun, online",Positif,0.997
3270,Tinggal buka hp dan tunggu di rumah,Layanan Pengiriman STNK ke Rumah,"rumah, langsung, kirim, stnk, samsat",Positif,0.862
3271,mantap mempermudah masyarakat coba saja perpanjang plat bisa online mungkin lebih mudah lagi kali buar gak antri,Perpanjangan STNK 5 Tahunan (Ganti Plat),"stnk, panjang, samsat, ganti, plat",Positif,0.999
3272,untuk pengiriman instan molor mohon segera di tingkatkan,Permintaan Bantuan dan Saran Peningkatan,"bantu, tingkat, proses, samsat, rantau",Netral,0.531
3273,harus ikutin singal jaringan soalnya x percobaan gagal tp jaringan stabil langsung bisa di proses,Perbandingan Layanan Online vs. Kantor Samsat,"kantor, samsat, online, daerah, kota",Positif,0.433
3274,bayar pajak gk perlu ribet lg alhamdulillah mempermudah,Pembayaran Pajak Kendaraan Online,"bayar, pajak, kendara, tahun, online",Positif,0.998
3275,ok proses cepat sangat membantu,Proses dan Durasi Pengiriman STNK,"kirim, proses, stnk, tanggal, minggu",Positif,0.992
3276,sangat membantu walau agak mahal dari pada lewat calo,Topik Tidak Relevan,Tidak Ditemukan,Negatif,0.771
3277,Pendaftaran cepat proses pengiriman lumayan hari,Proses dan Durasi Pengiriman STNK,"kirim, proses, stnk, tanggal, minggu",Negatif,0.735
3278,proses cepat lebih mudah,Proses dan Durasi Pengiriman STNK,"kirim, proses, stnk, tanggal, minggu",Positif,0.996
3279,bermanfaat aplikasinya sudah beralih kesini untuk perpanjang pajak,Pembayaran Pajak Kendaraan Online,"bayar, pajak, kendara, tahun, online",Positif,0.989
3280,Tq,Topik Tidak Relevan,Tidak Ditemukan,Positif,0.942
3281,Lama bgt dikirimnya harus ngadu dlu ke kantor pos baru lngng dikirim,Layanan Jasa Kurir Pengiriman,"pos, kirim, via, indonesia, guna",Negatif,0.998
3282,Mantul,Topik Tidak Relevan,Tidak Ditemukan,Positif,0.96
3283,APLIKAS NEGARA YANG BOBROK MAU BAYAR PAJAK SULIT SELALU EROR DAN GAGAL,Pembayaran Pajak Kendaraan Online,"bayar, pajak, kendara, tahun, online",Negatif,0.997
3284,PADAHAL TUJUANNYA BAIK UNTUK BAYAR PAJAK DENGAN TAAT MALAH BIKIN EMOSI GARA GARA APLIKASI INI,Pembayaran Pajak Kendaraan Online,"bayar, pajak, kendara, tahun, online",Negatif,0.799
3285,TOLONG DIPERHATIKAN DAN KROSCEK SISTEM APLIKASINYA,Fitur dan Layanan Bantuan Aplikasi,"bikin, sistem, antar, chat, cek",Negatif,0.805
3286,sebenernya sangat bermanfaat dan sangat membantu sekali tetapi masih banyak yang harus di maksimal kan terutama di CS nya customer service nya Harus lebih di perbaiki lg jika ada keluhan dari pengguna SIGNAL bisa secepatnya langsung di respon oleh SIGNAL,Proses Pengurusan via Aplikasi SIGNAL,"signal, urus, samsat, digital, ambil",Positif,0.892
3287,salam presisi,Kualitas Pelayanan dan Antrean di Samsat,"layan, antri, samsat, masyarakat, respon",Positif,0.96
3288,Bagus buat perantau seperti saya ini sangat membantu dalam proses membayar pajak,Pembayaran Pajak Kendaraan Online,"bayar, pajak, kendara, tahun, online",Positif,0.993
3289,fix makasih,Topik Tidak Relevan,Tidak Ditemukan,Positif,0.957
3290,sangat bagus Mantap Aplikasi signal terjamin dan bisa di percaya,Proses Pengurusan via Aplikasi SIGNAL,"signal, urus, samsat, digital, ambil",Positif,0.999
3291,kurang lancar pas masuknya,Layanan Jasa Kurir Pengiriman,"pos, kirim, via, indonesia, guna",Positif,0.674
3292,semoga kedepannya lebih gampang,Proses Pengurusan via Aplikasi SIGNAL,"signal, urus, samsat, digital, ambil",Positif,0.578
3293,sangat membantu bngt trimakasih,Topik Tidak Relevan,Tidak Ditemukan,Positif,0.995
3294,sangat membantu aplikasi ini klo LG malas kemana mana ya bayar online lsg,Perbandingan Layanan Online vs. Kantor Samsat,"kantor, samsat, online, daerah, kota",Positif,0.98
3295,gampang bgt caranya gk perlu antri an pokoknya bsa sambil rebahan,Kualitas Pelayanan dan Antrean di Samsat,"layan, antri, samsat, masyarakat, respon",Positif,0.999
3296,aplikasi sangat bermanfaat sangat membantu karena memudahkan,Topik Tidak Relevan,Tidak Ditemukan,Positif,0.995
3297,hari langsung dikirim kerumah.tanpa calo tnpa ktp,Layanan Pengiriman STNK ke Rumah,"rumah, langsung, kirim, stnk, samsat",Negatif,0.849
3298,pembayaran pajak motor menjadi mudah dan cepat terima kasih,Pembayaran Pajak Kendaraan Online,"bayar, pajak, kendara, tahun, online",Positif,0.987
3299,alhamdulillah aplikasinya sangat membantu pembayaran mudah tapi untuk bank belom bisa,Kendala Teknis Aplikasi (Loading),"orang, sibuk, data, bayar, bank",Positif,1.0
3300,jadi masih lewat ecommers,Topik Tidak Relevan,Tidak Ditemukan,Netral,0.645
3301,over all udah oke,Topik Tidak Relevan,Tidak Ditemukan,Positif,0.997
3302,sangat berguna,Layanan Jasa Kurir Pengiriman,"pos, kirim, via, indonesia, guna",Netral,0.612
3303,mantap walau pun agak lama TPI puas,Topik Tidak Relevan,Tidak Ditemukan,Positif,0.998
3304,selalu pakai aplikasi ini baik utk mobil atau motor sangat membantu cepat praktis hemat waktu,Rincian Biaya Administrasi dan Transaksi,"kali, daftar, biaya, transaksi, ktp",Positif,0.748
3305,mantap sekarang bayar pajak sangat mudah mantul pokoknya dengan adanya apk signal sangat membantu,Pembayaran Pajak Kendaraan Online,"bayar, pajak, kendara, tahun, online",Positif,0.999
3306,lama bgt,Topik Tidak Relevan,Tidak Ditemukan,Negatif,0.653
3307,sistem yg sangat membantu bagi anak rantau dalam pembayaran pajak tidak perlu pulang ke kampung hanya untuk bayar pajak cukup dengan lewat aplikasi saja dukomen di kirim ke alamat langsung,Pembayaran Pajak Kendaraan Online,"bayar, pajak, kendara, tahun, online",Positif,0.977
3308,Menjadi lebih mudah dan meminimalisir adanya calo,Topik Tidak Relevan,Tidak Ditemukan,Positif,0.986
3309,Proses cepat hari sudah diterima,Proses dan Durasi Pengiriman STNK,"kirim, proses, stnk, tanggal, minggu",Positif,0.987
3310,cepat dan mudah perpanjangannya,Perpanjangan STNK 5 Tahunan (Ganti Plat),"stnk, panjang, samsat, ganti, plat",Positif,0.991
3311,memudahkan untuk bayar pajak tanpa harus Dateng ke Samsat,Pembayaran Pajak Kendaraan Online,"bayar, pajak, kendara, tahun, online",Positif,0.902
3312,Tidak bisa melanjutkan pendaftaran untuk bayak PKB padahal sudah jatuh tempo di STNK tapi di aplikasi katanya belum jatuh tempo,Perbandingan Layanan Online vs. Kantor Samsat,"kantor, samsat, online, daerah, kota",Negatif,0.994
3313,Nunggu sampai seminggu lebih tapi masih tetap sama,Proses dan Durasi Pengiriman STNK,"kirim, proses, stnk, tanggal, minggu",Negatif,0.552
3314,complen Mash menggunakan robot nnya apa jawab apa tingktin lagi playanan nya di bikin mudah msh aja ada sulity aneh,Proses Pengurusan via Aplikasi SIGNAL,"signal, urus, samsat, digital, ambil",Negatif,0.983
3315,mempermudah masyarakat dalam pembayaran pajak kendaraan bermotor,Pembayaran Pajak Kendaraan Online,"bayar, pajak, kendara, tahun, online",Positif,0.887
3316,aplikasi yang memudahkan semoga bayar selanjutnya tidak ada kendala terimakasih,Pembayaran Pajak Kendaraan Online,"bayar, pajak, kendara, tahun, online",Positif,0.986
3317,aneh bngt orang mau bayar pasti katanya kode bayar tidak ditemukan udah coba berulang kali dari kemarin masih aja begitu padahal udah bener loh ini error apa gimana katanya mempermudah tapi begitu padahal kemarin udah dateng ke Samsat nya langsung malah suruh pakai apk nya aja giliran ini udah pake apk nya malah ga bisa buat bayar gimana siihhh,Pembayaran Pajak Kendaraan Online,"bayar, pajak, kendara, tahun, online",Negatif,0.996
3318,sudah sebulan saya regstrasi dan sudah bayar tapi stnk belum juga dikirim,Proses dan Durasi Pengiriman STNK,"kirim, proses, stnk, tanggal, minggu",Negatif,0.969
3319,masih dalam proses penerbitan terus,Proses dan Durasi Pengiriman STNK,"kirim, proses, stnk, tanggal, minggu",Negatif,0.668
3320,alhamdulillah sangat membantu proses sangat cepat cuman hari kerja,Proses dan Durasi Pengiriman STNK,"kirim, proses, stnk, tanggal, minggu",Positif,1.0
3321,terus tingkatkan pelayanan,Kualitas Pelayanan dan Antrean di Samsat,"layan, antri, samsat, masyarakat, respon",Positif,0.619
3322,sulit masuk alasan KTP tidak berlaku giliran pake aplikasi SAPAWARGA akses cepat,Rincian Biaya Administrasi dan Transaksi,"kali, daftar, biaya, transaksi, ktp",Negatif,0.934
3323,mantap ga kayak bayar ofline sering di persulit dan ada aja biaya tambahan aneh,Rincian Biaya Administrasi dan Transaksi,"kali, daftar, biaya, transaksi, ktp",Negatif,0.525
3324,Memudahkan,Topik Tidak Relevan,Tidak Ditemukan,Positif,0.883
3325,Terimakasi atas pelayananya semoga sukses selalu,Topik Tidak Relevan,Tidak Ditemukan,Positif,0.908
3326,ga bisa nambahin kendaraan keterangannya kendaraan anda sudah di daftarkan sebelumnya,Pembayaran Pajak Kendaraan Online,"bayar, pajak, kendara, tahun, online",Negatif,0.902
3327,sudah coba lapor ke pengaduan tetap ga bisa juga,Topik Tidak Relevan,Tidak Ditemukan,Negatif,0.952
3328,aplikasi mantap sangat membantu dan tidak ribet beda dengan aplikasi sebelah sak yang tadinya mudah sekarang susah cara bayar nya terimakasih,Pembayaran Pajak Kendaraan Online,"bayar, pajak, kendara, tahun, online",Positif,0.975
3329,aplikasinya pake gak jam dan agak ribet di pembayaran,Proses Pengurusan via Aplikasi SIGNAL,"signal, urus, samsat, digital, ambil",Negatif,0.699
3330,bagus membantu,Topik Tidak Relevan,Tidak Ditemukan,Positif,0.998
3331,tp ko biaiya admin bank sampai k dan biaya jasa aplikasi k apa tidak kemahalan,Rincian Biaya Administrasi dan Transaksi,"kali, daftar, biaya, transaksi, ktp",Negatif,0.901
3332,k kali masyarakat indonesia terlalu besar,Rincian Biaya Administrasi dan Transaksi,"kali, daftar, biaya, transaksi, ktp",Netral,0.424
3333,seandainya dari pihak ke menurut saya nggak sampai segitu harusnya,Topik Tidak Relevan,Tidak Ditemukan,Negatif,0.658
3334,jadi biaya jasa saja k.  waduh kaya calo aja jadinya,Rincian Biaya Administrasi dan Transaksi,"kali, daftar, biaya, transaksi, ktp",Negatif,0.514
3335,makin baik dengan ada aplikasi ini,Topik Tidak Relevan,Tidak Ditemukan,Netral,0.866
3336,topmarkotop,Topik Tidak Relevan,Tidak Ditemukan,Positif,0.617
3337,baguss ga bikin kita antri panjang trus pengantaran pos pun sukses tepat ke rumah ga n yasar,Fitur dan Layanan Bantuan Aplikasi,"bikin, sistem, antar, chat, cek",Positif,0.999
3338,Terima kasih Signal STNK sudah sampai rumah via Pak Pos,Layanan Jasa Kurir Pengiriman,"pos, kirim, via, indonesia, guna",Positif,0.987
3339,Paket sampai tujuan dalam hari kerja,Rincian Biaya Administrasi dan Transaksi,"kali, daftar, biaya, transaksi, ktp",Negatif,0.676
3340,Mantab,Topik Tidak Relevan,Tidak Ditemukan,Positif,0.986
3341,ditingkatkan buat tahun agar tidak repot lagi yang penting taat bayar pajak demi negara,Pembayaran Pajak Kendaraan Online,"bayar, pajak, kendara, tahun, online",Netral,0.972
3342,mantap nih,Topik Tidak Relevan,Tidak Ditemukan,Positif,0.951
3343,sangat mempermudah pembayaran pajak tahunan,Pembayaran Pajak Kendaraan Online,"bayar, pajak, kendara, tahun, online",Positif,0.493
3344,tingkatkam lagi untuk proses pengiriman,Proses dan Durasi Pengiriman STNK,"kirim, proses, stnk, tanggal, minggu",Netral,0.703
3345,proses cepat efisien,Proses dan Durasi Pengiriman STNK,"kirim, proses, stnk, tanggal, minggu",Positif,0.994
3346,aplikasinya bagus semoga yang membuat diberikan Rahmat dan keberkahan uang dan ilmu bisa berdiri secara harmonis tanpa ada rasa susah,Fitur dan Layanan Bantuan Aplikasi,"bikin, sistem, antar, chat, cek",Positif,0.887
3347,Ini sekarang bayar pajak tahunan gak dikirim fisik STNKnya lalu kenapa ada biaya ongkir POS Kalo berbentuk elektronik ga ada yg dikirim dibebankan ongkir,Proses dan Durasi Pengiriman STNK,"kirim, proses, stnk, tanggal, minggu",Negatif,0.966
3348,Aneh Ntah ptaktik apalagi,Topik Tidak Relevan,Tidak Ditemukan,Negatif,0.901
3349,pajak bisa seluruh nusantara,Pembayaran Pajak Kendaraan Online,"bayar, pajak, kendara, tahun, online",Positif,0.562
3350,masukan saja,Layanan Jasa Kurir Pengiriman,"pos, kirim, via, indonesia, guna",Netral,0.44
3351,untuk pengesahan di STNK alangkah baiknya dikasih pengesakan berbentuk sticker,Perpanjangan STNK 5 Tahunan (Ganti Plat),"stnk, panjang, samsat, ganti, plat",Negatif,0.644
3352,nunggu lama proses utk pengiriman,Proses dan Durasi Pengiriman STNK,"kirim, proses, stnk, tanggal, minggu",Netral,0.682
3353,Sangat bagus membantu pelayanan perpanjang pajang kendaraan mtr supaya menghindari dri Antrean,Perpanjangan STNK 5 Tahunan (Ganti Plat),"stnk, panjang, samsat, ganti, plat",Positif,0.999
3354,aplikasi gk jelas,Topik Tidak Relevan,Tidak Ditemukan,Negatif,0.923
3355,sangat tidak membantu,Topik Tidak Relevan,Tidak Ditemukan,Positif,0.939
3356,pengesahan pendaftaran selalu gagal,Rincian Biaya Administrasi dan Transaksi,"kali, daftar, biaya, transaksi, ktp",Negatif,0.997
3357,pengaduan lewat live chat gk bisa cuma muter doang,Fitur dan Layanan Bantuan Aplikasi,"bikin, sistem, antar, chat, cek",Negatif,0.999
3358,pengaduan lewat email gk ada respon balasan,Layanan Jasa Kurir Pengiriman,"pos, kirim, via, indonesia, guna",Negatif,0.969
3359,pengaduan lewat fb dijawab oleh sistem bla bla bla,Fitur dan Layanan Bantuan Aplikasi,"bikin, sistem, antar, chat, cek",Negatif,0.995
3360,maunya sebenarnya apa sih,Proses Pengurusan via Aplikasi SIGNAL,"signal, urus, samsat, digital, ambil",Negatif,0.605
3361,koar wajib bayar pajak tapi sarana pembayaran sangat dipersulit,Pembayaran Pajak Kendaraan Online,"bayar, pajak, kendara, tahun, online",Negatif,0.936
3362,maunya gimana sih,Topik Tidak Relevan,Tidak Ditemukan,Negatif,0.754
3363,bayar susah gk bayar salah,Pembayaran Pajak Kendaraan Online,"bayar, pajak, kendara, tahun, online",Negatif,0.967
3364,parah,Topik Tidak Relevan,Tidak Ditemukan,Negatif,0.84
3365,Perpanjangan STNK lebih efisien melalui Aplikasi Signal,Perpanjangan STNK 5 Tahunan (Ganti Plat),"stnk, panjang, samsat, ganti, plat",Positif,0.991
3366,simple dan sangat membantu bagi yg tidak ada waktu untuk ngurus,Proses Pengurusan via Aplikasi SIGNAL,"signal, urus, samsat, digital, ambil",Positif,0.997
3367,pelayanan bagus,Kualitas Pelayanan dan Antrean di Samsat,"layan, antri, samsat, masyarakat, respon",Positif,0.982
3368,pelayanan cepat,Kualitas Pelayanan dan Antrean di Samsat,"layan, antri, samsat, masyarakat, respon",Positif,0.983
3369,keren sangat membantu sekalii aplikasi nyaa,Perpanjangan STNK 5 Tahunan (Ganti Plat),"stnk, panjang, samsat, ganti, plat",Positif,0.986
3370,mantap terpercaya,Topik Tidak Relevan,Tidak Ditemukan,Positif,0.999
3371,Proses pembayaran lumayan cepat dan banyak opsi pembayaran,Pembayaran Pajak Kendaraan Online,"bayar, pajak, kendara, tahun, online",Positif,0.826
3372,Cuma proses pengiriman dokumen lama pakai pos express sampai hari padahal ongkir lumayan,Layanan Jasa Kurir Pengiriman,"pos, kirim, via, indonesia, guna",Negatif,0.988
3373,k dan hanya pakai expedisi,Topik Tidak Relevan,Tidak Ditemukan,Netral,0.509
3374,tolong ditingkatkan lagi,Permintaan Bantuan dan Saran Peningkatan,"bantu, tingkat, proses, samsat, rantau",Netral,0.924
3375,Ini sangat bagus untuk mempermudah pelayanan terhadap birokrasi kepolisian yg dulunya sangat bersifat koruptif ribet pelayanan dan menyita waktu yg lama dan menyulitkan pekerjaan dan efektivitas efisiensi tenaga uang waktu,Kualitas Pelayanan dan Antrean di Samsat,"layan, antri, samsat, masyarakat, respon",Positif,0.997
3376,Sekarang Alhamdulillah lebih mudah,Topik Tidak Relevan,Tidak Ditemukan,Positif,0.998
3377,Namun ada yg perlu diperbaiki yaitu dlm hal pembayaran yg saat itu karena suasana liburan lebaran tidak terhubung atau error sehingga baru di hari berikutnya bisa terhubung terbayar dg internet perbankan mitra kerja polri,Layanan Jasa Kurir Pengiriman,"pos, kirim, via, indonesia, guna",Negatif,0.691
3378,Smg lbh baik,Topik Tidak Relevan,Tidak Ditemukan,Netral,0.869
3379,saya tidak bisa bayar sudah keluar kode bayarnya cuma loading terus padahal sinyal bagus,Pembayaran Pajak Kendaraan Online,"bayar, pajak, kendara, tahun, online",Negatif,0.96
3380,Alhamdulillah bayar pajak online sukses cukup dari rumah,Pembayaran Pajak Kendaraan Online,"bayar, pajak, kendara, tahun, online",Positif,0.999
3381,tidak ke biro jasa lagi,Perpanjangan STNK 5 Tahunan (Ganti Plat),"stnk, panjang, samsat, ganti, plat",Positif,0.526
3382,Mantabbbb Efisien waktu dan biaya,Rincian Biaya Administrasi dan Transaksi,"kali, daftar, biaya, transaksi, ktp",Positif,0.917
3383,smart system,Topik Tidak Relevan,Tidak Ditemukan,Netral,0.49
3384,membantu banget bagi kami di perantauan,Permintaan Bantuan dan Saran Peningkatan,"bantu, tingkat, proses, samsat, rantau",Positif,0.99
3385,ngurus pajak tahunan jadi mudah dan gak ribet,Pembayaran Pajak Kendaraan Online,"bayar, pajak, kendara, tahun, online",Positif,0.974
3386,sangat membantu keren dan mantap,Topik Tidak Relevan,Tidak Ditemukan,Positif,0.999
3387,di klik lupa kata sandi tidak bisa malah blank trus restart aplikasi,Layanan Pengiriman STNK ke Rumah,"rumah, langsung, kirim, stnk, samsat",Negatif,0.818
3388,mau daftar baru tertulis NIK sudah terdaftar,Rincian Biaya Administrasi dan Transaksi,"kali, daftar, biaya, transaksi, ktp",Negatif,0.991
3389,sangat membantu sekali layanan diaplikasi ini smoga kedepannya lebih baik lage,Kualitas Pelayanan dan Antrean di Samsat,"layan, antri, samsat, masyarakat, respon",Positif,0.971
3390,satset ini namanya,Layanan Pengiriman STNK ke Rumah,"rumah, langsung, kirim, stnk, samsat",Netral,0.554
3391,sangat membantu pada orang yang tidak bisa datang ke samsat,Kendala Teknis Aplikasi (Loading),"orang, sibuk, data, bayar, bank",Positif,0.793
3392,cepat dan mudah cuman sayangnya minus ada di ekspedisinya pilih pos soalnya lelet bgt kurirnya udh mau sebentar lagi sampe juga padahal ada aja alesannya,Proses Pengurusan via Aplikasi SIGNAL,"signal, urus, samsat, digital, ambil",Negatif,0.981
3393,proses kirimnya gak jelas udah hampir Minggu blum sampai,Proses dan Durasi Pengiriman STNK,"kirim, proses, stnk, tanggal, minggu",Negatif,0.994
3394,Hemat waktu dan Praktis.kereeennn,Topik Tidak Relevan,Tidak Ditemukan,Positif,0.934
3395,Dengan adanya aplikasi Signal ini sangat membantu proses pembayaran Pajak Kendaraan Bermotor tanpa harus antri,Pembayaran Pajak Kendaraan Online,"bayar, pajak, kendara, tahun, online",Positif,0.924
3396,mantap bayar pajak kendaraan tidak perlu le samsat,Pembayaran Pajak Kendaraan Online,"bayar, pajak, kendara, tahun, online",Positif,0.997
3397,goood job,Topik Tidak Relevan,Tidak Ditemukan,Positif,0.976
3398,mudah dan cepat kurang promosi aja ke masyarakat supaya banyak yang pakai aplikasi ini,Kualitas Pelayanan dan Antrean di Samsat,"layan, antri, samsat, masyarakat, respon",Positif,0.958
3399,Sangat puas dengan pelayanannya mudah dan cepat mantab,Kualitas Pelayanan dan Antrean di Samsat,"layan, antri, samsat, masyarakat, respon",Positif,0.999
3400,mantap pelayanannya,Kualitas Pelayanan dan Antrean di Samsat,"layan, antri, samsat, masyarakat, respon",Positif,0.996
3401,mempermudah pembayaran pajak kendaraan walaupun smpinya agak lama,Pembayaran Pajak Kendaraan Online,"bayar, pajak, kendara, tahun, online",Positif,0.907
3402,Alhamdulillah Aman Tepat Tujuan.Terimakasih,Topik Tidak Relevan,Tidak Ditemukan,Positif,1.0
3403,ga perlu lg ribet byr pajak kendaraan taunan tinggal klak klik upload byr lgsg deh dtg k rmh,Layanan Pengiriman STNK ke Rumah,"rumah, langsung, kirim, stnk, samsat",Positif,0.994
3404,thx untuk mempermudah bagi perantauan sprti saya ini,Permintaan Bantuan dan Saran Peningkatan,"bantu, tingkat, proses, samsat, rantau",Positif,0.995
3405,Mantappppp,Topik Tidak Relevan,Tidak Ditemukan,Positif,0.855
3406,Untuk proses STNK cepat,Proses dan Durasi Pengiriman STNK,"kirim, proses, stnk, tanggal, minggu",Positif,0.915
3407,Tetapi untuk pengiriman lumayan lama,Proses dan Durasi Pengiriman STNK,"kirim, proses, stnk, tanggal, minggu",Negatif,0.84
3408,praktis simple nggak perlu ngantri sarannya kalo bisa ganti kaleng juga bisa pakai online,Perpanjangan STNK 5 Tahunan (Ganti Plat),"stnk, panjang, samsat, ganti, plat",Positif,1.0
3409,terimakasii,Topik Tidak Relevan,Tidak Ditemukan,Positif,0.519
3410,pengiriman agak lama tapi proses pembayaran bagus,Proses dan Durasi Pengiriman STNK,"kirim, proses, stnk, tanggal, minggu",Positif,0.489
3411,Mudah Cepat dan Profesional Good Signal OK SAMSAT,Proses Pengurusan via Aplikasi SIGNAL,"signal, urus, samsat, digital, ambil",Positif,1.0
3412,sangat membantu sudah lama ditunggu aplikasi seperti ini akhirnya hadir juga,Topik Tidak Relevan,Tidak Ditemukan,Positif,0.81
3413,sudah dicoba bayar pajak tahunan lancar dan STNK baru dikirim ke alamat yg kita mau gak mesti ke alamat KTP,Proses dan Durasi Pengiriman STNK,"kirim, proses, stnk, tanggal, minggu",Netral,0.711
3414,Awalnya ok tepat waktu yg sekarang agak mulur dan kurang presisi,Proses Pengurusan via Aplikasi SIGNAL,"signal, urus, samsat, digital, ambil",Positif,0.903
3415,okelah semoga stabil dan ditingkatkan kembali feature nya,Permintaan Bantuan dan Saran Peningkatan,"bantu, tingkat, proses, samsat, rantau",Positif,0.98
3416,biayanya hampir sama mahal dengan bayar pajaknya Listrik harusnya dibedain antara kendaraan listrik dan kendaran biasa pd umumnya,Pembayaran Pajak Kendaraan Online,"bayar, pajak, kendara, tahun, online",Negatif,0.983
3417,sangat instan biarpun bnyk tahapannya,Topik Tidak Relevan,Tidak Ditemukan,Positif,0.775
3418,sangat membantu masyarakat no antri no fc mantap,Kualitas Pelayanan dan Antrean di Samsat,"layan, antri, samsat, masyarakat, respon",Positif,0.999
3419,proses cepat aman pengiriman juga cepat,Proses dan Durasi Pengiriman STNK,"kirim, proses, stnk, tanggal, minggu",Positif,0.993
3420,gak ribet online aja tanpa ada calo mantabbbbbb,Perbandingan Layanan Online vs. Kantor Samsat,"kantor, samsat, online, daerah, kota",Positif,0.77
3421,kita yang bayar pajak kita yang di persulit udah bulan STNK belum di kirim ke rumah informasi dari pos Indonesia STNK belum dikirimkan ke pos Indonesia Tapi di Aplikasi Signal di paksa untuk konfirmasi,Layanan Jasa Kurir Pengiriman,"pos, kirim, via, indonesia, guna",Negatif,0.977
3422,keren mempermudah masyarakat bayar pajak tidak perlu ngantri,Pembayaran Pajak Kendaraan Online,"bayar, pajak, kendara, tahun, online",Positif,0.999
3423,pelayanan yang memuaskan,Kualitas Pelayanan dan Antrean di Samsat,"layan, antri, samsat, masyarakat, respon",Positif,0.981
3424,Sangat mudah dan proses cepat,Proses dan Durasi Pengiriman STNK,"kirim, proses, stnk, tanggal, minggu",Positif,0.98
3425,duduk manis langsung datang deh depan rumah,Layanan Pengiriman STNK ke Rumah,"rumah, langsung, kirim, stnk, samsat",Positif,0.988
3426,mantul bos,Topik Tidak Relevan,Tidak Ditemukan,Positif,0.984
3427,Mempermudah waktu dan Tetap Konsisten ya Team Signal,Proses Pengurusan via Aplikasi SIGNAL,"signal, urus, samsat, digital, ambil",Positif,0.993
3428,cepat prosesnya makasih,Proses dan Durasi Pengiriman STNK,"kirim, proses, stnk, tanggal, minggu",Positif,0.992
3429,oke amanah,Topik Tidak Relevan,Tidak Ditemukan,Positif,0.998
3430,jdi ga ribet tinggal Terima beres mantapp,Layanan Pengiriman STNK ke Rumah,"rumah, langsung, kirim, stnk, samsat",Positif,0.999
3431,proses mudah aman cepat terkendali,Proses dan Durasi Pengiriman STNK,"kirim, proses, stnk, tanggal, minggu",Positif,0.998
3432,recommend deh,Topik Tidak Relevan,Tidak Ditemukan,Positif,0.731
3433,pke apk Signal,Proses Pengurusan via Aplikasi SIGNAL,"signal, urus, samsat, digital, ambil",Negatif,0.414
3434,pastiny proses prpnjng STNK GK pke ribet dan antri,Proses dan Durasi Pengiriman STNK,"kirim, proses, stnk, tanggal, minggu",Positif,0.906
3435,delivery ontime mksh Signal,Proses Pengurusan via Aplikasi SIGNAL,"signal, urus, samsat, digital, ambil",Positif,0.975
3436,sangat membantu buat kami trmksh banyak,Fitur dan Layanan Bantuan Aplikasi,"bikin, sistem, antar, chat, cek",Positif,0.891
3437,tp proses masih lama,Proses dan Durasi Pengiriman STNK,"kirim, proses, stnk, tanggal, minggu",Netral,0.441
3438,cs nya tidur,Kualitas Pelayanan dan Antrean di Samsat,"layan, antri, samsat, masyarakat, respon",Negatif,0.587
3439,pelayanan cepat memuaskan sangat ramah,Kualitas Pelayanan dan Antrean di Samsat,"layan, antri, samsat, masyarakat, respon",Positif,0.997
3440,apaaan ga bisa masuk no rangka,Fitur dan Layanan Bantuan Aplikasi,"bikin, sistem, antar, chat, cek",Negatif,0.517
3441,ga update,Kualitas Pelayanan dan Antrean di Samsat,"layan, antri, samsat, masyarakat, respon",Netral,0.756
3442,udh coba berulang kali,Rincian Biaya Administrasi dan Transaksi,"kali, daftar, biaya, transaksi, ktp",Netral,0.821
3443,cocok untuk pekerja yang ga bisa libur,Kualitas Pelayanan dan Antrean di Samsat,"layan, antri, samsat, masyarakat, respon",Netral,0.469
3444,APK nya lemot pas udah bayar gk bisa buka riwayat transaksi sama sekali padahal sinyal bagus perbaiki lagi lah pake dana maintenence nya buat update ni app,Layanan Pengiriman STNK ke Rumah,"rumah, langsung, kirim, stnk, samsat",Negatif,0.997
3445,aplikasi sudah bagus,Topik Tidak Relevan,Tidak Ditemukan,Positif,0.884
3446,saya baru satu kali menggunakannya,Rincian Biaya Administrasi dan Transaksi,"kali, daftar, biaya, transaksi, ktp",Netral,0.752
3447,tgl mei disahkan tgl mei STNK ku baru sampai ke tangan,Proses dan Durasi Pengiriman STNK,"kirim, proses, stnk, tanggal, minggu",Negatif,0.992
3448,Percuma bikin aplikasi buat mempermudah tapi dilapangan yg ada bikin repot sendiri,Fitur dan Layanan Bantuan Aplikasi,"bikin, sistem, antar, chat, cek",Negatif,0.846
3449,proses cepat untuk perpanjang pajak kendaraan anda good job semoga ke depannya untuk pembayaran bisa melalui credit card juga,Pembayaran Pajak Kendaraan Online,"bayar, pajak, kendara, tahun, online",Positif,0.998
3450,Cepat dan praktis,Topik Tidak Relevan,Tidak Ditemukan,Positif,0.997
3451,Cepat dan Tepat,Topik Tidak Relevan,Tidak Ditemukan,Positif,0.956
3452,praktis hemat waktu dan biaya,Rincian Biaya Administrasi dan Transaksi,"kali, daftar, biaya, transaksi, ktp",Positif,0.998
3453,baik pelayanan cepat,Kualitas Pelayanan dan Antrean di Samsat,"layan, antri, samsat, masyarakat, respon",Positif,0.758
3454,Sangat membantu untuk pembayar pajak yang males keluar,Pembayaran Pajak Kendaraan Online,"bayar, pajak, kendara, tahun, online",Positif,0.939
3455,sudah diterima dalam keadaan baik,Topik Tidak Relevan,Tidak Ditemukan,Netral,0.437
3456,semenjak ada SIGNAL ga pernah datang ke outlet lagi,Proses Pengurusan via Aplikasi SIGNAL,"signal, urus, samsat, digital, ambil",Positif,0.795
3457,dengan aplikasi ini sangat membantu saya yang jauh ke lokasi SAM SAT masukan nya untuk pengiriman semoga ke depan nya lebih cepat terimakasih,Layanan Jasa Kurir Pengiriman,"pos, kirim, via, indonesia, guna",Positif,0.809
3458,Sangat Membantu bagi pekerja yang fulltime,Topik Tidak Relevan,Tidak Ditemukan,Positif,0.96
3459,mantap jadi lebih efisien,Topik Tidak Relevan,Tidak Ditemukan,Positif,1.0
3460,Ternyata membayar pajak bisa sesimple itu dan ini sangat membantu sekali.Tks,Pembayaran Pajak Kendaraan Online,"bayar, pajak, kendara, tahun, online",Positif,0.468
3461,Pra Collecting Mei baru dikirim tgl Mei ga mau nyalahin samsat bumn kalo dikritik takut saya tiba dikarungin,Proses dan Durasi Pengiriman STNK,"kirim, proses, stnk, tanggal, minggu",Negatif,0.998
3462,ini pengiriman dokumennya sampe berbulan yah,Proses dan Durasi Pengiriman STNK,"kirim, proses, stnk, tanggal, minggu",Negatif,0.841
3463,bayar tanggal sampe tanggl,Proses dan Durasi Pengiriman STNK,"kirim, proses, stnk, tanggal, minggu",Positif,0.527
3464,mending jangan pake layanan pengiriman express klo ga ambil sendiri,Layanan Pengiriman STNK ke Rumah,"rumah, langsung, kirim, stnk, samsat",Negatif,0.985
3465,mempermudah dalam memperpanjang pajak kendaraan,Pembayaran Pajak Kendaraan Online,"bayar, pajak, kendara, tahun, online",Positif,0.968
3466,apalagi bagi saya yang perantauan gak repot mesti pulang kampung dulu,Fitur dan Layanan Bantuan Aplikasi,"bikin, sistem, antar, chat, cek",Positif,0.981
3467,gak selalu lewat birojasa dan cepat pula jadinya,Topik Tidak Relevan,Tidak Ditemukan,Positif,0.89
3468,kok gakk sampai pengirimannya,Proses dan Durasi Pengiriman STNK,"kirim, proses, stnk, tanggal, minggu",Negatif,0.846
3469,memudahkan sekali keren,Topik Tidak Relevan,Tidak Ditemukan,Positif,0.985
3470,Pelayanannya cepat dan efektif,Kualitas Pelayanan dan Antrean di Samsat,"layan, antri, samsat, masyarakat, respon",Positif,0.997
3471,Aplikasi membantu sekali untuk kita dalam membayar pajak kendaraan,Pembayaran Pajak Kendaraan Online,"bayar, pajak, kendara, tahun, online",Positif,0.857
3472,Mhon prosess di percepat Jang terlalu lama dari pembayaran dan prosess pengiriman,Proses dan Durasi Pengiriman STNK,"kirim, proses, stnk, tanggal, minggu",Negatif,0.833
3473,harian baru di trima stnk,Rincian Biaya Administrasi dan Transaksi,"kali, daftar, biaya, transaksi, ktp",Negatif,0.593
3474,simple modern mantafffff,Topik Tidak Relevan,Tidak Ditemukan,Positif,0.997
3475,proses mudah dan terpecaya,Proses dan Durasi Pengiriman STNK,"kirim, proses, stnk, tanggal, minggu",Positif,0.98
3476,mudah dan simple,Topik Tidak Relevan,Tidak Ditemukan,Positif,0.994
3477,sangat berguna dan memudahkan untuk pembayaran pajak kendaraan,Pembayaran Pajak Kendaraan Online,"bayar, pajak, kendara, tahun, online",Positif,0.782
3478,semoga makin banyak orang orang taat bayar pajak,Kendala Teknis Aplikasi (Loading),"orang, sibuk, data, bayar, bank",Netral,0.834
3479,Simpel,Topik Tidak Relevan,Tidak Ditemukan,Positif,0.972
3480,Mudah,Topik Tidak Relevan,Tidak Ditemukan,Positif,0.883
3481,Cepat Sampai Rumah,Layanan Pengiriman STNK ke Rumah,"rumah, langsung, kirim, stnk, samsat",Positif,0.971
3482,Niceeeeeee,Topik Tidak Relevan,Tidak Ditemukan,Positif,0.607
3483,lebih memudahkan untuk bayar pajak tidak harus ngantri terimakasih,Pembayaran Pajak Kendaraan Online,"bayar, pajak, kendara, tahun, online",Positif,0.999
3484,simpel praktis tepat sasaran dan bermanfaat banget,Topik Tidak Relevan,Tidak Ditemukan,Positif,1.0
3485,memudahkan buat org yg sibuk yg gak sempat ke samsat langsung buat bayar pajak kendaraan,Pembayaran Pajak Kendaraan Online,"bayar, pajak, kendara, tahun, online",Positif,0.775
3486,memudahkan dan membantu,Topik Tidak Relevan,Tidak Ditemukan,Positif,0.997
3487,bayar pajak yg pertama di kirim ke rumah taun ini bayar pajak onlen tetap harus ke samsat buat apa bayar onlen kalo harus tetap ke samsat,Pembayaran Pajak Kendaraan Online,"bayar, pajak, kendara, tahun, online",Negatif,0.433
3488,sangat membantu pokonya puas banget,Layanan Jasa Kurir Pengiriman,"pos, kirim, via, indonesia, guna",Positif,0.999
3489,Mantab E STNK tetap dikirim,Proses dan Durasi Pengiriman STNK,"kirim, proses, stnk, tanggal, minggu",Positif,0.664
3490,terimakasih semoga semakin joss,Topik Tidak Relevan,Tidak Ditemukan,Positif,0.989
3491,sangat membantu dan memuaskan,Topik Tidak Relevan,Tidak Ditemukan,Positif,0.993
3492,sangat membantu meringankan orang yg susah dalam membayar pajak,Pembayaran Pajak Kendaraan Online,"bayar, pajak, kendara, tahun, online",Positif,0.827
3493,cukup bagus dan memudahkan utk bayar pajak,Pembayaran Pajak Kendaraan Online,"bayar, pajak, kendara, tahun, online",Positif,0.983
3494,Maaf saya ubah bintangnya karena Aplikasi tidak bisa digunakan untuk bayar pajak setiap klik pendaftaran pengesahan STNK selalu keluar notif ridak berhasil di daftarkan,Rincian Biaya Administrasi dan Transaksi,"kali, daftar, biaya, transaksi, ktp",Negatif,0.993
3495,pelayanan sangat baiik terima kasih signal semoga terus berinovasi untuk memudahkan masyarakat dalam membayar pajak,Pembayaran Pajak Kendaraan Online,"bayar, pajak, kendara, tahun, online",Positif,0.997
3496,Mantabb,Topik Tidak Relevan,Tidak Ditemukan,Positif,0.986
3497,bersyukur ada proses perpanjang STNK via SIGNAL memudahkan utk saya,Perpanjangan STNK 5 Tahunan (Ganti Plat),"stnk, panjang, samsat, ganti, plat",Positif,0.981
3498,proses mudah dan cepat pengiriman fisik STNK nya,Proses dan Durasi Pengiriman STNK,"kirim, proses, stnk, tanggal, minggu",Positif,0.931
3499,pembayaran jadi lebih mudah,Pembayaran Pajak Kendaraan Online,"bayar, pajak, kendara, tahun, online",Positif,0.982
3500,tapi kalau pembayaran weekend agak lama prosesnya,Pembayaran Pajak Kendaraan Online,"bayar, pajak, kendara, tahun, online",Negatif,0.563
3501,friendly user banget dan dipermudah sekali dalam pelayanannya,Kualitas Pelayanan dan Antrean di Samsat,"layan, antri, samsat, masyarakat, respon",Positif,0.945
3502,mantab tanpa ribet,Topik Tidak Relevan,Tidak Ditemukan,Positif,0.995
3503,tapi aplikasinya masih suka error,Permintaan Bantuan dan Saran Peningkatan,"bantu, tingkat, proses, samsat, rantau",Negatif,0.969
3504,kalo bisa di perbaiki,Topik Tidak Relevan,Tidak Ditemukan,Netral,0.853
3505,supaya kita yang menggunakan aplikasi merasa terbantu dengan adanya aplikasi ini,Layanan Jasa Kurir Pengiriman,"pos, kirim, via, indonesia, guna",Positif,0.879
3506,semoga ke depannya makin lebih baik,Proses Pengurusan via Aplikasi SIGNAL,"signal, urus, samsat, digital, ambil",Netral,0.97
3507,Sudah beberapa kali menggunakan aplikasi SIGNAL mudah dan cepat sampai di alamat tujuan terima kasih,Proses dan Durasi Pengiriman STNK,"kirim, proses, stnk, tanggal, minggu",Positif,0.965
3508,Sangat membatu sekali ketika mau bayar pajak di kampung yg mengharuskan ada KTP asli sedangkan KTP asli dibawa ke LN,Rincian Biaya Administrasi dan Transaksi,"kali, daftar, biaya, transaksi, ktp",Negatif,0.782
3509,solusinya bayar pajak online prosesnya minggu,Pembayaran Pajak Kendaraan Online,"bayar, pajak, kendara, tahun, online",Netral,0.489
3510,tak perlu ribek antri cukup di rumah ajj mantap,Layanan Pengiriman STNK ke Rumah,"rumah, langsung, kirim, stnk, samsat",Positif,0.997
3511,lebih mudah bayar pajak di signal,Pembayaran Pajak Kendaraan Online,"bayar, pajak, kendara, tahun, online",Positif,0.988
3512,Alhamdulillah Membantu Sekali dengan adanya Signal Online yg Perantauan gak perlu datang ke Lokasi,Perbandingan Layanan Online vs. Kantor Samsat,"kantor, samsat, online, daerah, kota",Positif,1.0
3513,mantap pokoknya,Layanan Jasa Kurir Pengiriman,"pos, kirim, via, indonesia, guna",Positif,0.998
3514,TERBAIK CEPAT,Topik Tidak Relevan,Tidak Ditemukan,Netral,0.758
3515,PROSES HARI STNK UDAH SAMPAI DIRUMAH,Proses dan Durasi Pengiriman STNK,"kirim, proses, stnk, tanggal, minggu",Positif,0.584
3516,sangat membantu sekali proses mudah hanya pengiriman kilat perlu ditingkatkan jadi one day service,Proses dan Durasi Pengiriman STNK,"kirim, proses, stnk, tanggal, minggu",Positif,0.989
3517,sempurna,Topik Tidak Relevan,Tidak Ditemukan,Negatif,0.595
3518,cepat tapi pengiriman lambat di PT Pos Indonesia,Layanan Jasa Kurir Pengiriman,"pos, kirim, via, indonesia, guna",Negatif,0.848
3519,Cocok untuk kita yang tidak ada waktu mengurus secara langsung ke Samsat sangat membantu sekali,Layanan Pengiriman STNK ke Rumah,"rumah, langsung, kirim, stnk, samsat",Positif,0.847
3520,Alhamdulillah aplikasinya sangat membantu,Topik Tidak Relevan,Tidak Ditemukan,Positif,0.999
3521,Walaupun proses nya butuh mingguan sampai berkas diterima semoga sistem nya makin bagus mempermudah kita yg diperantauan,Permintaan Bantuan dan Saran Peningkatan,"bantu, tingkat, proses, samsat, rantau",Positif,0.906
3522,sangat mempermudah dalam membayar pajak kendaraan.terimakasih,Pembayaran Pajak Kendaraan Online,"bayar, pajak, kendara, tahun, online",Positif,0.732
3523,tolong oknum saya mau bayar pajak lewat aplikasi tetapi setiap mendekati bulan nya tidak bisa pengesahan,Pembayaran Pajak Kendaraan Online,"bayar, pajak, kendara, tahun, online",Negatif,0.979
3524,ternyata itu akal akalan oknum suruh ke samsat dengan merubah status menjadi membutuhkan validasi data dan harus ke samsat,Kendala Teknis Aplikasi (Loading),"orang, sibuk, data, bayar, bank",Negatif,0.985
3525,tapi ujung nya dia suruh bayar lewat samsat dengan alasan aplikasi error dan sinyal nya saja itu,Layanan Pengiriman STNK ke Rumah,"rumah, langsung, kirim, stnk, samsat",Negatif,0.998
3526,faktanya mereka merubah statusnya menjadi butuh validasi .tolong yang buat aplikasi dan pemerintah menangani kasus seperti ini,Rincian Biaya Administrasi dan Transaksi,"kali, daftar, biaya, transaksi, ktp",Negatif,0.972
3527,Signal sangat membantu sekali urusan jadi lebih mudah tidak ribet efisiensi tenaga dan waktu,Proses Pengurusan via Aplikasi SIGNAL,"signal, urus, samsat, digital, ambil",Positif,0.997
3528,memudahkan bagi karyawan,Topik Tidak Relevan,Tidak Ditemukan,Positif,0.961
3529,proses mudah tidak harus pulang kampung ke jawa tengah purwokerto,Fitur dan Layanan Bantuan Aplikasi,"bikin, sistem, antar, chat, cek",Positif,0.956
3530,sangt mmbntu cpt,Topik Tidak Relevan,Tidak Ditemukan,Positif,0.897
3531,Alhamdulillah tinggal tunggu di rumah sampai deh praktis simpel.mksh,Layanan Pengiriman STNK ke Rumah,"rumah, langsung, kirim, stnk, samsat",Positif,1.0
3532,lebih mudah dan tidak perlu repot perpanjang pajak kalau BPKB nya msh di leasing,Pembayaran Pajak Kendaraan Online,"bayar, pajak, kendara, tahun, online",Positif,0.999
3533,Dengan adanya aplikasi Signal pembayaran pajak kendaraan jadi mudah tidak harus ke kantor Samsat antri good job,Pembayaran Pajak Kendaraan Online,"bayar, pajak, kendara, tahun, online",Positif,0.958
3534,simple untuk prosesnya semoga bisa di percepat lagi,Proses dan Durasi Pengiriman STNK,"kirim, proses, stnk, tanggal, minggu",Positif,0.99
3535,sangat membantu cuma Minggu baru nyampe lebih di tingkatkan LG ajah trimaksih,Permintaan Bantuan dan Saran Peningkatan,"bantu, tingkat, proses, samsat, rantau",Positif,0.862
3536,kereeen,Topik Tidak Relevan,Tidak Ditemukan,Positif,0.898
3537,memudahkan tanpa harus antri,Kualitas Pelayanan dan Antrean di Samsat,"layan, antri, samsat, masyarakat, respon",Positif,0.998
3538,proses yang sangat cepat tidak ribet mntap deh,Proses dan Durasi Pengiriman STNK,"kirim, proses, stnk, tanggal, minggu",Positif,0.991
3539,wiih mantaaapp pokonya,Layanan Jasa Kurir Pengiriman,"pos, kirim, via, indonesia, guna",Positif,0.983
3540,respon cepat,Kualitas Pelayanan dan Antrean di Samsat,"layan, antri, samsat, masyarakat, respon",Positif,0.956
3541,rekomended,Topik Tidak Relevan,Tidak Ditemukan,Positif,0.882
3542,bagus kerjanya cepat semoga terus selamanya seperti ini,Topik Tidak Relevan,Tidak Ditemukan,Positif,0.991
3543,lebih mudah dan praktis,Topik Tidak Relevan,Tidak Ditemukan,Positif,0.999
3544,cuman pake hape doang udah kelar ndk capek antri,Kualitas Pelayanan dan Antrean di Samsat,"layan, antri, samsat, masyarakat, respon",Positif,0.969
3545,hati TIDAK BISA hapus AKUN,Kendala Teknis Aplikasi (Loading),"orang, sibuk, data, bayar, bank",Negatif,0.813
3546,mantap proses dari daftar sampai kirim cuma hari,Proses dan Durasi Pengiriman STNK,"kirim, proses, stnk, tanggal, minggu",Negatif,0.685
3547,walau yg pertama sempat error di pembayaran pas coba daftar ulang dan berhasil,Rincian Biaya Administrasi dan Transaksi,"kali, daftar, biaya, transaksi, ktp",Negatif,0.966
3548,semenjak memakai signal perpanjang stnk jadi lebih mudah,Perpanjangan STNK 5 Tahunan (Ganti Plat),"stnk, panjang, samsat, ganti, plat",Positif,0.987
3549,untuk pembayaran gampang sekali,Pembayaran Pajak Kendaraan Online,"bayar, pajak, kendara, tahun, online",Positif,0.75
3550,pelayanan sgat cepat dan bgitu mudah OK gk harus ke Samsat dh jadi,Kualitas Pelayanan dan Antrean di Samsat,"layan, antri, samsat, masyarakat, respon",Positif,0.995
3551,Aplikasi sangat membantu disaat mager ke samsat pokoknya Oke deh,Layanan Jasa Kurir Pengiriman,"pos, kirim, via, indonesia, guna",Positif,0.998
3552,sangat membantu yang gak ada waktu buat ke Samsat bayar lewat online oke dah,Perbandingan Layanan Online vs. Kantor Samsat,"kantor, samsat, online, daerah, kota",Positif,0.85
3553,mantap memudahkan bagi yang mau perpanjang STNK,Perpanjangan STNK 5 Tahunan (Ganti Plat),"stnk, panjang, samsat, ganti, plat",Positif,0.993
3554,online proses cepat terhindar dari pencalonan org warga negara baik bayar pajak bukan persulit org byr pajak dgn adanya aplikasi ini signal dpt membantu warga byr pajak mantap,Pembayaran Pajak Kendaraan Online,"bayar, pajak, kendara, tahun, online",Positif,0.928
3555,Peraktis ga ribet saat kondisi LG sibuk bisa melalui online sangat membantu bayar pajak tahunan,Pembayaran Pajak Kendaraan Online,"bayar, pajak, kendara, tahun, online",Positif,0.929
3556,semoga ganti plat juga bisa online seperti bayar pajak,Pembayaran Pajak Kendaraan Online,"bayar, pajak, kendara, tahun, online",Netral,0.991
3557,bagus sangat praktis dan membantu sekalii,Topik Tidak Relevan,Tidak Ditemukan,Positif,0.999
3558,xlo ngirim cepet yg lama dri bapenda apa dri samsat a yuaa,Proses Pengurusan via Aplikasi SIGNAL,"signal, urus, samsat, digital, ambil",Netral,0.866
3559,proses a,Proses dan Durasi Pengiriman STNK,"kirim, proses, stnk, tanggal, minggu",Netral,0.722
3560,sangat mrmbantu,Topik Tidak Relevan,Tidak Ditemukan,Positif,0.524
3561,bagus simple,Topik Tidak Relevan,Tidak Ditemukan,Positif,0.995
3562,sangat membantu dan memudahkan untuk pembayaran pajak kendaraan,Pembayaran Pajak Kendaraan Online,"bayar, pajak, kendara, tahun, online",Positif,0.994
3563,cacat,Topik Tidak Relevan,Tidak Ditemukan,Netral,0.535
3564,ini baru program pemerintah,Perbandingan Layanan Online vs. Kantor Samsat,"kantor, samsat, online, daerah, kota",Positif,0.432
3565,sudah seharusnya mempermudah untuk membayar pajak,Pembayaran Pajak Kendaraan Online,"bayar, pajak, kendara, tahun, online",Positif,0.925
3566,saya senang dgn aplikasi signal,Proses Pengurusan via Aplikasi SIGNAL,"signal, urus, samsat, digital, ambil",Netral,0.548
3567,Masih belum user friendly,Topik Tidak Relevan,Tidak Ditemukan,Negatif,0.523
3568,bayar pajak jadi gk perlu ribet harus bolak balik kalau lg sibuk diluar kota,Perbandingan Layanan Online vs. Kantor Samsat,"kantor, samsat, online, daerah, kota",Positif,0.975
3569,Alhamdulillah di permudah,Topik Tidak Relevan,Tidak Ditemukan,Positif,0.999
3570,sangat terbantu terimakasih signal,Proses Pengurusan via Aplikasi SIGNAL,"signal, urus, samsat, digital, ambil",Positif,0.996
3571,mantap pokoe josss,Topik Tidak Relevan,Tidak Ditemukan,Positif,0.997
3572,aplikasinya keren dan membantu cuma responnya agak lambat,Topik Tidak Relevan,Tidak Ditemukan,Positif,0.791
3573,kok tidak bisa daftar motor,Rincian Biaya Administrasi dan Transaksi,"kali, daftar, biaya, transaksi, ktp",Negatif,0.799
3574,lebih aman praktis dan amanah,Topik Tidak Relevan,Tidak Ditemukan,Positif,1.0
3575,sangat membantu trma kasih,Topik Tidak Relevan,Tidak Ditemukan,Positif,0.986
3576,saran login pake nomer nik saja,Kendala Teknis Aplikasi (Loading),"orang, sibuk, data, bayar, bank",Netral,0.954
3577,amanah terpercaya,Topik Tidak Relevan,Tidak Ditemukan,Positif,0.998
3578,puas banget tidak perlu antri dan tidak buang waktu,Kualitas Pelayanan dan Antrean di Samsat,"layan, antri, samsat, masyarakat, respon",Positif,0.999
3579,cepat sampai,Topik Tidak Relevan,Tidak Ditemukan,Positif,0.799
3580,respon kurang pengiriman hari dari pembayaran tapi lumayan membantu bayar pajak bagi yg sibuk,Pembayaran Pajak Kendaraan Online,"bayar, pajak, kendara, tahun, online",Positif,0.615
3581,memudahkan pajak tahunan,Pembayaran Pajak Kendaraan Online,"bayar, pajak, kendara, tahun, online",Positif,0.546
3582,simple dan tidak ribet,Topik Tidak Relevan,Tidak Ditemukan,Positif,0.967
3583,Sangat membantu utk perpanjangan Pajak Bermotor,Pembayaran Pajak Kendaraan Online,"bayar, pajak, kendara, tahun, online",Positif,0.951
3584,maa syaa Allah,Topik Tidak Relevan,Tidak Ditemukan,Positif,0.913
3585,mantab pelayanan online nya,Kualitas Pelayanan dan Antrean di Samsat,"layan, antri, samsat, masyarakat, respon",Positif,0.996
3586,jossss,Topik Tidak Relevan,Tidak Ditemukan,Positif,0.609
3587,mantapp bayar pajak kendaraan jadi lebih mudah,Pembayaran Pajak Kendaraan Online,"bayar, pajak, kendara, tahun, online",Positif,0.999
3588,Bayar Malam Selasa Hari Kamis sudah sampai ke runah walapun di Kuar Kota,Rincian Biaya Administrasi dan Transaksi,"kali, daftar, biaya, transaksi, ktp",Positif,0.941
3589,sangat membantu bebas calo tidak ribet lebih efektif,Topik Tidak Relevan,Tidak Ditemukan,Positif,0.997
3590,semoga ganti kaleng juga nanti bisa melalui aplikasi ini terimakasih,Permintaan Bantuan dan Saran Peningkatan,"bantu, tingkat, proses, samsat, rantau",Netral,0.991
3591,sangat Membantu,Topik Tidak Relevan,Tidak Ditemukan,Positif,0.939
3592,memudahkan dan sangat bermanfaat,Topik Tidak Relevan,Tidak Ditemukan,Positif,0.983
3593,STNKnya jangan lama lama min ngirimnya masih satu kabupaten ini,Perbandingan Layanan Online vs. Kantor Samsat,"kantor, samsat, online, daerah, kota",Negatif,0.73
3594,jaman sudah maju era digital masih aja apk nya tidak berfungsi,Proses Pengurusan via Aplikasi SIGNAL,"signal, urus, samsat, digital, ambil",Negatif,0.96
3595,mungkin bukan apk nya tapi,Topik Tidak Relevan,Tidak Ditemukan,Negatif,0.82
3596,isi sendiri,Kendala Teknis Aplikasi (Loading),"orang, sibuk, data, bayar, bank",Netral,0.638
3597,Sangat bermanfaat,Topik Tidak Relevan,Tidak Ditemukan,Positif,0.793
3598,jadi tambah mudah dan amanah STNK lngsung nyampe rumah,Layanan Pengiriman STNK ke Rumah,"rumah, langsung, kirim, stnk, samsat",Positif,0.996
3599,pertahankan terus kualitasnya,Perpanjangan STNK 5 Tahunan (Ganti Plat),"stnk, panjang, samsat, ganti, plat",Positif,0.983
3600,dangat membantu sekali untuk memudahkan dgn efisiensi waktu,Topik Tidak Relevan,Tidak Ditemukan,Positif,0.996
3601,Skrg proses nya udh cepet awal dulu hampir minggu,Proses dan Durasi Pengiriman STNK,"kirim, proses, stnk, tanggal, minggu",Positif,0.583
3602,skrg blm ada mngguan kyknya udh sampe rumah,Layanan Pengiriman STNK ke Rumah,"rumah, langsung, kirim, stnk, samsat",Negatif,0.392
3603,saya terdaftar tapi gabisa login tulisannya akun belum terdaftar,Rincian Biaya Administrasi dan Transaksi,"kali, daftar, biaya, transaksi, ktp",Negatif,0.992
3604,memudahkan mengurus pajak kendaraan bermotor,Pembayaran Pajak Kendaraan Online,"bayar, pajak, kendara, tahun, online",Positif,0.981
3605,Saran alamat pengiriman bisa disimpan,Proses dan Durasi Pengiriman STNK,"kirim, proses, stnk, tanggal, minggu",Netral,0.939
3606,Agar ketika proses lagi gak input manual,Proses dan Durasi Pengiriman STNK,"kirim, proses, stnk, tanggal, minggu",Negatif,0.672
3607,Polri selalu untuk masyarakat,Kualitas Pelayanan dan Antrean di Samsat,"layan, antri, samsat, masyarakat, respon",Positif,0.913
3608,Top deh,Topik Tidak Relevan,Tidak Ditemukan,Positif,0.962
3609,kl aplikasi sdh sgt membantu tnp antri,Kualitas Pelayanan dan Antrean di Samsat,"layan, antri, samsat, masyarakat, respon",Positif,0.987
3610,tetapi dlm segi pelayanan live chat sgt tdk bermanfaat,Fitur dan Layanan Bantuan Aplikasi,"bikin, sistem, antar, chat, cek",Negatif,0.973
3611,apalagi segi pengiriman bukti pajak stnk masak hampir bln,Proses dan Durasi Pengiriman STNK,"kirim, proses, stnk, tanggal, minggu",Negatif,0.995
3612,dr tgl april baru smp tgl mei,Proses dan Durasi Pengiriman STNK,"kirim, proses, stnk, tanggal, minggu",Negatif,0.873
3613,mohon diperbaiki system pelayanannya n system pengirimannya sgt sgt sgt kurang,Kualitas Pelayanan dan Antrean di Samsat,"layan, antri, samsat, masyarakat, respon",Netral,0.956
3614,Akhirnya ga perlu jauh jauh buat bayar pajak bisa lewat onlen,Pembayaran Pajak Kendaraan Online,"bayar, pajak, kendara, tahun, online",Netral,0.545
3615,dari pagi sampe malem gabisa buat bayar,Pembayaran Pajak Kendaraan Online,"bayar, pajak, kendara, tahun, online",Netral,0.813
3616,puas bngt,Topik Tidak Relevan,Tidak Ditemukan,Positif,0.963
3617,Mantap aplikasi yg memudahkan qta untuk pembayaran pajak tahunan secara online tanpa qta datang ke samsat.recommended banget pokoknya,Pembayaran Pajak Kendaraan Online,"bayar, pajak, kendara, tahun, online",Positif,0.991
3618,mantap dan sangat bagus juga mepermudah sekali dalam pembayaran pajak kendaraan,Pembayaran Pajak Kendaraan Online,"bayar, pajak, kendara, tahun, online",Positif,0.995
3619,pelayanan lulayan cepat,Kualitas Pelayanan dan Antrean di Samsat,"layan, antri, samsat, masyarakat, respon",Positif,0.975
3620,jadi lebih mudah.cepat dan memuaskan,Topik Tidak Relevan,Tidak Ditemukan,Positif,0.983
3621,cepat tepat,Topik Tidak Relevan,Tidak Ditemukan,Positif,0.956
3622,baru pakai,Topik Tidak Relevan,Tidak Ditemukan,Netral,0.818
3623,okelah,Topik Tidak Relevan,Tidak Ditemukan,Positif,0.92
3624,Juoos gandos,Topik Tidak Relevan,Tidak Ditemukan,Positif,0.483
3625,bagus cepat,Topik Tidak Relevan,Tidak Ditemukan,Positif,0.993
3626,Sangat terbantu dengan adanya pajak online ini,Pembayaran Pajak Kendaraan Online,"bayar, pajak, kendara, tahun, online",Positif,0.872
3627,Apakah pendaftaran pengesahan stnk harus di tanggal berakhirnya plat Saya coba seblum tanggal brakhir slalu muncul pesan belum bisa diproses,Proses dan Durasi Pengiriman STNK,"kirim, proses, stnk, tanggal, minggu",Negatif,0.994
3628,mohon di jawab min,Topik Tidak Relevan,Tidak Ditemukan,Netral,0.959
3629,cepat sekali progres nya jadi yang tidak sempat ke Samsat bisa langsung pake aplikasi signal,Layanan Pengiriman STNK ke Rumah,"rumah, langsung, kirim, stnk, samsat",Positif,0.936
3630,bagus bgt.cepat hari sudah terima aslinya,Rincian Biaya Administrasi dan Transaksi,"kali, daftar, biaya, transaksi, ktp",Positif,0.724
3631,gk pake ribet,Topik Tidak Relevan,Tidak Ditemukan,Positif,0.581
3632,tingkatkan terus pelayanannha,Permintaan Bantuan dan Saran Peningkatan,"bantu, tingkat, proses, samsat, rantau",Netral,0.679
3633,enak ga ribet di perantauan ga perlu buang buang waktu dan uang buat pulang kampung untuk bayar pajak,Fitur dan Layanan Bantuan Aplikasi,"bikin, sistem, antar, chat, cek",Positif,0.896
3634,okehhhh,Topik Tidak Relevan,Tidak Ditemukan,Positif,0.632
3635,aplikasi apaan tidak bisa daftar profil tidak bisa verifikasi wajah lolll,Rincian Biaya Administrasi dan Transaksi,"kali, daftar, biaya, transaksi, ktp",Negatif,0.995
3636,mantaabb,Topik Tidak Relevan,Tidak Ditemukan,Positif,0.604
3637,sangat membatu banget dan proses cepat hari sudah sampai rumah,Layanan Pengiriman STNK ke Rumah,"rumah, langsung, kirim, stnk, samsat",Positif,0.992
3638,Mudah dan tidak sulit sangat membantu kita yang tidak sempat membayar pajak ke outlet secara langsung,Pembayaran Pajak Kendaraan Online,"bayar, pajak, kendara, tahun, online",Positif,0.98
3639,Terimakasih SIGNAL,Proses Pengurusan via Aplikasi SIGNAL,"signal, urus, samsat, digital, ambil",Positif,0.965
3640,sangat menbantu,Topik Tidak Relevan,Tidak Ditemukan,Positif,0.718
3641,proses cepat dan praktis,Proses dan Durasi Pengiriman STNK,"kirim, proses, stnk, tanggal, minggu",Positif,0.996
3642,Memudahkan Masyarakat dalam membayar pajak kendaraan bermotor,Pembayaran Pajak Kendaraan Online,"bayar, pajak, kendara, tahun, online",Positif,0.887
3643,kaya nya masih harus ada perbaikan di aplikasi nya riwayat pemesanan saya ga bisa terlihat pas STNK nya udah sampe baru keluar riwayat nya tolong di perbaiki lagi pengoperasian aplikasi nya,Layanan Pengiriman STNK ke Rumah,"rumah, langsung, kirim, stnk, samsat",Negatif,0.934
3644,sipppp,Topik Tidak Relevan,Tidak Ditemukan,Positif,0.644
3645,mau bayar pajak aja susah bangett,Pembayaran Pajak Kendaraan Online,"bayar, pajak, kendara, tahun, online",Negatif,0.991
3646,udah milih bank abis tu lola teruss,Layanan Pengiriman STNK ke Rumah,"rumah, langsung, kirim, stnk, samsat",Netral,0.648
3647,study banding dulu lah sama toko oren,Topik Tidak Relevan,Tidak Ditemukan,Negatif,0.777
3648,secara online sih mantap,Perbandingan Layanan Online vs. Kantor Samsat,"kantor, samsat, online, daerah, kota",Positif,0.891
3649,cuma sayang banyak biaya admin dll,Rincian Biaya Administrasi dan Transaksi,"kali, daftar, biaya, transaksi, ktp",Negatif,0.945
3650,mantap cepet keren,Topik Tidak Relevan,Tidak Ditemukan,Positif,0.999
3651,pelayanannya cepattt mudahhh dan efisien terimakasih signal,Proses Pengurusan via Aplikasi SIGNAL,"signal, urus, samsat, digital, ambil",Positif,0.999
3652,mau pajak aja di persulit,Pembayaran Pajak Kendaraan Online,"bayar, pajak, kendara, tahun, online",Negatif,0.852
3653,Aplikasi sangat membantu saya lebih praktis,Topik Tidak Relevan,Tidak Ditemukan,Positif,0.998
3654,proses cepat gak smp minggu gak ribet gak pake antri tgl rebahan dr rumah tp klo pajeknya nunggak gak bisa pake signal keknya ini,Proses dan Durasi Pengiriman STNK,"kirim, proses, stnk, tanggal, minggu",Positif,0.997
3655,cepat pelayanannya,Kualitas Pelayanan dan Antrean di Samsat,"layan, antri, samsat, masyarakat, respon",Positif,0.971
3656,mantab alhamdulillah sangat ngebantu saya yg jauh KTP bekasi tinggal di lampung tingal nanti mikirin pajak tahun gimna,Pembayaran Pajak Kendaraan Online,"bayar, pajak, kendara, tahun, online",Positif,1.0
3657,Saya bayar pajak online tapi ambil di lokasi,Pembayaran Pajak Kendaraan Online,"bayar, pajak, kendara, tahun, online",Netral,0.773
3658,Tapi kok prosesnya sama seperti bayar pajak offline musti dilengkapi dokumennya dari awal dan menunggu lama,Kendala Teknis Aplikasi (Loading),"orang, sibuk, data, bayar, bank",Negatif,0.657
3659,Jadi apa bedanya dengan bayar pajak biasa,Pembayaran Pajak Kendaraan Online,"bayar, pajak, kendara, tahun, online",Negatif,0.628
3660,dengan adanya apk signal ini kita membayar pajak jdi lebih mudah tdk perlu repot repot ngantri cukup ketak ketik isi datadirumah selesai goodjob hatur nuhun visan kalo sudah ada yg mudah ngapain cari cari yang repot lewat signal saja bayarpajaknya betul tidak,Proses Pengurusan via Aplikasi SIGNAL,"signal, urus, samsat, digital, ambil",Positif,0.973
3661,All good,Topik Tidak Relevan,Tidak Ditemukan,Positif,0.997
3662,semoga makin berkembang agar bisa melayani pajak tahunan ganti plat kendaraan,Pembayaran Pajak Kendaraan Online,"bayar, pajak, kendara, tahun, online",Netral,0.96
3663,sangat praktis dan efisien,Topik Tidak Relevan,Tidak Ditemukan,Positif,0.997
3664,mantap ga usah repot datang ke samsat langsung di antar ke rumah,Layanan Pengiriman STNK ke Rumah,"rumah, langsung, kirim, stnk, samsat",Positif,1.0
3665,Asli nih apk niat apa enggak si.tertera disitu ada live chat tapi yg jawab robot minta di sambungin sama custumer servis malah jawabnya custumer servis tidak berada di tempat padahal hari dan jam kerja.tlong kejelasannya itu STNK saya kenapa belum dikirim jga mentok di penerbitan dokumen doang udah seminggu,Proses dan Durasi Pengiriman STNK,"kirim, proses, stnk, tanggal, minggu",Negatif,0.997
3666,mantab bayar ny GK perlu k Samsat lagi JD GK capek GK buang waktu lagi aplikasi ny berguna bngett,Perpanjangan STNK 5 Tahunan (Ganti Plat),"stnk, panjang, samsat, ganti, plat",Positif,0.999
3667,gk bisa menambahkan kendaraan gw bingung udh berapa x gw coba,Rincian Biaya Administrasi dan Transaksi,"kali, daftar, biaya, transaksi, ktp",Negatif,0.749
3668,apaan verifikasi email gk dikirim,Layanan Jasa Kurir Pengiriman,"pos, kirim, via, indonesia, guna",Negatif,0.727
3669,dikirim sekali dibuka keterangannya kadaluarsa,Proses dan Durasi Pengiriman STNK,"kirim, proses, stnk, tanggal, minggu",Negatif,0.993
3670,tp gk ada emal masuk lagi,Layanan Jasa Kurir Pengiriman,"pos, kirim, via, indonesia, guna",Negatif,0.638
3671,sangat memuaskan dan praktis terimakasih signal,Proses Pengurusan via Aplikasi SIGNAL,"signal, urus, samsat, digital, ambil",Positif,0.999
3672,G bs daptar sudah jelas tp eror G jelas,Topik Tidak Relevan,Tidak Ditemukan,Negatif,0.996
3673,sumatra utara belum bisaa update lagilaa,Kualitas Pelayanan dan Antrean di Samsat,"layan, antri, samsat, masyarakat, respon",Negatif,0.806
3674,kerenn,Topik Tidak Relevan,Tidak Ditemukan,Positif,0.898
3675,sangan membantu,Fitur dan Layanan Bantuan Aplikasi,"bikin, sistem, antar, chat, cek",Positif,0.996
3676,tingkatkan terus kalo bisa untuk bayar pajak orang lain juga,Pembayaran Pajak Kendaraan Online,"bayar, pajak, kendara, tahun, online",Netral,0.899
3677,tidak harus datang ke kantor Samsat lagi,Perbandingan Layanan Online vs. Kantor Samsat,"kantor, samsat, online, daerah, kota",Negatif,0.381
3678,apa lagi dimusim hujan seperti ini,Proses Pengurusan via Aplikasi SIGNAL,"signal, urus, samsat, digital, ambil",Positif,0.701
3679,lebih dikembangkan lagi,Rincian Biaya Administrasi dan Transaksi,"kali, daftar, biaya, transaksi, ktp",Positif,0.712
3680,bagus sekali,Topik Tidak Relevan,Tidak Ditemukan,Positif,0.813
3681,alhamdulillah sangat terbantu dengan adanya aplikasi ini,Topik Tidak Relevan,Tidak Ditemukan,Positif,0.999
3682,Customer Handlling Servicenya buruk,Topik Tidak Relevan,Tidak Ditemukan,Negatif,0.985
3683,Gak ada manusianya,Topik Tidak Relevan,Tidak Ditemukan,Negatif,0.436
3684,suruh komplain ke robot,Perpanjangan STNK 5 Tahunan (Ganti Plat),"stnk, panjang, samsat, ganti, plat",Negatif,0.996
3685,bayar pajak tanpa antri sangat membantu,Pembayaran Pajak Kendaraan Online,"bayar, pajak, kendara, tahun, online",Positif,0.994
3686,saya gk ngerti,Topik Tidak Relevan,Tidak Ditemukan,Positif,0.652
3687,saya bayar lewat ATM gk bisa lewat Dana gk bisa,Pembayaran Pajak Kendaraan Online,"bayar, pajak, kendara, tahun, online",Negatif,0.672
3688,Rating aja,Topik Tidak Relevan,Tidak Ditemukan,Netral,0.563
3689,mudah dan cepat sangat rekomended untuk melakulan pembayaran pajak kendaran,Pembayaran Pajak Kendaraan Online,"bayar, pajak, kendara, tahun, online",Positif,0.997
3690,bikin aplikasi mahal sering susah dipake,Fitur dan Layanan Bantuan Aplikasi,"bikin, sistem, antar, chat, cek",Negatif,0.999
3691,Bayar PKB mudah dengan online,Pembayaran Pajak Kendaraan Online,"bayar, pajak, kendara, tahun, online",Positif,0.928
3692,tinggal input data tunggu hari dikirim ke alamat tujuan,Proses dan Durasi Pengiriman STNK,"kirim, proses, stnk, tanggal, minggu",Negatif,0.61
3693,pengurusan jadi lebih mudah tidak perlu antre,Proses Pengurusan via Aplikasi SIGNAL,"signal, urus, samsat, digital, ambil",Positif,0.999
3694,Sangat Memudahkan,Topik Tidak Relevan,Tidak Ditemukan,Positif,0.811
3695,CPT mudah hari sampe Samsat Cikrg ke Tangerang pdhl,Rincian Biaya Administrasi dan Transaksi,"kali, daftar, biaya, transaksi, ktp",Positif,0.982
3696,Mempermudah membayar pajak,Pembayaran Pajak Kendaraan Online,"bayar, pajak, kendara, tahun, online",Positif,0.871
3697,proses cepat aplikasi mudah digunakan,Proses dan Durasi Pengiriman STNK,"kirim, proses, stnk, tanggal, minggu",Positif,0.986
3698,Alhamdulillah STNK lgasg dikirim dri tegal bekasi,Proses dan Durasi Pengiriman STNK,"kirim, proses, stnk, tanggal, minggu",Negatif,0.608
3699,jadi gk perlu jauh pulang kmapung untuk bayar pajak tahunan,Pembayaran Pajak Kendaraan Online,"bayar, pajak, kendara, tahun, online",Positif,0.856
3700,thanks signal semoga semakin lebih baik lagi,Proses Pengurusan via Aplikasi SIGNAL,"signal, urus, samsat, digital, ambil",Positif,0.931
3701,membantu sekali dlm perpanjang STNK TDK ribet,Perpanjangan STNK 5 Tahunan (Ganti Plat),"stnk, panjang, samsat, ganti, plat",Positif,0.953
3702,mantap apk nya tak payah pulang kampung bisa perpanjang stnk,Perpanjangan STNK 5 Tahunan (Ganti Plat),"stnk, panjang, samsat, ganti, plat",Positif,0.878
3703,butuh yang pasti setiap kali saya masuk data nomor registrasi kendaraan sllu di bilang cek kembali data anda mohon bantuannya,Rincian Biaya Administrasi dan Transaksi,"kali, daftar, biaya, transaksi, ktp",Negatif,0.949
3704,Lebih cepat lebih baik dan mudah dengan Signal,Proses Pengurusan via Aplikasi SIGNAL,"signal, urus, samsat, digital, ambil",Positif,0.998
3705,Memudahkan WP,Topik Tidak Relevan,Tidak Ditemukan,Positif,0.954
3706,sangat membantu sekali terima kasih pak polisiiii,Topik Tidak Relevan,Tidak Ditemukan,Positif,0.978
3707,stnk nya belum saya terima sampai sekarang pengirimannya lambat sekali mohon diperbaiki lagi kinerja engirimannya agar mudah bagi kami melacaknya,Proses dan Durasi Pengiriman STNK,"kirim, proses, stnk, tanggal, minggu",Negatif,0.99
3708,sangat bermanfaat untuk yg sibuk dan tidak sempat datang ke samsat,Kendala Teknis Aplikasi (Loading),"orang, sibuk, data, bayar, bank",Positif,0.756
3709,pembayaran mudah dan dokumen langsung di antar,Layanan Pengiriman STNK ke Rumah,"rumah, langsung, kirim, stnk, samsat",Positif,0.969
3710,tapi sayang gak dpt stiker untuk stnk jadi harus print lagi,Perpanjangan STNK 5 Tahunan (Ganti Plat),"stnk, panjang, samsat, ganti, plat",Negatif,0.986
3711,trus juga pengiriman agak lama meskipun saya pakai jasa pengiriman yg instan,Layanan Jasa Kurir Pengiriman,"pos, kirim, via, indonesia, guna",Netral,0.478
3712,h dokumen baru diantar ke rumah,Layanan Pengiriman STNK ke Rumah,"rumah, langsung, kirim, stnk, samsat",Positif,0.521
3713,cuma saran untuk pengiriman bisa di percepat,Proses dan Durasi Pengiriman STNK,"kirim, proses, stnk, tanggal, minggu",Netral,0.902
3714,thank,Topik Tidak Relevan,Tidak Ditemukan,Positif,0.692
3715,apk nya bagus mempermudah pembayaran pajak berbasis online ga perlu ke samsat cuma di hp doang,Pembayaran Pajak Kendaraan Online,"bayar, pajak, kendara, tahun, online",Positif,0.993
3716,jadi lebih mudahhebat aplikasi nya,Topik Tidak Relevan,Tidak Ditemukan,Positif,0.714
3717,ditunggu untuk kendaraan mobil nya biar ada aplikasi seperti ini sehingga lebih mudah lagi,Rincian Biaya Administrasi dan Transaksi,"kali, daftar, biaya, transaksi, ktp",Netral,0.753
3718,baru ini sdh jatuh tempo pajak stnk tp blm bayar gara aplikasinya bobrok sampe skrg jadi gk bisa bayar pajak stnk,Pembayaran Pajak Kendaraan Online,"bayar, pajak, kendara, tahun, online",Negatif,0.89
3719,sudahlah gk usah bayar pajak,Pembayaran Pajak Kendaraan Online,"bayar, pajak, kendara, tahun, online",Netral,0.501
3720,MasyaAllah alhamdulillah semakin memudahkan dalam membayar pajak,Pembayaran Pajak Kendaraan Online,"bayar, pajak, kendara, tahun, online",Positif,0.997
3721,Terima kasih Pak Polisi dengan Aplikasi signal ini kita sangat terbantu,Proses Pengurusan via Aplikasi SIGNAL,"signal, urus, samsat, digital, ambil",Positif,0.987
3722,Memudahkan TOP,Topik Tidak Relevan,Tidak Ditemukan,Positif,0.991
3723,sangat membantu untuk kaya saya yng mager,Topik Tidak Relevan,Tidak Ditemukan,Positif,0.927
3724,jadi tidak males bayar pajak,Pembayaran Pajak Kendaraan Online,"bayar, pajak, kendara, tahun, online",Positif,0.75
3725,jadi ingin aktif bayar pajak,Pembayaran Pajak Kendaraan Online,"bayar, pajak, kendara, tahun, online",Positif,0.471
3726,sangat buruk perlu perbaikan total,Topik Tidak Relevan,Tidak Ditemukan,Negatif,0.826
3727,lebih baik bayar offline ja datang langsung ke Samsat bagi yg punya waktu dan buat yg kerja ambil cutimu karena layanan online sangat lama prosesnya kata adminnya membutuhkan hari kerja tidak termasuk hari Minggu dan tanggal merah pengiriman data STNK hanya pakai pos Indonesia tidak ada opsi lain,Proses dan Durasi Pengiriman STNK,"kirim, proses, stnk, tanggal, minggu",Netral,0.495
3728,pokonya riweh ja,Layanan Jasa Kurir Pengiriman,"pos, kirim, via, indonesia, guna",Positif,0.7
3729,proses dari tanggal mei sampe sekarang tgl mei belum sampai juga STNK Saya,Proses dan Durasi Pengiriman STNK,"kirim, proses, stnk, tanggal, minggu",Negatif,0.993
3730,bagus memudahkan,Topik Tidak Relevan,Tidak Ditemukan,Positif,0.994
3731,sangat membantu melalui signal semoga semakin stabil dan lebih baik lagi untuk pembayaran melalui online,Pembayaran Pajak Kendaraan Online,"bayar, pajak, kendara, tahun, online",Positif,0.975
3732,sangat membantu dan memudahkan sekali trimakasih,Topik Tidak Relevan,Tidak Ditemukan,Positif,0.997
3733,Aplikasi cukup bagus,Topik Tidak Relevan,Tidak Ditemukan,Positif,0.82
3734,ga membantu sama sekali,Topik Tidak Relevan,Tidak Ditemukan,Positif,0.92
3735,susah di download,Rincian Biaya Administrasi dan Transaksi,"kali, daftar, biaya, transaksi, ktp",Negatif,0.967
3736,parah mau pembayaran aja losing nya sampe hari padahal mau bayar pak aplikasi ngak guna,Pembayaran Pajak Kendaraan Online,"bayar, pajak, kendara, tahun, online",Negatif,0.996
3737,di proses dan pengiriman nya agak lama ya kirain langsung di tangganin pas proses bayar,Proses dan Durasi Pengiriman STNK,"kirim, proses, stnk, tanggal, minggu",Negatif,0.608
3738,tapi lumayaan lah dr pd nunggu berjam di samsat mhn di tingkatkan lagi kinerja nya agar lebih cepat,Proses Pengurusan via Aplikasi SIGNAL,"signal, urus, samsat, digital, ambil",Netral,0.782
3739,Teruntuk yang membuat aplikasi ini anda ingin membuat masyarakat jadi lebih mudah apa jadi ribet,Fitur dan Layanan Bantuan Aplikasi,"bikin, sistem, antar, chat, cek",Positif,0.482
3740,mau bayar pajak aja susah eror mulu pelayanan macam apa ini,Pembayaran Pajak Kendaraan Online,"bayar, pajak, kendara, tahun, online",Negatif,0.999
3741,ga bisa tambah kendaraan kk,Rincian Biaya Administrasi dan Transaksi,"kali, daftar, biaya, transaksi, ktp",Netral,0.752
3742,apk ga jelas,Topik Tidak Relevan,Tidak Ditemukan,Negatif,0.981
3743,Mantap kalau minta dicetakkan dan dirim ke alamat bisa ya karena sudah terlanjur pilih tidak dikirim,Proses dan Durasi Pengiriman STNK,"kirim, proses, stnk, tanggal, minggu",Netral,0.67
3744,Aplikasi g guna,Layanan Jasa Kurir Pengiriman,"pos, kirim, via, indonesia, guna",Negatif,0.416
3745,Sama seperti sampah,Kualitas Pelayanan dan Antrean di Samsat,"layan, antri, samsat, masyarakat, respon",Negatif,0.782
3746,Aplikasi sangat membantu tidak perlu keluar rumah,Layanan Pengiriman STNK ke Rumah,"rumah, langsung, kirim, stnk, samsat",Positif,0.991
3747,aplikasi sangat tidak berguna sejagad raya pindah planet Mars aja yang buat ini siapa tau alien tertarik,Layanan Jasa Kurir Pengiriman,"pos, kirim, via, indonesia, guna",Negatif,0.976
3748,biaya aplikasi,Rincian Biaya Administrasi dan Transaksi,"kali, daftar, biaya, transaksi, ktp",Negatif,0.811
3749,biaya perbankan,Rincian Biaya Administrasi dan Transaksi,"kali, daftar, biaya, transaksi, ktp",Negatif,0.895
3750,monopoli,Topik Tidak Relevan,Tidak Ditemukan,Negatif,0.585
3751,transaksi di platfom lain di tutup feodalisme,Rincian Biaya Administrasi dan Transaksi,"kali, daftar, biaya, transaksi, ktp",Negatif,0.89
3752,makin kesni makin diduitin nih aplikasi bnyak tambahan biaya aneh ujung nya jdi mahal,Rincian Biaya Administrasi dan Transaksi,"kali, daftar, biaya, transaksi, ktp",Negatif,0.985
3753,padahal pas awal ga begini paling cuma selisih ongkir aja,Rincian Biaya Administrasi dan Transaksi,"kali, daftar, biaya, transaksi, ktp",Negatif,0.934
3754,sangat membantu proses cepat cm kl bisa di pencetakan sm pengiriman bisa di lebih dipercepat,Proses dan Durasi Pengiriman STNK,"kirim, proses, stnk, tanggal, minggu",Positif,0.968
3755,best banget,Topik Tidak Relevan,Tidak Ditemukan,Positif,0.966
3756,jadi tinggal duduk manis doang dirumah STNK jadi,Layanan Pengiriman STNK ke Rumah,"rumah, langsung, kirim, stnk, samsat",Positif,0.997
3757,Salah satu aplikasi pemerintah yg sangat bagus udh pake bbrp tahun ini dan gak pernah ke samsat lg kecuali ganti plat,Perpanjangan STNK 5 Tahunan (Ganti Plat),"stnk, panjang, samsat, ganti, plat",Positif,0.742
3758,STNK jadi langsung dikirim ke rumah,Layanan Pengiriman STNK ke Rumah,"rumah, langsung, kirim, stnk, samsat",Positif,0.783
3759,Cuma sayangnya sekalinya milih ngambil STNK di samsat krn pindah rumah prosedurnya belibet,Layanan Pengiriman STNK ke Rumah,"rumah, langsung, kirim, stnk, samsat",Negatif,0.97
3760,Pake fotokopi ktp fotokopi stnk bawa stnk asli harus pake map,Perpanjangan STNK 5 Tahunan (Ganti Plat),"stnk, panjang, samsat, ganti, plat",Negatif,0.956
3761,Hadeh balik lg ke jaman batu,Perbandingan Layanan Online vs. Kantor Samsat,"kantor, samsat, online, daerah, kota",Negatif,0.911
3762,Klo mau aman selain pake ktp paling gak kasi barcode kek buat pengambilan ato apalah gitu,Proses Pengurusan via Aplikasi SIGNAL,"signal, urus, samsat, digital, ambil",Netral,0.596
3763,Tapi overall sangat memuaskan dua jempol ke atas,Topik Tidak Relevan,Tidak Ditemukan,Positif,0.97
3764,sangat memudahkan bayar pajak,Pembayaran Pajak Kendaraan Online,"bayar, pajak, kendara, tahun, online",Positif,0.797
3765,daftarin stnk aj susah gmna mo bayar pajaknya,Pembayaran Pajak Kendaraan Online,"bayar, pajak, kendara, tahun, online",Negatif,0.998
3766,layanan aneh,Kualitas Pelayanan dan Antrean di Samsat,"layan, antri, samsat, masyarakat, respon",Negatif,0.869
3767,layanan g bagus mo bayar pajak aj sulit,Pembayaran Pajak Kendaraan Online,"bayar, pajak, kendara, tahun, online",Negatif,0.527
3768,sangat berguna dan cepat respon terimakasih pak atas bantuannya,Permintaan Bantuan dan Saran Peningkatan,"bantu, tingkat, proses, samsat, rantau",Positif,0.989
3769,Namun untuk aplikasinya untuk tiap responnya masih agak lambat,Topik Tidak Relevan,Tidak Ditemukan,Negatif,0.976
3770,Saya rasa masih dapat ditingkatkan untuk lebih di optimalkan aplikasinya,Permintaan Bantuan dan Saran Peningkatan,"bantu, tingkat, proses, samsat, rantau",Positif,0.525
3771,Sangat membantu sekali prosesnya muda dan cepat mungkin hanya di pengiriman nya saja yg butuh waktu,Proses dan Durasi Pengiriman STNK,"kirim, proses, stnk, tanggal, minggu",Positif,0.975
3772,engga bisa masukan mobil milik ibuku,Rincian Biaya Administrasi dan Transaksi,"kali, daftar, biaya, transaksi, ktp",Negatif,0.553
3773,banyak eror koneksi bagus tapi di apk disuruh ngulang terus,Perpanjangan STNK 5 Tahunan (Ganti Plat),"stnk, panjang, samsat, ganti, plat",Negatif,0.998
3774,luar biasa mempermudah pembayaran pajak dan tidak perlu antri,Pembayaran Pajak Kendaraan Online,"bayar, pajak, kendara, tahun, online",Positif,0.952
3775,Sangat memudahkan dan cepat,Topik Tidak Relevan,Tidak Ditemukan,Positif,0.973
3776,Sdh kali menggunakan aplikasi ini,Rincian Biaya Administrasi dan Transaksi,"kali, daftar, biaya, transaksi, ktp",Netral,0.383
3777,Alhamdulillah hari udah di anter kerumah semoga bisa seterusnya,Layanan Pengiriman STNK ke Rumah,"rumah, langsung, kirim, stnk, samsat",Positif,1.0
3778,sangat membantu untuk kita perantau yang setiap tahun enggak rutin mudik,Pembayaran Pajak Kendaraan Online,"bayar, pajak, kendara, tahun, online",Positif,0.959
3779,keren si ini aplikasi membantu sekali,Topik Tidak Relevan,Tidak Ditemukan,Positif,0.984
3780,uang saya belum dikembalikan udah hampir bulan respon lambat sekali nyesel sempet bayar pajak pake signal,Proses Pengurusan via Aplikasi SIGNAL,"signal, urus, samsat, digital, ambil",Negatif,0.998
3781,ternyata gagal dan uang ga kembali,Proses Pengurusan via Aplikasi SIGNAL,"signal, urus, samsat, digital, ambil",Negatif,0.991
3782,sudah daftar tapi datanya gak muncul,Kendala Teknis Aplikasi (Loading),"orang, sibuk, data, bayar, bank",Negatif,0.993
3783,apa karena tangan kedua ya,Proses Pengurusan via Aplikasi SIGNAL,"signal, urus, samsat, digital, ambil",Netral,0.735
3784,cepat sekali sat set langsung sampe rumah,Layanan Pengiriman STNK ke Rumah,"rumah, langsung, kirim, stnk, samsat",Positif,0.999
3785,gile benar harusnya setiap tahun turun pajaknya tahun ini waw naek ya,Pembayaran Pajak Kendaraan Online,"bayar, pajak, kendara, tahun, online",Netral,0.696
3786,Langsung sampai ke rumah,Layanan Pengiriman STNK ke Rumah,"rumah, langsung, kirim, stnk, samsat",Positif,0.869
3787,aplikasi ini sangat tidak membantu para perantauan,Permintaan Bantuan dan Saran Peningkatan,"bantu, tingkat, proses, samsat, rantau",Positif,0.977
3788,error trs,Topik Tidak Relevan,Tidak Ditemukan,Negatif,0.71
3789,sangat buruk pelayanan pengiriman terlalu lama,Kualitas Pelayanan dan Antrean di Samsat,"layan, antri, samsat, masyarakat, respon",Negatif,0.981
3790,real stnk diantar krmh wlaupun agak lama,Layanan Pengiriman STNK ke Rumah,"rumah, langsung, kirim, stnk, samsat",Positif,0.888
3791,trmksih,Topik Tidak Relevan,Tidak Ditemukan,Positif,0.455
3792,terima kasih pelayanan sangat baik dan cepat,Kualitas Pelayanan dan Antrean di Samsat,"layan, antri, samsat, masyarakat, respon",Positif,0.994
3793,Dengan adanya aplikasi signal cukup membantu dan mempermudah masyarakat ga perlu antri tapi ko sya mau nambahin kendaraan sendiri knpa ga bisa ya padahal nomor yg sya masukin bener,Kualitas Pelayanan dan Antrean di Samsat,"layan, antri, samsat, masyarakat, respon",Positif,0.98
3794,rekomendasi,Topik Tidak Relevan,Tidak Ditemukan,Positif,0.829
3795,pembayarannya gagal teruss gk bisa,Pembayaran Pajak Kendaraan Online,"bayar, pajak, kendara, tahun, online",Negatif,0.929
3796,cepat dan terpercaya,Topik Tidak Relevan,Tidak Ditemukan,Positif,0.991
3797,sangat memudahkan mantap,Topik Tidak Relevan,Tidak Ditemukan,Positif,0.992
3798,mempermudah proses pembayaran pajak kendaraan semoga kedepannya pelayanannya bisa lebih baik lagi,Pembayaran Pajak Kendaraan Online,"bayar, pajak, kendara, tahun, online",Positif,0.961
3799,palayan cepat pengiriman juga cept,Proses dan Durasi Pengiriman STNK,"kirim, proses, stnk, tanggal, minggu",Positif,0.917
3800,mantab pelayanan dan pengiriman cepat,Kualitas Pelayanan dan Antrean di Samsat,"layan, antri, samsat, masyarakat, respon",Positif,0.999
3801,Digitalisasi Jabar telah terealisasikan,Topik Tidak Relevan,Tidak Ditemukan,Positif,0.839
3802,sangat memudahkan tidak perlu antri di samsat,Kualitas Pelayanan dan Antrean di Samsat,"layan, antri, samsat, masyarakat, respon",Positif,0.997
3803,sangat bagus sangat membantu mempermudahkan kita dalam kegiatan pembayaran pajak STNK,Pembayaran Pajak Kendaraan Online,"bayar, pajak, kendara, tahun, online",Positif,0.996
3804,crash mulu,Topik Tidak Relevan,Tidak Ditemukan,Negatif,0.975
3805,alhamdulillah sangat membantu aplikasi ini,Topik Tidak Relevan,Tidak Ditemukan,Positif,0.999
3806,perpanjangan pajak STNK lebih mudah menggunakan aplikasi Signal sekarang gak cape panas antri bawa berkas foto kopi,Perpanjangan STNK 5 Tahunan (Ganti Plat),"stnk, panjang, samsat, ganti, plat",Positif,0.995
3807,dan pengiriman cepat,Proses dan Durasi Pengiriman STNK,"kirim, proses, stnk, tanggal, minggu",Positif,0.637
3808,mempermudah dengan adanya pembayaran melalui aplikasi online sangat mudah dan cepat di proses,Pembayaran Pajak Kendaraan Online,"bayar, pajak, kendara, tahun, online",Positif,0.943
3809,manteb kalo dokumen cepet,Layanan Jasa Kurir Pengiriman,"pos, kirim, via, indonesia, guna",Positif,0.997
3810,aplikasi nya sangat membantu,Topik Tidak Relevan,Tidak Ditemukan,Positif,0.927
3811,tapi sayangnya jasa pengiriman nya lama,Layanan Jasa Kurir Pengiriman,"pos, kirim, via, indonesia, guna",Negatif,0.539
3812,boleh lahh,Topik Tidak Relevan,Tidak Ditemukan,Netral,0.768
3813,kok gak bisa bayar pajak mobil bukan atas nama milik sendiri tnkbnya,Layanan Pengiriman STNK ke Rumah,"rumah, langsung, kirim, stnk, samsat",Netral,0.694
3814,sangat mudah dan sangat terbantu,Topik Tidak Relevan,Tidak Ditemukan,Positif,0.986
3815,pengiriman dokumen kurleb minggu,Proses dan Durasi Pengiriman STNK,"kirim, proses, stnk, tanggal, minggu",Negatif,0.969
3816,sgt cepat dan praktis,Topik Tidak Relevan,Tidak Ditemukan,Positif,0.992
3817,sgt membantu,Topik Tidak Relevan,Tidak Ditemukan,Positif,0.939
3818,Aplikasi sangat membantu dalam pembayaran pajak kendaraan bermotor dan pengirimannya sudah ada perbaikan relatif lebih cepat dari tahun lalu,Pembayaran Pajak Kendaraan Online,"bayar, pajak, kendara, tahun, online",Positif,0.803
3819,pembayaran yg sangat simpel gak ribet memuaskan terpercaya saya puas dengan aplikasi SIGNAL ini,Proses Pengurusan via Aplikasi SIGNAL,"signal, urus, samsat, digital, ambil",Positif,0.999
3820,mantap tapi pengiriman minggu,Proses dan Durasi Pengiriman STNK,"kirim, proses, stnk, tanggal, minggu",Positif,0.616
3821,sangat mempermudah membayar pajak kendaraan terimakasih signal,Pembayaran Pajak Kendaraan Online,"bayar, pajak, kendara, tahun, online",Positif,0.985
3822,kok tidak bisa melakukan pembayaran pajak tahunan ya udah dicoba berkali bahkan ganti device tetap ga bisa,Pembayaran Pajak Kendaraan Online,"bayar, pajak, kendara, tahun, online",Netral,0.781
3823,memudahkan layanan publik bisa dikirim langsung ke rumah tanpa ngantri,Layanan Pengiriman STNK ke Rumah,"rumah, langsung, kirim, stnk, samsat",Positif,0.999
3824,pengiriman nya sangat lama,Proses dan Durasi Pengiriman STNK,"kirim, proses, stnk, tanggal, minggu",Negatif,0.662
3825,nama nya doang live chat tapi yg jwb pesan otomatis semua,Fitur dan Layanan Bantuan Aplikasi,"bikin, sistem, antar, chat, cek",Negatif,0.972
3826,Sangat membantu untuk yang tinggal jauh dari samsat daerah,Perbandingan Layanan Online vs. Kantor Samsat,"kantor, samsat, online, daerah, kota",Positif,0.974
3827,tidak perlu datang ke kantor Samsat untuk antri,Perbandingan Layanan Online vs. Kantor Samsat,"kantor, samsat, online, daerah, kota",Positif,0.982
3828,hanya dgn HP urusan bayar pajak bisa di bayar dgn mudah,Pembayaran Pajak Kendaraan Online,"bayar, pajak, kendara, tahun, online",Positif,0.952
3829,terima kasih Signal dan pos Indonesia,Layanan Jasa Kurir Pengiriman,"pos, kirim, via, indonesia, guna",Positif,0.943
3830,Cool ok,Topik Tidak Relevan,Tidak Ditemukan,Positif,0.468
3831,aplikasi SAMPAH niat bener bayar pajak udah dibayar malah dibatalin sistem uang belum kembali udah bulan hari status pengembalian dana mulu aplikasi SAMPAH,Pembayaran Pajak Kendaraan Online,"bayar, pajak, kendara, tahun, online",Negatif,0.998
3832,mantap sekarang gak perlu datang memudahkan untuk warga yang jauh dari domisili tinggal isi di apk cepat sampe juga untuk yang sibuk bekerja pun aman jadi gk perlu lewat biro jasa terima kasih,Perpanjangan STNK 5 Tahunan (Ganti Plat),"stnk, panjang, samsat, ganti, plat",Positif,0.999
3833,Sangat membantu untuk kami yang berdomisili diluar kota semoga untuk pajak tahunannya juga bisa lebih fleksibel seperti bayar pajak tahunan,Pembayaran Pajak Kendaraan Online,"bayar, pajak, kendara, tahun, online",Positif,0.983
3834,sukses buat Samsat Indonesia,Layanan Jasa Kurir Pengiriman,"pos, kirim, via, indonesia, guna",Positif,0.836
3835,pelayanan dan proses ny ruar biasa sat set pemirsah,Kualitas Pelayanan dan Antrean di Samsat,"layan, antri, samsat, masyarakat, respon",Positif,0.995
3836,gk harus kesana,Topik Tidak Relevan,Tidak Ditemukan,Positif,0.663
3837,sistemnya benerin ngapa pak masa terjadi kesalahan sistem mulu mau donlot qr,Fitur dan Layanan Bantuan Aplikasi,"bikin, sistem, antar, chat, cek",Negatif,0.957
3838,ntar kalau ditilang ga bisa nunjukin qr salah lagi,Topik Tidak Relevan,Tidak Ditemukan,Negatif,0.949
3839,so an pake apk buat bayar pajak secara online system vermuk aja masih eror dasar pemerintah gak guna,Pembayaran Pajak Kendaraan Online,"bayar, pajak, kendara, tahun, online",Negatif,0.967
3840,liveness nya susah banget error teros wadoh cacad jadi nyusahin orang kalau develop app yang bener testing sebelum rilis nya yang bener bos,Kendala Teknis Aplikasi (Loading),"orang, sibuk, data, bayar, bank",Negatif,0.999
3841,udah yang kedua kalinya saya bayar pajak motor di aplikasi ini,Pembayaran Pajak Kendaraan Online,"bayar, pajak, kendara, tahun, online",Netral,0.487
3842,Pengirimannya lama banget,Proses dan Durasi Pengiriman STNK,"kirim, proses, stnk, tanggal, minggu",Negatif,0.914
3843,Aplikasi ampasss Mw daftar Pengesahan STNK aja disuruh ke samsat,Perpanjangan STNK 5 Tahunan (Ganti Plat),"stnk, panjang, samsat, ganti, plat",Negatif,0.998
3844,Nih aplikasi bayar Online guna enggak sih,Pembayaran Pajak Kendaraan Online,"bayar, pajak, kendara, tahun, online",Negatif,0.803
3845,Ribeeettt,Topik Tidak Relevan,Tidak Ditemukan,Negatif,0.55
3846,stnk tidak sampai dibilangnya selesai .pelayanan sangat tidak memuaskan,Kualitas Pelayanan dan Antrean di Samsat,"layan, antri, samsat, masyarakat, respon",Negatif,0.582
3847,kenak biaya pengiriman dokumen tapi stnk yg sudah tercetak tidak dikirim,Proses dan Durasi Pengiriman STNK,"kirim, proses, stnk, tanggal, minggu",Negatif,0.984
3848,ini namanya pungli berarrti,Layanan Pengiriman STNK ke Rumah,"rumah, langsung, kirim, stnk, samsat",Netral,0.66
3849,Sangat membantu tanpa perlu antri,Kualitas Pelayanan dan Antrean di Samsat,"layan, antri, samsat, masyarakat, respon",Positif,0.998
3850,susah verifikasi data selalu di tolak padahal saya mau bayar pajak,Pembayaran Pajak Kendaraan Online,"bayar, pajak, kendara, tahun, online",Negatif,0.998
3851,apk aneh ga bsa daftar pdhal data sesuai,Rincian Biaya Administrasi dan Transaksi,"kali, daftar, biaya, transaksi, ktp",Negatif,0.998
3852,biasanya bayar lancar aja sekarang susah ya,Pembayaran Pajak Kendaraan Online,"bayar, pajak, kendara, tahun, online",Negatif,0.7
3853,kebanyakan erornya,Topik Tidak Relevan,Tidak Ditemukan,Negatif,0.96
3854,NIK tidak terbaca harus verifikasi ke dukcapil terus bulan kemarin bayar pajak ko bisa bikin KK baru ko bisa aneh,Proses dan Durasi Pengiriman STNK,"kirim, proses, stnk, tanggal, minggu",Negatif,0.987
3855,padahal memudahkan kita membayar pajak tpi aplikasinya sekarang susah diakses,Pembayaran Pajak Kendaraan Online,"bayar, pajak, kendara, tahun, online",Negatif,0.797
3856,kenapa saat memilih bank selalu loading sudah beberapa kali saya ganti data dan wifi tetap loading tidak bisa memilih bank,Kendala Teknis Aplikasi (Loading),"orang, sibuk, data, bayar, bank",Negatif,0.967
3857,friendly user,Topik Tidak Relevan,Tidak Ditemukan,Negatif,0.489
3858,bagus bgt aplikasi ini,Topik Tidak Relevan,Tidak Ditemukan,Positif,0.791
3859,aku di solo tp perpnjg kndaaran plat jogja gak smpe hr surat pajak stnk udah smpe rumah solo,Perpanjangan STNK 5 Tahunan (Ganti Plat),"stnk, panjang, samsat, ganti, plat",Positif,0.97
3860,sudah langganan menggunakan aplikasi ini ga ribet dan ga harus antri,Kualitas Pelayanan dan Antrean di Samsat,"layan, antri, samsat, masyarakat, respon",Positif,0.933
3861,user interface manarik penggunaan mudah,Layanan Jasa Kurir Pengiriman,"pos, kirim, via, indonesia, guna",Positif,0.982
3862,alhamdulillah amanah yah dan jadi lebih mudah bayarnya secara online,Pembayaran Pajak Kendaraan Online,"bayar, pajak, kendara, tahun, online",Positif,1.0
3863,saya mau bayar pajak selalu belum jatuh tempo padahal status stnk sudah tidak aktif,Perbandingan Layanan Online vs. Kantor Samsat,"kantor, samsat, online, daerah, kota",Negatif,0.992
3864,chat via email tidak ada tanggapan,Layanan Jasa Kurir Pengiriman,"pos, kirim, via, indonesia, guna",Negatif,0.891
3865,pelayanan palling buruk,Kualitas Pelayanan dan Antrean di Samsat,"layan, antri, samsat, masyarakat, respon",Negatif,0.965
3866,prosesnya sampai stnk datang kerumah agak lama tapi akhirnya sampe juga makasihh,Proses dan Durasi Pengiriman STNK,"kirim, proses, stnk, tanggal, minggu",Negatif,0.471
3867,mudah stknk baru langsung dikirim kealamat pemilik langsung terimakasih,Layanan Pengiriman STNK ke Rumah,"rumah, langsung, kirim, stnk, samsat",Positif,0.954
3868,aplikasi ny sangat membantu cepat prosesnya dan gampang,Proses dan Durasi Pengiriman STNK,"kirim, proses, stnk, tanggal, minggu",Positif,0.997
3869,sangat memudahkan masyarakat serta menghindari pungli dalam lingkungan Samsat,Perpanjangan STNK 5 Tahunan (Ganti Plat),"stnk, panjang, samsat, ganti, plat",Positif,0.995
3870,lebih dri SLA bayar senin minggu baru smpai stnkb nya,Proses dan Durasi Pengiriman STNK,"kirim, proses, stnk, tanggal, minggu",Negatif,0.941
3871,keren amanah,Topik Tidak Relevan,Tidak Ditemukan,Positif,0.997
3872,sangat membantu bagi yang sibuk buat dateng ke samsat,Kendala Teknis Aplikasi (Loading),"orang, sibuk, data, bayar, bank",Positif,0.821
3873,terimakasih sangat membantu buat bayar pajak gak perlu antri cukup dari rumah aja tinggal tunggu stnk baru sampai ke rumah,Layanan Pengiriman STNK ke Rumah,"rumah, langsung, kirim, stnk, samsat",Positif,0.999
3874,mantul semoga Ganti kaleng dan balik nama bisa dengan online,Perpanjangan STNK 5 Tahunan (Ganti Plat),"stnk, panjang, samsat, ganti, plat",Netral,0.946
3875,aplikasi kagak berguna cuma eror mulu,Layanan Jasa Kurir Pengiriman,"pos, kirim, via, indonesia, guna",Negatif,0.997
3876,sangat membantu.terimakasih semuanya,Topik Tidak Relevan,Tidak Ditemukan,Netral,0.553
3877,Pelayanan cepat dan mudah,Kualitas Pelayanan dan Antrean di Samsat,"layan, antri, samsat, masyarakat, respon",Positif,0.998
3878,mudah tdk ribet,Topik Tidak Relevan,Tidak Ditemukan,Positif,0.975
3879,alhamdulillah proses bayar pajak kendaraan sangat mudah menggunakan aplikasi Signal,Pembayaran Pajak Kendaraan Online,"bayar, pajak, kendara, tahun, online",Positif,0.999
3880,kenapa ya saya tidak bisa menambahkan data motor padahal sudah benar masukan nomor rangka terakhir,Rincian Biaya Administrasi dan Transaksi,"kali, daftar, biaya, transaksi, ktp",Netral,0.674
3881,alternatif solusi,Kendala Teknis Aplikasi (Loading),"orang, sibuk, data, bayar, bank",Netral,0.888
3882,semoga kecepatan pelayanannya bisa lebih ditingkatkan lagi kedepannya,Permintaan Bantuan dan Saran Peningkatan,"bantu, tingkat, proses, samsat, rantau",Positif,0.734
3883,sangat membantu jadi ga perlu antri,Kualitas Pelayanan dan Antrean di Samsat,"layan, antri, samsat, masyarakat, respon",Positif,0.998
3884,mantap pokok nya,Layanan Jasa Kurir Pengiriman,"pos, kirim, via, indonesia, guna",Positif,0.998
3885,masih yang terbaik diantara yang lain,Topik Tidak Relevan,Tidak Ditemukan,Netral,0.933
3886,sangat bermanfaat untuk yg bekerja pagi,Topik Tidak Relevan,Tidak Ditemukan,Positif,0.768
3887,aplikasi loading parah,Kendala Teknis Aplikasi (Loading),"orang, sibuk, data, bayar, bank",Negatif,0.996
3888,padahal ini saya mau bayar pajak untuk kalian yang makan duit rakyat,Pembayaran Pajak Kendaraan Online,"bayar, pajak, kendara, tahun, online",Negatif,0.967
3889,loading parah,Kendala Teknis Aplikasi (Loading),"orang, sibuk, data, bayar, bank",Negatif,0.991
3890,praktis untuk pembayaran pajak namun banyak pembayaran adminnya,Pembayaran Pajak Kendaraan Online,"bayar, pajak, kendara, tahun, online",Positif,0.803
3891,Bayar Pajak Kendaraan Jadi Sangat Lebih Mudah Lewat Aplikasi SIGNAL,Pembayaran Pajak Kendaraan Online,"bayar, pajak, kendara, tahun, online",Positif,0.952
3892,mantap mempermudah bayar pajak utk yg merantau d luar daerah jd ga perlu pulang utk bayar pajak,Pembayaran Pajak Kendaraan Online,"bayar, pajak, kendara, tahun, online",Positif,0.999
3893,T.O.P,Topik Tidak Relevan,Tidak Ditemukan,Positif,0.907
3894,pak mau nanya apakah aplikasi ini termasuk pembayaran BPKB juga soalnya saya bacanya hanya STNK saja mohon dijawab terimakasih,Pembayaran Pajak Kendaraan Online,"bayar, pajak, kendara, tahun, online",Negatif,0.633
3895,proses pengiriman lama,Proses dan Durasi Pengiriman STNK,"kirim, proses, stnk, tanggal, minggu",Negatif,0.628
3896,Mantap aplikasi yg sangat memudahkan,Topik Tidak Relevan,Tidak Ditemukan,Positif,0.997
3897,trm ksh,Topik Tidak Relevan,Tidak Ditemukan,Positif,0.823
3898,mengecewakan aplikasi yang belum siap digunakan,Layanan Jasa Kurir Pengiriman,"pos, kirim, via, indonesia, guna",Negatif,0.874
3899,pembayaran gagal terus,Pembayaran Pajak Kendaraan Online,"bayar, pajak, kendara, tahun, online",Negatif,0.909
3900,sangat membantu walaupun sempat error saat proses pembayaran,Pembayaran Pajak Kendaraan Online,"bayar, pajak, kendara, tahun, online",Positif,0.76
3901,semoga kedepannya lebih ditingkatkan lagi untuk proses pembayarannya,Permintaan Bantuan dan Saran Peningkatan,"bantu, tingkat, proses, samsat, rantau",Netral,0.973
3902,proses cepat dan ga ribett,Proses dan Durasi Pengiriman STNK,"kirim, proses, stnk, tanggal, minggu",Positif,0.908
3903,cuma lama diproses kirimnya aja,Proses dan Durasi Pengiriman STNK,"kirim, proses, stnk, tanggal, minggu",Negatif,0.557
3904,hari baru sampai,Rincian Biaya Administrasi dan Transaksi,"kali, daftar, biaya, transaksi, ktp",Negatif,0.537
3905,mantap klo ganti kaleng bisa juga ga ya online kaya gini tinggal tunggu kiriman kaleng aja matap klo bisa,Permintaan Bantuan dan Saran Peningkatan,"bantu, tingkat, proses, samsat, rantau",Netral,0.846
3906,jos gandossss,Fitur dan Layanan Bantuan Aplikasi,"bikin, sistem, antar, chat, cek",Positif,0.843
3907,lumayan cepat bayar pajak online enak tinggal nunggu dirumah aja gak usah ngantri ke samsat,Pembayaran Pajak Kendaraan Online,"bayar, pajak, kendara, tahun, online",Positif,0.992
3908,membantu tidak mengantri,Kualitas Pelayanan dan Antrean di Samsat,"layan, antri, samsat, masyarakat, respon",Positif,0.999
3909,sangat membantu sekali terimaksih,Topik Tidak Relevan,Tidak Ditemukan,Positif,0.989
3910,terimakasih signal sangat mmbantu sekali,Proses Pengurusan via Aplikasi SIGNAL,"signal, urus, samsat, digital, ambil",Positif,0.985
3911,lumayan sangat membantu,Topik Tidak Relevan,Tidak Ditemukan,Positif,0.952
3912,lebih cepat,Topik Tidak Relevan,Tidak Ditemukan,Positif,0.978
3913,kalau bisa sekalian sama pajak yang tahunan lewat aplikasi,Pembayaran Pajak Kendaraan Online,"bayar, pajak, kendara, tahun, online",Negatif,0.477
3914,sangat membantu apalagi kalau cara daftarnya hanya dengan STNK walau kendaraan milik orang lain intinya kan ingin bayar pajak,Pembayaran Pajak Kendaraan Online,"bayar, pajak, kendara, tahun, online",Negatif,0.541
3915,cepe gk perlu harus antri,Kualitas Pelayanan dan Antrean di Samsat,"layan, antri, samsat, masyarakat, respon",Positif,0.995
3916,mantafff sekalian bisa balik nama disini biar ga riweuh,Layanan Pengiriman STNK ke Rumah,"rumah, langsung, kirim, stnk, samsat",Netral,0.578
3917,kenapa kode bayar tidak ditemukan sampe sudah jatuh tempo ini gabisa tolong diperbaiki kita niat taat pajak tapi dipersulit,Pembayaran Pajak Kendaraan Online,"bayar, pajak, kendara, tahun, online",Negatif,0.917
3918,manteb eh dikirim ke rumah,Layanan Pengiriman STNK ke Rumah,"rumah, langsung, kirim, stnk, samsat",Positif,0.979
3919,ini sudah dikirim tp stempelnya kosong gmana ya,Proses dan Durasi Pengiriman STNK,"kirim, proses, stnk, tanggal, minggu",Negatif,0.963
3920,Aplikasi sederhana namun fungsionalnya ok banget,Topik Tidak Relevan,Tidak Ditemukan,Negatif,0.804
3921,Hanya hari kalender utk sampai di rumah,Layanan Pengiriman STNK ke Rumah,"rumah, langsung, kirim, stnk, samsat",Positif,0.882
3922,Pelayanan dari Samsat DKI dan PT,Kualitas Pelayanan dan Antrean di Samsat,"layan, antri, samsat, masyarakat, respon",Positif,0.962
3923,Pos layak diberi,Layanan Jasa Kurir Pengiriman,"pos, kirim, via, indonesia, guna",Negatif,0.492
3924,Tksh,Topik Tidak Relevan,Tidak Ditemukan,Positif,0.598
3925,gabisa login,Rincian Biaya Administrasi dan Transaksi,"kali, daftar, biaya, transaksi, ktp",Netral,0.538
3926,Harus banyak yang harus ditingkatkan lagi call center ga bisa di hubungin stnk ga dikirim komplain ke instagram pos indonesia baru di pick up total dari ngurus sampai stnk sampai rumah hari,Perpanjangan STNK 5 Tahunan (Ganti Plat),"stnk, panjang, samsat, ganti, plat",Negatif,0.962
3927,Aplikasi gk guna,Layanan Jasa Kurir Pengiriman,"pos, kirim, via, indonesia, guna",Negatif,0.416
3928,Mau bayar aja susah bgt,Pembayaran Pajak Kendaraan Online,"bayar, pajak, kendara, tahun, online",Negatif,0.993
3929,udh coba ke atm bri alfamart indomaret shopeepay gagal semua,Topik Tidak Relevan,Tidak Ditemukan,Negatif,0.993
3930,cs nya juga gk membantu cmn d suruh nyoba berkala,Perpanjangan STNK 5 Tahunan (Ganti Plat),"stnk, panjang, samsat, ganti, plat",Negatif,0.98
3931,Udh d voba berkala tp tetep aja gk bisa sampai jatuh tempo,Perbandingan Layanan Online vs. Kantor Samsat,"kantor, samsat, online, daerah, kota",Negatif,0.93
3932,pelayanannya cepat,Kualitas Pelayanan dan Antrean di Samsat,"layan, antri, samsat, masyarakat, respon",Positif,0.983
3933,lebih mudah dan sat set pake aplikasi ini,Kualitas Pelayanan dan Antrean di Samsat,"layan, antri, samsat, masyarakat, respon",Positif,0.999
3934,memudahkan sekali urusan perpajakan,Proses Pengurusan via Aplikasi SIGNAL,"signal, urus, samsat, digital, ambil",Positif,0.947
3935,mantap mudah dan cepat antar pulau,Fitur dan Layanan Bantuan Aplikasi,"bikin, sistem, antar, chat, cek",Positif,1.0
3936,dikirimnya ke kantor kelurahan tapi tidak ada konfirmasi dari kurir pos nya tau tau udah terkirim aja,Layanan Jasa Kurir Pengiriman,"pos, kirim, via, indonesia, guna",Negatif,0.994
3937,mantap n praktis,Topik Tidak Relevan,Tidak Ditemukan,Positif,1.0
3938,mantaap gk perlu cape ngantri,Kualitas Pelayanan dan Antrean di Samsat,"layan, antri, samsat, masyarakat, respon",Positif,1.0
3939,sangat bagus dan membantu sekali,Topik Tidak Relevan,Tidak Ditemukan,Positif,0.988
3940,perpanjang pajak bisa lebih mudah,Pembayaran Pajak Kendaraan Online,"bayar, pajak, kendara, tahun, online",Positif,0.989
3941,tetep yang terbaik presisi,Kualitas Pelayanan dan Antrean di Samsat,"layan, antri, samsat, masyarakat, respon",Positif,0.628
3942,sangat membantu bagi para perantau,Permintaan Bantuan dan Saran Peningkatan,"bantu, tingkat, proses, samsat, rantau",Positif,0.975
3943,menjadikan mudah buat bayar pajak tidak perlu mengantri,Pembayaran Pajak Kendaraan Online,"bayar, pajak, kendara, tahun, online",Positif,0.992
3944,aplikasinya bagus dan memudahkan masyarakat untuk pembayaran pajak kendaraan,Pembayaran Pajak Kendaraan Online,"bayar, pajak, kendara, tahun, online",Positif,0.994
3945,bermanfaat semoga lebih baik lagi,Topik Tidak Relevan,Tidak Ditemukan,Positif,0.746
3946,Soal kode pembayaran eror Respon harus ditingkatkan lagi,Pembayaran Pajak Kendaraan Online,"bayar, pajak, kendara, tahun, online",Negatif,0.964
3947,pengiriman cepat cuman untuk stamp didepan g da karena g langsung kekntor apa kalau online g lerlu stamp pengesahan yang lembar depan y,Proses Pengurusan via Aplikasi SIGNAL,"signal, urus, samsat, digital, ambil",Negatif,0.564
3948,sanggar membantu aplikasi ya.mantap,Topik Tidak Relevan,Tidak Ditemukan,Positif,0.886
3949,bagus aplikasi ini sangat membantu,Topik Tidak Relevan,Tidak Ditemukan,Positif,0.995
3950,bayar pajak online mantap,Pembayaran Pajak Kendaraan Online,"bayar, pajak, kendara, tahun, online",Positif,0.937
3951,mohon maaf pak bu saya sudah melakukan pembayaran stnk online sejak tanggal april tetapi sampai sekarang stnk belum di kirim kirim status nya di aplikasi signal masih penertiban dokumen digital atau masih saya juga sudah komplen melalui email sempat di suruh ngisi biodata kendaraan tetapi sampai sekarang stnk belum di kirim kirim mohon bantuan nya pak bu,Proses dan Durasi Pengiriman STNK,"kirim, proses, stnk, tanggal, minggu",Negatif,0.902
3952,pengiriman ga tepat waktu sering molor saran jangan pake pos indonesia,Layanan Jasa Kurir Pengiriman,"pos, kirim, via, indonesia, guna",Negatif,0.677
3953,mantap semakin canggih dan menghemat waktu pembayaran via online,Pembayaran Pajak Kendaraan Online,"bayar, pajak, kendara, tahun, online",Positif,0.999
3954,cepat dan efektif,Topik Tidak Relevan,Tidak Ditemukan,Positif,0.979
3955,mantap cepat dan sangat menghemat waktu dan tenaga good Poko nya buat signal,Proses Pengurusan via Aplikasi SIGNAL,"signal, urus, samsat, digital, ambil",Positif,1.0
3956,pelayanan ok,Kualitas Pelayanan dan Antrean di Samsat,"layan, antri, samsat, masyarakat, respon",Positif,0.739
3957,aplikasi Signal sangat membantu,Proses Pengurusan via Aplikasi SIGNAL,"signal, urus, samsat, digital, ambil",Positif,0.95
3958,sangat puas atas layanan yg telah diberikan,Kualitas Pelayanan dan Antrean di Samsat,"layan, antri, samsat, masyarakat, respon",Positif,0.938
3959,sekarang jadi gampang perpanjangan plat tanpa harus datang ke samsat mudah an kedepannya perpanjangan plat jg dipermudahkan,Perpanjangan STNK 5 Tahunan (Ganti Plat),"stnk, panjang, samsat, ganti, plat",Positif,0.962
3960,sekarang gampang banget bayar pajak bisa online hemat waktu dan biaya,Pembayaran Pajak Kendaraan Online,"bayar, pajak, kendara, tahun, online",Positif,0.973
3961,ok. bgt,Topik Tidak Relevan,Tidak Ditemukan,Negatif,0.594
3962,alhamdulillah sangat membantu sekali untuk saya membayar pajak gak ribet harus datang ke samsat tinggal lewat hap semua sudah selesai dan tidak menunggu waktu lama kurang lebih seminggu sudah diantar sampai dirumah,Pembayaran Pajak Kendaraan Online,"bayar, pajak, kendara, tahun, online",Positif,0.999
3963,bolelaaa,Topik Tidak Relevan,Tidak Ditemukan,Positif,0.502
3964,tapi kadang eror aplikasinya,Permintaan Bantuan dan Saran Peningkatan,"bantu, tingkat, proses, samsat, rantau",Negatif,0.993
3965,padahal kuota baru beli,Topik Tidak Relevan,Tidak Ditemukan,Netral,0.898
3966,jadi aplikasinya kadang bisa,Permintaan Bantuan dan Saran Peningkatan,"bantu, tingkat, proses, samsat, rantau",Negatif,0.806
3967,kadang tdk bisa,Permintaan Bantuan dan Saran Peningkatan,"bantu, tingkat, proses, samsat, rantau",Negatif,0.715
3968,sangat membantu dan mengurangi pungli para oknum,Proses Pengurusan via Aplikasi SIGNAL,"signal, urus, samsat, digital, ambil",Positif,0.986
3969,Poko y keren puas GK hrs pulkam bayar pajak membantu skli,Pembayaran Pajak Kendaraan Online,"bayar, pajak, kendara, tahun, online",Positif,1.0
3970,metode pembayaran mesti diperluas dng bank swasta spt bca agar mudah makasi,Kendala Teknis Aplikasi (Loading),"orang, sibuk, data, bayar, bank",Netral,0.892
3971,data ga lengkap cek motor ga smuanya bisa ga terdata,Kendala Teknis Aplikasi (Loading),"orang, sibuk, data, bayar, bank",Negatif,0.776
3972,Membantu Banget ngga Aplikasi ini jadi ngga usah ke kantor samsat males ngantri,Perbandingan Layanan Online vs. Kantor Samsat,"kantor, samsat, online, daerah, kota",Positif,0.997
3973,lama sampai nya harus dikomplain baru dipercepat tolong stabilin lagi yak soal pengiriman nya solat,Proses dan Durasi Pengiriman STNK,"kirim, proses, stnk, tanggal, minggu",Negatif,0.642
3974,Sangat sangat membantu,Topik Tidak Relevan,Tidak Ditemukan,Positif,0.896
3975,proses cepat fisik stnk sudah di terima dg baik,Proses dan Durasi Pengiriman STNK,"kirim, proses, stnk, tanggal, minggu",Positif,0.866
3976,Btw ijin tanya sekarang untuk lembar stnk cuma lembar depan saja kah untuk lembar belakang tidak ada,Perpanjangan STNK 5 Tahunan (Ganti Plat),"stnk, panjang, samsat, ganti, plat",Netral,0.45
3977,memudahkan bgt buat bayar pajak JD GK perlu repot ke Samsat tp pengiriman nya klo bisa d percepat,Pembayaran Pajak Kendaraan Online,"bayar, pajak, kendara, tahun, online",Positif,0.995
3978,sangat mambantu terimakasih,Topik Tidak Relevan,Tidak Ditemukan,Positif,0.959
3979,Sangat membantu untuk yang punya aktifitas banyak,Topik Tidak Relevan,Tidak Ditemukan,Positif,0.911
3980,aplikasi masih kadang error terkait pembayaran online,Pembayaran Pajak Kendaraan Online,"bayar, pajak, kendara, tahun, online",Negatif,0.988
3981,ok mantul mantap betul,Topik Tidak Relevan,Tidak Ditemukan,Positif,0.999
3982,hari kerja langsung dikirim terimakasih,Layanan Pengiriman STNK ke Rumah,"rumah, langsung, kirim, stnk, samsat",Positif,0.867
3983,keren simple langsung beres nggak ribet makacih banyak yaaa,Layanan Pengiriman STNK ke Rumah,"rumah, langsung, kirim, stnk, samsat",Positif,0.999
3984,prosesnya cepat paling pas proses pengirimannya aja sih di aplikasi tuh nggak up to date pelacakannya,Proses dan Durasi Pengiriman STNK,"kirim, proses, stnk, tanggal, minggu",Negatif,0.734
3985,okk cepet pelayanan,Kualitas Pelayanan dan Antrean di Samsat,"layan, antri, samsat, masyarakat, respon",Positif,0.986
3986,pengiriman ok,Proses dan Durasi Pengiriman STNK,"kirim, proses, stnk, tanggal, minggu",Negatif,0.616
3987,kerja samsat nya sangat lambat,Perbandingan Layanan Online vs. Kantor Samsat,"kantor, samsat, online, daerah, kota",Negatif,0.902
3988,Proses Cepat bagi yang tidak mau antri di samsat,Kualitas Pelayanan dan Antrean di Samsat,"layan, antri, samsat, masyarakat, respon",Positif,0.987
3989,perpanjangan pajak jadi praktis dan cepet bgt prosesnya.semoga makin meningkat pelayanan ke masyarakat nya,Kualitas Pelayanan dan Antrean di Samsat,"layan, antri, samsat, masyarakat, respon",Positif,0.998
3990,cepat prosesnya tapi masih perlu print stnk asli ke samsat,Perpanjangan STNK 5 Tahunan (Ganti Plat),"stnk, panjang, samsat, ganti, plat",Positif,0.693
3991,tanpa ribet semoga makin sukses dan jaya apapun itu kewajiban masyarakat tolong semakin dipermudah lagi karena saling bersinergi jaya selalu samsat SIGNAL,Perbandingan Layanan Online vs. Kantor Samsat,"kantor, samsat, online, daerah, kota",Positif,0.995
3992,Aplikasi ini sangat membantu,Topik Tidak Relevan,Tidak Ditemukan,Positif,0.927
3993,Puassss,Topik Tidak Relevan,Tidak Ditemukan,Positif,0.733
3994,Sangat membantu dan mudah sedikit saran untuk tulisan hasil cetaknya kurang jelas dan kecil,Proses Pengurusan via Aplikasi SIGNAL,"signal, urus, samsat, digital, ambil",Positif,0.828
3995,mohon dapat di perbaiki,Topik Tidak Relevan,Tidak Ditemukan,Netral,0.979
3996,Alhamdulillah usulan perbaikannya sudah di lakukan terima kasih terus memberikan kemudahan dan manfaat buat masyarakat,Kualitas Pelayanan dan Antrean di Samsat,"layan, antri, samsat, masyarakat, respon",Positif,0.999
3997,STNK di trima dengan aman,Perpanjangan STNK 5 Tahunan (Ganti Plat),"stnk, panjang, samsat, ganti, plat",Positif,0.976
3998,app sangat memudahkan dan bermanfaat,Topik Tidak Relevan,Tidak Ditemukan,Positif,0.984
3999,Mantap tanpa calo,Topik Tidak Relevan,Tidak Ditemukan,Positif,0.986
4000,sigap cepat tepat,Topik Tidak Relevan,Tidak Ditemukan,Positif,0.987
4001,semoga lebih baik lagi,Topik Tidak Relevan,Tidak Ditemukan,Netral,0.869
4002,pajak abis di tanggl mei bayar di tanggal mei jam malam lebih sampai ke rumah di tanggl pas siang mantepp cepet bngett,Layanan Pengiriman STNK ke Rumah,"rumah, langsung, kirim, stnk, samsat",Positif,0.399
4003,mantap sudah x terbantu bayar pajak disini mantap,Pembayaran Pajak Kendaraan Online,"bayar, pajak, kendara, tahun, online",Positif,1.0
4004,keren cepat sekali,Topik Tidak Relevan,Tidak Ditemukan,Positif,0.98
4005,nga perlu keluar rumah,Layanan Pengiriman STNK ke Rumah,"rumah, langsung, kirim, stnk, samsat",Positif,0.93
4006,mantabb lah,Topik Tidak Relevan,Tidak Ditemukan,Positif,0.971
4007,Dateng nya cepet,Topik Tidak Relevan,Tidak Ditemukan,Positif,0.739
4008,memudahkan tp admin nya agak mahal,Topik Tidak Relevan,Tidak Ditemukan,Negatif,0.624
4009,keren dan mantab,Topik Tidak Relevan,Tidak Ditemukan,Positif,0.998
4010,alhamdulillah sudah sampai sangat membantu sekali,Topik Tidak Relevan,Tidak Ditemukan,Positif,0.999
4011,cepat sampainya,Topik Tidak Relevan,Tidak Ditemukan,Positif,0.823
4012,sangat membantu dan menghemat waktu saya,Topik Tidak Relevan,Tidak Ditemukan,Positif,0.995
4013,dngan adanya aplikasi ini sangat membantu,Topik Tidak Relevan,Tidak Ditemukan,Positif,0.806
4014,tdk usah repot mondar mandir,Topik Tidak Relevan,Tidak Ditemukan,Positif,0.969
4015,Sangat membantu sekali bayar Pajak kendaraan tanpa harus ke SAMSAT dilakukan bisa dimana saja dengan HP dan diantar ke rumah,Pembayaran Pajak Kendaraan Online,"bayar, pajak, kendara, tahun, online",Positif,0.968
4016,Mantap jadi mudah perpanjang stnk,Perpanjangan STNK 5 Tahunan (Ganti Plat),"stnk, panjang, samsat, ganti, plat",Positif,0.999
4017,bayar pajak kendaraan bermotor semakin mudah,Pembayaran Pajak Kendaraan Online,"bayar, pajak, kendara, tahun, online",Positif,0.631
4018,signal,Proses Pengurusan via Aplikasi SIGNAL,"signal, urus, samsat, digital, ambil",Netral,0.574
4019,sangat membantu sekali utk pelayanan pembyrn pajak kendaraan online,Pembayaran Pajak Kendaraan Online,"bayar, pajak, kendara, tahun, online",Positif,0.965
4020,keren aplikasi Signal dari POLRI bikin semua nya jadi mudah bisa perpanjang Pajak Kendaraan dari rumah,Pembayaran Pajak Kendaraan Online,"bayar, pajak, kendara, tahun, online",Positif,0.998
4021,mudah dan membantu,Topik Tidak Relevan,Tidak Ditemukan,Positif,0.997
4022,hemat waktu,Topik Tidak Relevan,Tidak Ditemukan,Positif,0.956
4023,sangat memudahkan hanya saran untk dperpanjang mnggu sblm krn proses pngiriman smpai kpemilik hampir minggu biar aman,Proses dan Durasi Pengiriman STNK,"kirim, proses, stnk, tanggal, minggu",Positif,0.798
4024,pertanyaannya jika telat membayar pajak apakah polisi di jalan atau saat razia boleh menilang kita yg telat bayar pajak motor,Pembayaran Pajak Kendaraan Online,"bayar, pajak, kendara, tahun, online",Netral,0.752
4025,bagus simple untuk urus pajak kendaraan,Pembayaran Pajak Kendaraan Online,"bayar, pajak, kendara, tahun, online",Positif,0.999
4026,Jadi lebih simple klo bisa biaya admin nya dikurangi ya,Rincian Biaya Administrasi dan Transaksi,"kali, daftar, biaya, transaksi, ktp",Positif,0.976
4027,guud,Topik Tidak Relevan,Tidak Ditemukan,Positif,0.585
4028,lebih gampang dan hemat,Topik Tidak Relevan,Tidak Ditemukan,Positif,0.999
4029,Memudahkan dan cepat,Topik Tidak Relevan,Tidak Ditemukan,Positif,0.985
4030,Pertahankan,Perpanjangan STNK 5 Tahunan (Ganti Plat),"stnk, panjang, samsat, ganti, plat",Positif,0.928
4031,pengiriman paling lama hari kerja hari libur dan tgl merah jdi lebih lama lagi ya,Rincian Biaya Administrasi dan Transaksi,"kali, daftar, biaya, transaksi, ktp",Negatif,0.971
4032,efektif untuk menghemat wktu tenaga dll,Kendala Teknis Aplikasi (Loading),"orang, sibuk, data, bayar, bank",Positif,0.998
4033,Aplikasi yang sangat membantu dan proses pengurusan pajak kendaraan secara online juga sangat cepat,Pembayaran Pajak Kendaraan Online,"bayar, pajak, kendara, tahun, online",Positif,0.993
4034,mantab jd lebih mudah,Topik Tidak Relevan,Tidak Ditemukan,Positif,1.0
4035,Sangattt memudahkan dalam pengurusan pajak kendaraan bermotor,Pembayaran Pajak Kendaraan Online,"bayar, pajak, kendara, tahun, online",Positif,0.964
4036,sangat membantu untuk pekerja seperti sy tanpa perlu dtg langsung bisa diantar ke rumah,Layanan Pengiriman STNK ke Rumah,"rumah, langsung, kirim, stnk, samsat",Positif,0.993
4037,semoga ada layanan cap nya jugaa,Kualitas Pelayanan dan Antrean di Samsat,"layan, antri, samsat, masyarakat, respon",Netral,0.794
4038,terimakasih lebih mudah,Topik Tidak Relevan,Tidak Ditemukan,Positif,0.998
4039,kode billing benar tapi gagal terus padahal waktu pembayaran masih jam menit,Pembayaran Pajak Kendaraan Online,"bayar, pajak, kendara, tahun, online",Negatif,0.98
4040,simpel lebih dipermudah semoga biaya layanan diperkecil,Kualitas Pelayanan dan Antrean di Samsat,"layan, antri, samsat, masyarakat, respon",Positif,0.999
4041,Semoga segera di kirim ke rumah,Layanan Pengiriman STNK ke Rumah,"rumah, langsung, kirim, stnk, samsat",Netral,0.795
4042,sangat sangat tidak membantu,Topik Tidak Relevan,Tidak Ditemukan,Positif,0.896
4043,masih sangat bagus aplikasi e Dempo terdahulu,Proses Pengurusan via Aplikasi SIGNAL,"signal, urus, samsat, digital, ambil",Negatif,0.766
4044,sip sangat membatu dan mempermudah,Perbandingan Layanan Online vs. Kantor Samsat,"kantor, samsat, online, daerah, kota",Positif,0.992
4045,Sangat Bagus dan Membantu,Topik Tidak Relevan,Tidak Ditemukan,Positif,0.993
4046,pembayaran pajak jd lebih mudah hemat waktu tenaga dan pengiriman E TBPKP nya juga cepet sampai rumah,Layanan Pengiriman STNK ke Rumah,"rumah, langsung, kirim, stnk, samsat",Positif,0.995
4047,Thx u,Permintaan Bantuan dan Saran Peningkatan,"bantu, tingkat, proses, samsat, rantau",Positif,0.854
4048,canggih jadi gak repot lagi mau antri di samsat waktu bayar pajak,Pembayaran Pajak Kendaraan Online,"bayar, pajak, kendara, tahun, online",Positif,0.999
4049,Kenapa sudah ngisi data dan mau klik.lanjut pembayaran gak bisa ya ktranganya signal gak ada pdahal.kenceng,Kendala Teknis Aplikasi (Loading),"orang, sibuk, data, bayar, bank",Negatif,0.83
4050,aplikasi cukup informatif cuman nih pas mau bayar no registrasi pembayaran yg bikin bingung jika aplikasi di close ga ada informasi keterangan di menu aplikasi,Fitur dan Layanan Bantuan Aplikasi,"bikin, sistem, antar, chat, cek",Negatif,0.997
4051,untuk daerah SRAGEN JAWA TENGAH INDONESIA sangat lambat untuk proses pengiriman tolong di perbaiki layanan ini saya pakai layanan express tp tidak sesuai,Layanan Jasa Kurir Pengiriman,"pos, kirim, via, indonesia, guna",Negatif,0.633
4052,cepat satset,Topik Tidak Relevan,Tidak Ditemukan,Positif,0.975
4053,mudah praktis dan pelayanan cepat,Kualitas Pelayanan dan Antrean di Samsat,"layan, antri, samsat, masyarakat, respon",Positif,1.0
4054,tanpa harus ke Samsat,Perbandingan Layanan Online vs. Kantor Samsat,"kantor, samsat, online, daerah, kota",Positif,0.597
4055,Tingkatkan terus pelayanan terbaiknya,Kualitas Pelayanan dan Antrean di Samsat,"layan, antri, samsat, masyarakat, respon",Netral,0.803
4056,bagus apknya jd byr pajak tidak di calo in org pajak utk transaksi pertama pajak di kirim krmh tp utk transaksi ke dua pajak gk ada di kirim krmh krn tergantung petugas Samsat yg di wilayah kendaraan kita mau kirim atau tidak ini yg msh sistemnya nya kurang bagus hrsnya sistemnya bisa di rubah lagi utk pengiriman pajak nya,Pembayaran Pajak Kendaraan Online,"bayar, pajak, kendara, tahun, online",Positif,0.974
4057,aplikasi ga guna daftar kok muter,Rincian Biaya Administrasi dan Transaksi,"kali, daftar, biaya, transaksi, ktp",Negatif,0.988
4058,aplikasi negaraidentik lemot,Topik Tidak Relevan,Tidak Ditemukan,Negatif,0.971
4059,alkhamdulillah,Topik Tidak Relevan,Tidak Ditemukan,Netral,0.436
4060,mempermudah i tikad baik masyarakat untuk taat pajak,Pembayaran Pajak Kendaraan Online,"bayar, pajak, kendara, tahun, online",Positif,0.934
4061,mantaapp,Topik Tidak Relevan,Tidak Ditemukan,Netral,0.412
4062,lumayan memudahkan untuk pembayaran pajak tapi kedepannya harus bisa memproses pajak tahunan disini juga tanpa harus datang ke Samsat,Pembayaran Pajak Kendaraan Online,"bayar, pajak, kendara, tahun, online",Positif,0.686
4063,mau bayar pajak kendaraan aj kok di persulit ribet banget ayolah pak pol,Pembayaran Pajak Kendaraan Online,"bayar, pajak, kendara, tahun, online",Negatif,0.937
4064,mudahkan bayar pajak yang bukan atas nama kita sendiri,Pembayaran Pajak Kendaraan Online,"bayar, pajak, kendara, tahun, online",Netral,0.599
4065,recomended,Topik Tidak Relevan,Tidak Ditemukan,Positif,0.671
4066,jadi mudah bayar pajaknya,Pembayaran Pajak Kendaraan Online,"bayar, pajak, kendara, tahun, online",Positif,0.936
4067,aplikasi yg sangat bagus,Topik Tidak Relevan,Tidak Ditemukan,Positif,0.82
4068,sangat membantu mempermudah untuk kaum pekerja,Topik Tidak Relevan,Tidak Ditemukan,Positif,0.996
4069,mudah dan bener langsung dikirim ke rmh lwt pos jd menghemat waktu,Layanan Pengiriman STNK ke Rumah,"rumah, langsung, kirim, stnk, samsat",Positif,0.995
4070,sangat membantu dan proses nya cepat tdk perlu antri lagi di samsat,Kualitas Pelayanan dan Antrean di Samsat,"layan, antri, samsat, masyarakat, respon",Positif,0.999
4071,proses hari senin hari jumat udah terima .terima kasih,Rincian Biaya Administrasi dan Transaksi,"kali, daftar, biaya, transaksi, ktp",Positif,0.977
4072,MANTAAPPP MUDAH SEKALI BAYAR MELALUI ONLINE,Pembayaran Pajak Kendaraan Online,"bayar, pajak, kendara, tahun, online",Positif,0.871
4073,Sudah saya lakukan,Rincian Biaya Administrasi dan Transaksi,"kali, daftar, biaya, transaksi, ktp",Netral,0.531
4074,alhamdulillah sangat terbantu ga perlu antri antri lagi kaya dulu,Kualitas Pelayanan dan Antrean di Samsat,"layan, antri, samsat, masyarakat, respon",Positif,1.0
4075,keren cepet cm tinggal ngetik sampai,Topik Tidak Relevan,Tidak Ditemukan,Positif,0.994
4076,tidak perlu datang ke samsat,Perbandingan Layanan Online vs. Kantor Samsat,"kantor, samsat, online, daerah, kota",Positif,0.626
4077,tidak perlu antri antri lagi,Kualitas Pelayanan dan Antrean di Samsat,"layan, antri, samsat, masyarakat, respon",Positif,0.999
4078,dokumen langsung sanpai rumah,Layanan Pengiriman STNK ke Rumah,"rumah, langsung, kirim, stnk, samsat",Positif,0.962
4079,prosesnya pengesahan stnk sangat mudah dan cepat gak perlu ngantri tinggal ambil disamsat mudah mudahan pas pengambilan stnk nya dipermudah juga sama petugas.trims,Proses Pengurusan via Aplikasi SIGNAL,"signal, urus, samsat, digital, ambil",Positif,0.996
4080,Kendaraan bermotor anda tidak berhasil ditambahkan padahal milik pribadi,Rincian Biaya Administrasi dan Transaksi,"kali, daftar, biaya, transaksi, ktp",Netral,0.496
4081,alhamdulillah.sudah selesai dengan aman.terimakasih.ternyata mudah,Proses dan Durasi Pengiriman STNK,"kirim, proses, stnk, tanggal, minggu",Positif,0.922
4082,layanan sangat membantu dan Memberi kemudahan untuk melakukan pembayaran pajak,Pembayaran Pajak Kendaraan Online,"bayar, pajak, kendara, tahun, online",Positif,0.997
4083,Siiplah,Topik Tidak Relevan,Tidak Ditemukan,Positif,0.608
4084,mantapppp pelayanan online cepettt bgttt,Kualitas Pelayanan dan Antrean di Samsat,"layan, antri, samsat, masyarakat, respon",Positif,0.978
4085,no ribet no antri,Fitur dan Layanan Bantuan Aplikasi,"bikin, sistem, antar, chat, cek",Positif,0.995
4086,sangat membantu disaat tidak sempat perpanjang STNK offline,Perpanjangan STNK 5 Tahunan (Ganti Plat),"stnk, panjang, samsat, ganti, plat",Positif,0.967
4087,over all so fast tingkatkan,Permintaan Bantuan dan Saran Peningkatan,"bantu, tingkat, proses, samsat, rantau",Positif,0.995
4088,Terimakasih sangat mempermudah dalam proses pembayaran pajak kendaraan,Pembayaran Pajak Kendaraan Online,"bayar, pajak, kendara, tahun, online",Positif,0.995
4089,Tinggal tunggu dirumah,Layanan Pengiriman STNK ke Rumah,"rumah, langsung, kirim, stnk, samsat",Positif,0.602
4090,terimakasih telah membantu memudahkan wajib pajak kendaraan,Pembayaran Pajak Kendaraan Online,"bayar, pajak, kendara, tahun, online",Positif,1.0
4091,sangat membantu proses cepat juga,Proses dan Durasi Pengiriman STNK,"kirim, proses, stnk, tanggal, minggu",Positif,0.994
4092,udah perpanjang pajak motor yang ke x sangat membantu,Pembayaran Pajak Kendaraan Online,"bayar, pajak, kendara, tahun, online",Positif,0.872
4093,mantap tnpa ribet,Topik Tidak Relevan,Tidak Ditemukan,Positif,0.995
4094,mantap sangat m mbantu sekali aplikasi ini terimakasih,Topik Tidak Relevan,Tidak Ditemukan,Positif,0.991
4095,saya pembayarannya agak mahal dari tahun kemarin sekarang ada tambahan biaya aplikasi sama transfer pihak banknya,Rincian Biaya Administrasi dan Transaksi,"kali, daftar, biaya, transaksi, ktp",Negatif,0.881
4096,dulu mah ga ada,Perpanjangan STNK 5 Tahunan (Ganti Plat),"stnk, panjang, samsat, ganti, plat",Netral,0.626
4097,mantap respon cepat dan bagus tidak perlu ke biro jasa lagi,Perpanjangan STNK 5 Tahunan (Ganti Plat),"stnk, panjang, samsat, ganti, plat",Positif,1.0
4098,dan cepat sampai di tujuan alamat beda di stnk nya gpp top polda,Proses dan Durasi Pengiriman STNK,"kirim, proses, stnk, tanggal, minggu",Positif,0.717
4099,Sangat membantu dan mempermudah bagi masyarakat yg ingn mmbyar PJK kndraan dan untk lyanan customer servisnya respon nya bgus dan mmberikan pnjelasan dengan baik msukan aja klo bisa untuk pngiriman bisa di percepat proses nya dan di perbanyak metode pengiriman nya,Proses dan Durasi Pengiriman STNK,"kirim, proses, stnk, tanggal, minggu",Positif,0.993
4100,Sangat mempermudah pembayaran pajak tahunan,Pembayaran Pajak Kendaraan Online,"bayar, pajak, kendara, tahun, online",Positif,0.493
4101,apk memudahkan kita cukup dari rmh saja bayar pajak ngga pake antri dan ngga ribet,Pembayaran Pajak Kendaraan Online,"bayar, pajak, kendara, tahun, online",Positif,0.994
4102,Ko setelah melakukan pembayaran apk nya ngga membuka hasil transaksi ya,Rincian Biaya Administrasi dan Transaksi,"kali, daftar, biaya, transaksi, ktp",Negatif,0.972
4103,mantap cepat sangat membantu jangan ragu lagi langsung bayar pajak di signal,Pembayaran Pajak Kendaraan Online,"bayar, pajak, kendara, tahun, online",Positif,1.0
4104,membantu banget buat yg merantau di luar kota saat mau pajek gk usah balik kampung,Perbandingan Layanan Online vs. Kantor Samsat,"kantor, samsat, online, daerah, kota",Positif,0.942
4105,Amanah pokonya,Layanan Jasa Kurir Pengiriman,"pos, kirim, via, indonesia, guna",Positif,0.997
4106,Berkas sudah sampai dengan Baik dan Sangat membantu pelayanan mantaf Terimakasih,Kualitas Pelayanan dan Antrean di Samsat,"layan, antri, samsat, masyarakat, respon",Positif,0.996
4107,mantap cepat dan praktis banget sumpah kenapa gak dari dulu hehehe,Topik Tidak Relevan,Tidak Ditemukan,Positif,1.0
4108,pengiriman cepat gak sampai Minggu,Proses dan Durasi Pengiriman STNK,"kirim, proses, stnk, tanggal, minggu",Negatif,0.635
4109,Proses bayar pajak kendaraan sangat simpel dan pengiriman cepat langsung kerumah,Pembayaran Pajak Kendaraan Online,"bayar, pajak, kendara, tahun, online",Positif,0.981
4110,aplikasinya mudah dan stnk nya dikirim dalam hari,Proses dan Durasi Pengiriman STNK,"kirim, proses, stnk, tanggal, minggu",Negatif,0.805
4111,okee baguss hari juga dikirim pajak barunyaa,Pembayaran Pajak Kendaraan Online,"bayar, pajak, kendara, tahun, online",Positif,0.959
4112,Alhamdulillah mempermudah perbaruan STNK tida usah ngantri lagi,Kualitas Pelayanan dan Antrean di Samsat,"layan, antri, samsat, masyarakat, respon",Positif,1.0
4113,mantap tinggal pencet pencet HP tunggu beberapa hari pajak beres ga pake ke samsat ga pake antri josss,Layanan Pengiriman STNK ke Rumah,"rumah, langsung, kirim, stnk, samsat",Positif,1.0
4114,terima kasih lebih cepat dan mudah tanpa harus mengantri diloket pembayaran pajak motor melalui online,Pembayaran Pajak Kendaraan Online,"bayar, pajak, kendara, tahun, online",Positif,1.0
4115,pelayanan yang aman terjamin simpel dan memuaskan,Kualitas Pelayanan dan Antrean di Samsat,"layan, antri, samsat, masyarakat, respon",Positif,1.0
4116,Pelayanan baik pengiriman dokumen cepat sangat membantu dan mempermudah pembayaran pajak terima kasih,Pembayaran Pajak Kendaraan Online,"bayar, pajak, kendara, tahun, online",Positif,0.991
4117,praktis dan hebat tenaga pengiriman cepet juga,Proses dan Durasi Pengiriman STNK,"kirim, proses, stnk, tanggal, minggu",Positif,1.0
4118,kode otp nya kadaluarsa terus,Proses dan Durasi Pengiriman STNK,"kirim, proses, stnk, tanggal, minggu",Negatif,0.985
4119,Untuk bayar pajak tahunan sih lumayan bermanfaat dan cepat prosesnya,Pembayaran Pajak Kendaraan Online,"bayar, pajak, kendara, tahun, online",Positif,0.7
4120,Tingkatkan lagi pelayannya pak pol,Kualitas Pelayanan dan Antrean di Samsat,"layan, antri, samsat, masyarakat, respon",Positif,0.516
4121,alhamdulillah diberi kemudahan lewat aplikasi ini jadi ga ngantri lagi,Kualitas Pelayanan dan Antrean di Samsat,"layan, antri, samsat, masyarakat, respon",Positif,1.0
4122,pekerjaan jadi mudah cepat tanpa ribet terima kasih,Topik Tidak Relevan,Tidak Ditemukan,Positif,0.998
4123,Ga perlu lagi jauh ke kantor sekarang ada aplikasi ini sangat membantu cukup klik sudah jadi tinggal Terima beres mantulll,Layanan Pengiriman STNK ke Rumah,"rumah, langsung, kirim, stnk, samsat",Positif,0.971
4124,Signal Samsat sangat dimudahkan dalam pelayanan pembayaran pajak kendaraan tahunan dan pengiriman,Pembayaran Pajak Kendaraan Online,"bayar, pajak, kendara, tahun, online",Positif,0.906
4125,sangat membantu untuk mempermudah pembayaran pajak ke negara,Pembayaran Pajak Kendaraan Online,"bayar, pajak, kendara, tahun, online",Positif,0.995
4126,Bagus gampang buat perpanjang stnk,Perpanjangan STNK 5 Tahunan (Ganti Plat),"stnk, panjang, samsat, ganti, plat",Positif,0.988
4127,alhamdulillah mudah ga ribet,Topik Tidak Relevan,Tidak Ditemukan,Positif,1.0
4128,terimakasih untuk bayar pajak jadi mudah dan prosesnya cepat mantap,Pembayaran Pajak Kendaraan Online,"bayar, pajak, kendara, tahun, online",Positif,0.999
4129,Mudah dan Prosesnya Cepat SIGNAL mantap,Proses Pengurusan via Aplikasi SIGNAL,"signal, urus, samsat, digital, ambil",Positif,0.999
4130,Mantap sangat memudahkan untuk melakukan pembayaran pajak kendaraan,Pembayaran Pajak Kendaraan Online,"bayar, pajak, kendara, tahun, online",Positif,0.998
4131,sungguh sngt praktis,Topik Tidak Relevan,Tidak Ditemukan,Positif,0.984
4132,by aplikasi tnpa hrs antri krn psti butuh waktu,Kualitas Pelayanan dan Antrean di Samsat,"layan, antri, samsat, masyarakat, respon",Positif,0.857
4133,praktis bnget deh pokoknya,Layanan Jasa Kurir Pengiriman,"pos, kirim, via, indonesia, guna",Positif,0.999
4134,trimakasih Signal,Proses Pengurusan via Aplikasi SIGNAL,"signal, urus, samsat, digital, ambil",Positif,0.944
4135,luamayn makan waktu,Rincian Biaya Administrasi dan Transaksi,"kali, daftar, biaya, transaksi, ktp",Netral,0.607
4136,Aman surahman sangat membantu jika tidak sempat kekantor samsat,Perbandingan Layanan Online vs. Kantor Samsat,"kantor, samsat, online, daerah, kota",Positif,0.994
4137,sangat membantu siapapun yang bikin ini terimakasih banyak,Fitur dan Layanan Bantuan Aplikasi,"bikin, sistem, antar, chat, cek",Positif,0.952
4138,bagus gk perlu dtg antri di samsat,Kualitas Pelayanan dan Antrean di Samsat,"layan, antri, samsat, masyarakat, respon",Positif,0.999
4139,Cepet proses nya Ga harus ngantri mantaap,Kualitas Pelayanan dan Antrean di Samsat,"layan, antri, samsat, masyarakat, respon",Positif,0.999
4140,SUGGUH SANGAT BERGUNA LAYANAN APK INI,Kualitas Pelayanan dan Antrean di Samsat,"layan, antri, samsat, masyarakat, respon",Negatif,0.611
4141,SAYA CUKUP BAYAR VIA TRANSFER,Pembayaran Pajak Kendaraan Online,"bayar, pajak, kendara, tahun, online",Netral,0.56
4142,LAYANAN LANGSUNG SAMPAI DIRUMAH,Layanan Pengiriman STNK ke Rumah,"rumah, langsung, kirim, stnk, samsat",Positif,0.989
4143,TINGGAL DUDUK MANIS,Layanan Jasa Kurir Pengiriman,"pos, kirim, via, indonesia, guna",Positif,0.969
4144,GAK PERLU REPOT,Topik Tidak Relevan,Tidak Ditemukan,Positif,0.992
4145,SANGAT EFISIEN WAKTU TENAGA,Topik Tidak Relevan,Tidak Ditemukan,Positif,0.976
4146,BENAR PRIMA PELAYANNYA,Kualitas Pelayanan dan Antrean di Samsat,"layan, antri, samsat, masyarakat, respon",Positif,0.957
4147,SUKSES,Topik Tidak Relevan,Tidak Ditemukan,Positif,0.895
4148,SELALU,Topik Tidak Relevan,Tidak Ditemukan,Netral,0.49
4149,SIGNAL,Proses Pengurusan via Aplikasi SIGNAL,"signal, urus, samsat, digital, ambil",Netral,0.574
4150,sangat praktis dan sangat membantu yang jauh dari keberadaan Samsat,Perbandingan Layanan Online vs. Kantor Samsat,"kantor, samsat, online, daerah, kota",Positif,0.993
4151,cepat kilat,Perbandingan Layanan Online vs. Kantor Samsat,"kantor, samsat, online, daerah, kota",Positif,0.932
4152,siiiip,Topik Tidak Relevan,Tidak Ditemukan,Positif,0.586
4153,terima kasih bayar pajak tahunan makin mudah lewat SIGNAL,Pembayaran Pajak Kendaraan Online,"bayar, pajak, kendara, tahun, online",Positif,0.941
4154,seterusnya tahunan lagi ya,Pembayaran Pajak Kendaraan Online,"bayar, pajak, kendara, tahun, online",Netral,0.889
4155,bayar pajak satset tanpa calo,Pembayaran Pajak Kendaraan Online,"bayar, pajak, kendara, tahun, online",Positif,0.844
4156,bisa dikirim ke luar pulau jawa,Proses dan Durasi Pengiriman STNK,"kirim, proses, stnk, tanggal, minggu",Netral,0.747
4157,mempermudah pembayaran pajak tolong ditingkatkan untuk kelayakan servernya saja terkadang lambat padahal sinyal dan jaringan lancar mungkin karena server sedang sibuk oleh banyaknya pengguna yang masuk secara bersamaan,Layanan Jasa Kurir Pengiriman,"pos, kirim, via, indonesia, guna",Negatif,0.502
4158,sangat luar biasa,Perbandingan Layanan Online vs. Kantor Samsat,"kantor, samsat, online, daerah, kota",Netral,0.708
4159,makin gampang melakukan,Rincian Biaya Administrasi dan Transaksi,"kali, daftar, biaya, transaksi, ktp",Positif,0.876
4160,pembayaran STNK,Pembayaran Pajak Kendaraan Online,"bayar, pajak, kendara, tahun, online",Negatif,0.616
4161,Sangat memudahkan respon cepat,Kualitas Pelayanan dan Antrean di Samsat,"layan, antri, samsat, masyarakat, respon",Positif,0.989
4162,alhamdulillah cepat jadi terima kasih samsat,Perbandingan Layanan Online vs. Kantor Samsat,"kantor, samsat, online, daerah, kota",Positif,1.0
4163,keren gercep,Topik Tidak Relevan,Tidak Ditemukan,Positif,0.818
4164,proses cepat hr selesai pengiriman langsung ke TKP terima kasih,Proses dan Durasi Pengiriman STNK,"kirim, proses, stnk, tanggal, minggu",Positif,0.991
4165,bagus simple gak usah ngantri klo bayar pajak,Pembayaran Pajak Kendaraan Online,"bayar, pajak, kendara, tahun, online",Positif,0.999
4166,Memudahkan sekali,Topik Tidak Relevan,Tidak Ditemukan,Positif,0.799
4167,ga perlu antri di samsat,Kualitas Pelayanan dan Antrean di Samsat,"layan, antri, samsat, masyarakat, respon",Positif,0.994
4168,cukup pencet HP,Layanan Pengiriman STNK ke Rumah,"rumah, langsung, kirim, stnk, samsat",Positif,0.843
4169,STNK langsung dikirim,Layanan Pengiriman STNK ke Rumah,"rumah, langsung, kirim, stnk, samsat",Negatif,0.751
4170,hari udah sampe,Rincian Biaya Administrasi dan Transaksi,"kali, daftar, biaya, transaksi, ktp",Negatif,0.803
4171,top bgt,Topik Tidak Relevan,Tidak Ditemukan,Positif,0.887
4172,sudah kali melalui aplikasi ini,Rincian Biaya Administrasi dan Transaksi,"kali, daftar, biaya, transaksi, ktp",Negatif,0.393
4173,apalagi kita LG kerja ga sempat ngurus,Proses Pengurusan via Aplikasi SIGNAL,"signal, urus, samsat, digital, ambil",Positif,0.747
4174,mantap cepat hari sampai ke rumah,Layanan Pengiriman STNK ke Rumah,"rumah, langsung, kirim, stnk, samsat",Positif,0.999
4175,ok nihh,Topik Tidak Relevan,Tidak Ditemukan,Negatif,0.452
4176,udh terbantu bagus memudahkan proses lebih cepat dan bisa lebih di tingkat kan lagi systmn nya,Permintaan Bantuan dan Saran Peningkatan,"bantu, tingkat, proses, samsat, rantau",Positif,1.0
4177,puas sekali dengan bayar pajak secara online,Pembayaran Pajak Kendaraan Online,"bayar, pajak, kendara, tahun, online",Positif,0.874
4178,semoga berkah aplikasinya bermanfaat untuk orang lain kaga bikin ribet,Kendala Teknis Aplikasi (Loading),"orang, sibuk, data, bayar, bank",Positif,0.356
4179,baik membantu,Topik Tidak Relevan,Tidak Ditemukan,Positif,0.697
4180,sangat membantu dalam melakukan pembayaran pajak jadi gak perlu repot repot antri disamsat,Pembayaran Pajak Kendaraan Online,"bayar, pajak, kendara, tahun, online",Positif,0.998
4181,terima kasih pelayanan sangat mudah dan efisien,Kualitas Pelayanan dan Antrean di Samsat,"layan, antri, samsat, masyarakat, respon",Positif,0.999
4182,Sangat membantu Pembayaran pajak selesai hanya dalam hitungan detik,Pembayaran Pajak Kendaraan Online,"bayar, pajak, kendara, tahun, online",Positif,0.982
4183,mantep sih keren,Topik Tidak Relevan,Tidak Ditemukan,Positif,0.996
4184,bagus si bisa mempermudah pembayaran pajak tahunan tpi tolong coba lebih di percepat lagi pelayanannya soalnya lemot banget,Pembayaran Pajak Kendaraan Online,"bayar, pajak, kendara, tahun, online",Positif,0.92
4185,mantap tanpa datang ke kantor STNK sdh jadi,Perbandingan Layanan Online vs. Kantor Samsat,"kantor, samsat, online, daerah, kota",Positif,0.955
4186,ga bisa kata pokoknya mantul kemaren bayar hari ini langsung dikirim ke rumah the best pokok nya ga ribet,Layanan Jasa Kurir Pengiriman,"pos, kirim, via, indonesia, guna",Positif,0.992
4187,Ga bisa di pake buat daftar Online,Rincian Biaya Administrasi dan Transaksi,"kali, daftar, biaya, transaksi, ktp",Netral,0.51
4188,padahal pajak tahunan,Pembayaran Pajak Kendaraan Online,"bayar, pajak, kendara, tahun, online",Netral,0.788
4189,apa lagi klo pajak tahunan,Pembayaran Pajak Kendaraan Online,"bayar, pajak, kendara, tahun, online",Netral,0.779
4190,sangat membatu bayar pajak,Pembayaran Pajak Kendaraan Online,"bayar, pajak, kendara, tahun, online",Positif,0.623
4191,sangat membantu bagi para anak rantau yg gx bisa bayar di tempat langsung,Pembayaran Pajak Kendaraan Online,"bayar, pajak, kendara, tahun, online",Positif,0.966
4192,baik sekali tks,Kualitas Pelayanan dan Antrean di Samsat,"layan, antri, samsat, masyarakat, respon",Netral,0.916
4193,layanan SIGNAL SAMSAT keren sangat membantu terutama yang sedang ada kerjaan jauh dari tempat domisili,Kualitas Pelayanan dan Antrean di Samsat,"layan, antri, samsat, masyarakat, respon",Positif,0.998
4194,pembayaran praktis sangat membantu dan amanah sdh d rmh STNK aman terimakasih,Layanan Pengiriman STNK ke Rumah,"rumah, langsung, kirim, stnk, samsat",Positif,1.0
4195,setiap mau pengaduan yang balas bott minta dihubungkan ke cs selalu sedang tidak ada cs yang berada ditempat hadeeeh bayar pajak tanggal april sampai hari ini tgl mei masih pra collecting terus malah tadi pagi proses sudah selesai tapi pengiriman dilacak masih pra collecting saya mau pengaduan bahwa saya belum terima stnk fisik aja susah banget proses sudah selesai tapi saya belum terima stnk fisik,Proses dan Durasi Pengiriman STNK,"kirim, proses, stnk, tanggal, minggu",Negatif,0.998
4196,trimakasih dengan adanya apk ini bisa meminimalisir oknum masyarakat tida di rugikan lagi tinggal bikin SIM pihak terkait harus benar benar memikirkan nya karna masih banyak masarakat yg mengeluh,Fitur dan Layanan Bantuan Aplikasi,"bikin, sistem, antar, chat, cek",Positif,0.785
4197,menunggu STNK,Perpanjangan STNK 5 Tahunan (Ganti Plat),"stnk, panjang, samsat, ganti, plat",Netral,0.513
4198,setelah nyoba aplikasi Signal,Proses Pengurusan via Aplikasi SIGNAL,"signal, urus, samsat, digital, ambil",Netral,0.831
4199,semoga cepet jadi,Topik Tidak Relevan,Tidak Ditemukan,Positif,0.599
4200,bagus sih aplikasi nya,Topik Tidak Relevan,Tidak Ditemukan,Positif,0.736
4201,terbaiklah,Topik Tidak Relevan,Tidak Ditemukan,Netral,0.903
4202,Untuk pelayanan proses dan pengiriman saya rasa agak lambat pdhal jarak saya ke samsat tempat saya mengurus hanya sekitar m tpi proses baru selesai dan keterima sampai rumah memakan waktu sampai hari,Proses dan Durasi Pengiriman STNK,"kirim, proses, stnk, tanggal, minggu",Negatif,0.974
4203,Sekedar saran dan masukan kalau bisa untuk proses pengerjaan dan pengiriman bisa di percepat sesuai dengan kondisi dan lokasi dmna tempat pengajuan atau proses pengerjaan,Proses dan Durasi Pengiriman STNK,"kirim, proses, stnk, tanggal, minggu",Netral,0.969
4204,bayar pajak tahun ganti kaleng di sini bisa,Pembayaran Pajak Kendaraan Online,"bayar, pajak, kendara, tahun, online",Netral,0.96
4205,APLIKASI TOLOL VERIFIKASI GAGAL MULU,Perpanjangan STNK 5 Tahunan (Ganti Plat),"stnk, panjang, samsat, ganti, plat",Negatif,0.999
4206,biaya tambahan saya rasa cukup tinggi,Rincian Biaya Administrasi dan Transaksi,"kali, daftar, biaya, transaksi, ktp",Netral,0.561
4207,pelayanan mudah dan cepet surat di kirim dengan aman,Layanan Jasa Kurir Pengiriman,"pos, kirim, via, indonesia, guna",Positif,1.0
4208,Alhamdulillah dikasih kemudahan dlm pelayanan,Kualitas Pelayanan dan Antrean di Samsat,"layan, antri, samsat, masyarakat, respon",Positif,1.0
4209,pas mau bayar ngelek bangat pas buka bank BCA muter doang tiktok lancar padahal,Layanan Pengiriman STNK ke Rumah,"rumah, langsung, kirim, stnk, samsat",Negatif,0.996
4210,alhamdulillah.aplikasinya sangat membantu.terima kasih kak,Topik Tidak Relevan,Tidak Ditemukan,Netral,0.454
4211,coba kena denda Etle bisa bayar di signal kan jadi gampang gaperlu antri lagi dan ga nunggu error lagi,Kendala Teknis Aplikasi (Loading),"orang, sibuk, data, bayar, bank",Netral,0.937
4212,sangat puasss dan mudah,Topik Tidak Relevan,Tidak Ditemukan,Positif,0.948
4213,layanan bagus cepat cm aplikasinya restart trs,Kualitas Pelayanan dan Antrean di Samsat,"layan, antri, samsat, masyarakat, respon",Positif,0.998
4214,buruk banget lama prosesnya,Proses dan Durasi Pengiriman STNK,"kirim, proses, stnk, tanggal, minggu",Negatif,0.98
4215,bagus cuman kurir nya kurang ramah,Proses Pengurusan via Aplikasi SIGNAL,"signal, urus, samsat, digital, ambil",Negatif,0.896
4216,mempermudah bagi perantau untuk bayar pajak,Pembayaran Pajak Kendaraan Online,"bayar, pajak, kendara, tahun, online",Positif,0.973
4217,semkin mudah utk bayar pajak kendaraan,Pembayaran Pajak Kendaraan Online,"bayar, pajak, kendara, tahun, online",Positif,0.799
4218,sangat mudah urus perpanjangan stnk melalui signal,Perpanjangan STNK 5 Tahunan (Ganti Plat),"stnk, panjang, samsat, ganti, plat",Positif,0.976
4219,Bayar pajak lebih simple,Pembayaran Pajak Kendaraan Online,"bayar, pajak, kendara, tahun, online",Positif,0.977
4220,ribet buat bayar pajak,Pembayaran Pajak Kendaraan Online,"bayar, pajak, kendara, tahun, online",Negatif,0.563
4221,signal sangat membantu saya bayar pajak jadi lebih gampang gausah antri antrian lagi makasih signal,Proses Pengurusan via Aplikasi SIGNAL,"signal, urus, samsat, digital, ambil",Positif,0.997
4222,mantaps sangat membantu sekali terima kasih,Topik Tidak Relevan,Tidak Ditemukan,Positif,0.998
4223,mudah penggunaannya sangat membantu hemat waktu,Layanan Jasa Kurir Pengiriman,"pos, kirim, via, indonesia, guna",Positif,0.998
4224,sangat puas dengan pengiriman,Proses dan Durasi Pengiriman STNK,"kirim, proses, stnk, tanggal, minggu",Positif,0.701
4225,pelayanan sangat baik,Kualitas Pelayanan dan Antrean di Samsat,"layan, antri, samsat, masyarakat, respon",Positif,0.439
4226,Aplikasi ini masih bisa digunakan apa tidak karna proses daftar bisa tetapi saat akan bayar selalu gagal katanya untuk membantu masyarakat biar sadar dg sendirinya mau bayar pajak tapi ini malah susah dan kalau bayar langsung ke samsat masih saja banyak pungli yg dilakukan petugas diloket,Pembayaran Pajak Kendaraan Online,"bayar, pajak, kendara, tahun, online",Negatif,0.927
4227,gk ribet,Topik Tidak Relevan,Tidak Ditemukan,Positif,0.627
4228,GK mesti isi formulir GK mesti fotokopi GK mesti bolak balik Samsat,Kendala Teknis Aplikasi (Loading),"orang, sibuk, data, bayar, bank",Positif,0.927
4229,diem di rumah sampe GK lama juga proses pengirimanya,Layanan Pengiriman STNK ke Rumah,"rumah, langsung, kirim, stnk, samsat",Positif,0.956
4230,tankss kurirr pos,Layanan Jasa Kurir Pengiriman,"pos, kirim, via, indonesia, guna",Positif,0.586
4231,sangat membantu dan proses nya cepet kalo bisa ganti plat juga bisa lewat aplikasi signal,Perpanjangan STNK 5 Tahunan (Ganti Plat),"stnk, panjang, samsat, ganti, plat",Positif,0.927
4232,sangat membatu banget yang gk sempet ke Samsat tetapi ttp bisa bayar pajak tepat wkt hanya lewat aplikasi,Pembayaran Pajak Kendaraan Online,"bayar, pajak, kendara, tahun, online",Positif,0.83
4233,Biar bintang yg berbicara,Topik Tidak Relevan,Tidak Ditemukan,Netral,0.648
4234,Sangat membantu utk saya yg ada di tanah rantau Samsat Pemalang the best pokoe,Permintaan Bantuan dan Saran Peningkatan,"bantu, tingkat, proses, samsat, rantau",Positif,0.983
4235,sangat membantu aplikasi ini buat yg jauh dari Samsat setempat,Fitur dan Layanan Bantuan Aplikasi,"bikin, sistem, antar, chat, cek",Positif,0.629
4236,dan cepat pengurusannya terimakasih signal memudahkan kita dimnapun berada mengurus STNK,Proses Pengurusan via Aplikasi SIGNAL,"signal, urus, samsat, digital, ambil",Positif,0.999
4237,Hanya untuk pengiriminnya bisa lebih cepat lagi,Topik Tidak Relevan,Tidak Ditemukan,Positif,0.775
4238,tidak perlu ke jasa bisa sambil tiduran,Layanan Jasa Kurir Pengiriman,"pos, kirim, via, indonesia, guna",Netral,0.498
4239,aplikasi gak jelas,Topik Tidak Relevan,Tidak Ditemukan,Negatif,0.923
4240,Terimakasih dan sangat membantu,Topik Tidak Relevan,Tidak Ditemukan,Positif,0.997
4241,ga ribet ga cape,Topik Tidak Relevan,Tidak Ditemukan,Positif,0.988
4242,aplikasi sangat mudah digunakan proses pembayaran mudah pengiriman juga sangat cepat,Proses dan Durasi Pengiriman STNK,"kirim, proses, stnk, tanggal, minggu",Positif,0.964
4243,keren ini sangat mempermudah masyarakat,Kualitas Pelayanan dan Antrean di Samsat,"layan, antri, samsat, masyarakat, respon",Positif,0.991
4244,sangat berguna sangat bermanfaat,Layanan Jasa Kurir Pengiriman,"pos, kirim, via, indonesia, guna",Positif,0.602
4245,mempermudah urusan untuk perpanjangan STNK walaupun beda kabupaten,Perpanjangan STNK 5 Tahunan (Ganti Plat),"stnk, panjang, samsat, ganti, plat",Positif,0.559
4246,mantap gak perlu antrian kerjaan pun gk terganggu sangat membantu sekali,Kualitas Pelayanan dan Antrean di Samsat,"layan, antri, samsat, masyarakat, respon",Positif,1.0
4247,untuk pajak online sangat membantu,Pembayaran Pajak Kendaraan Online,"bayar, pajak, kendara, tahun, online",Positif,0.903
4248,mantabb lanjutkan,Permintaan Bantuan dan Saran Peningkatan,"bantu, tingkat, proses, samsat, rantau",Positif,0.997
4249,sangat membantu sekali terimakasih,Topik Tidak Relevan,Tidak Ditemukan,Positif,0.989
4250,mantapppp bayar pajak gak pake ribet semoga untuk bayar pajak tahunan juga bisa lewat aplikasi signal tanpa harus datang ke samsat,Pembayaran Pajak Kendaraan Online,"bayar, pajak, kendara, tahun, online",Positif,0.892
4251,memudahkan kita untuk perpanjang pajak motor gak repot datang ke gerai Samsat cukup duduk manis langsung dikirim STNK nya signal mantap,Perpanjangan STNK 5 Tahunan (Ganti Plat),"stnk, panjang, samsat, ganti, plat",Positif,0.993
4252,Mantap proses perpanjangan STNK melalui aplikasi Signal mempermudah kita tidak perlu cape antri disamsat kurir pengantaran juga ramah,Proses Pengurusan via Aplikasi SIGNAL,"signal, urus, samsat, digital, ambil",Positif,0.999
4253,signal mantap lah membantu banget gak usah capek pergi ke Samsat STNK dianter langsung keren,Layanan Pengiriman STNK ke Rumah,"rumah, langsung, kirim, stnk, samsat",Positif,0.999
4254,sangat membantu buat yg males antri,Kualitas Pelayanan dan Antrean di Samsat,"layan, antri, samsat, masyarakat, respon",Positif,0.995
4255,signal sangat membantu sekali.simple poko nya the best,Proses Pengurusan via Aplikasi SIGNAL,"signal, urus, samsat, digital, ambil",Positif,0.996
4256,dengan adanya aplikasi ini sangat membantu dan semoga kedepannya semakin dipermudah lagi,Proses Pengurusan via Aplikasi SIGNAL,"signal, urus, samsat, digital, ambil",Positif,0.843
4257,bayar pajak aman nyaman,Pembayaran Pajak Kendaraan Online,"bayar, pajak, kendara, tahun, online",Positif,0.973
4258,pelayanan cepat bgtt,Kualitas Pelayanan dan Antrean di Samsat,"layan, antri, samsat, masyarakat, respon",Positif,0.992
4259,kreen,Topik Tidak Relevan,Tidak Ditemukan,Positif,0.898
4260,sudah bayar biaya kirim ke rumah mulai tanggal april tapi stnk belum dikirim sampai sekarang,Proses dan Durasi Pengiriman STNK,"kirim, proses, stnk, tanggal, minggu",Negatif,0.967
4261,proses kirim lumayan lama,Proses dan Durasi Pengiriman STNK,"kirim, proses, stnk, tanggal, minggu",Negatif,0.859
4262,pengiriman cepat aman,Proses dan Durasi Pengiriman STNK,"kirim, proses, stnk, tanggal, minggu",Positif,0.942
4263,layanan mantap,Kualitas Pelayanan dan Antrean di Samsat,"layan, antri, samsat, masyarakat, respon",Positif,0.995
4264,aplikasi yg sangat memudahkan untuk bayar pajak jadi untuk kami yg bekerja diluar daerah kota gaperlu bolak balik ke tempat asal hanya untuk membayar pajak,Pembayaran Pajak Kendaraan Online,"bayar, pajak, kendara, tahun, online",Positif,0.927
4265,pokoknya,Layanan Jasa Kurir Pengiriman,"pos, kirim, via, indonesia, guna",Positif,0.905
4266,aplikasi ini sangat membantu efisian waktu dan biaya,Rincian Biaya Administrasi dan Transaksi,"kali, daftar, biaya, transaksi, ktp",Positif,0.87
4267,thx Signal,Proses Pengurusan via Aplikasi SIGNAL,"signal, urus, samsat, digital, ambil",Positif,0.892
4268,sangat efektif ga usah ngantri bisa bayar dri mh smbil duduk santai,Kualitas Pelayanan dan Antrean di Samsat,"layan, antri, samsat, masyarakat, respon",Positif,0.993
4269,kira kira kapan ya nyampai ke rumah sudah kira lama gak,Layanan Pengiriman STNK ke Rumah,"rumah, langsung, kirim, stnk, samsat",Negatif,0.618
4270,aplikasi yang memudahkan pembayaran pajak,Pembayaran Pajak Kendaraan Online,"bayar, pajak, kendara, tahun, online",Positif,0.871
4271,lanjutkan bapak,Permintaan Bantuan dan Saran Peningkatan,"bantu, tingkat, proses, samsat, rantau",Positif,0.669
4272,saya membayar pajak melalui aplikasi ini dan di kirim ke alamat saya di Dumai,Proses dan Durasi Pengiriman STNK,"kirim, proses, stnk, tanggal, minggu",Negatif,0.736
4273,saya bangga ada ny aplikasi ini jd tidak perlu repot lagi harus ke kantor Samsat untuk mengurus ny,Perpanjangan STNK 5 Tahunan (Ganti Plat),"stnk, panjang, samsat, ganti, plat",Positif,0.997
4274,Alhamdulillah pelayanan yg sangat cepat mudah simple,Kualitas Pelayanan dan Antrean di Samsat,"layan, antri, samsat, masyarakat, respon",Positif,1.0
4275,mempermudah si ada aplikasi ini tapi ini kenapa stnk saya belum sampe sudah hari belum sampe padahal saya pengiriman Express hari baru sampe alhamdulillah,Layanan Pengiriman STNK ke Rumah,"rumah, langsung, kirim, stnk, samsat",Negatif,0.941
4276,mudah dan cepat prosesnya mantul,Proses dan Durasi Pengiriman STNK,"kirim, proses, stnk, tanggal, minggu",Positif,0.999
4277,sangat membantu dan mempermudah bagi yg bekerja untuk membayar pajak tanpa harus ke Samsat nya langsung mantap,Pembayaran Pajak Kendaraan Online,"bayar, pajak, kendara, tahun, online",Positif,0.997
4278,hari selesai dari awal pembayaran sampai terima bukti pembayaran pajaknya,Pembayaran Pajak Kendaraan Online,"bayar, pajak, kendara, tahun, online",Positif,0.687
4279,dari tgl mei kmaren sampe sekrang stnk blm di kirim,Proses dan Durasi Pengiriman STNK,"kirim, proses, stnk, tanggal, minggu",Negatif,0.987
4280,sip sangat membantu aplikasi ini tapi cuma pengiriman aja lama pdhl sudah pkek jasa yang mahal itu aja sih,Layanan Jasa Kurir Pengiriman,"pos, kirim, via, indonesia, guna",Negatif,0.544
4281,mempermudah pegawai untuk proses bayar pajak kendaraan,Pembayaran Pajak Kendaraan Online,"bayar, pajak, kendara, tahun, online",Positif,0.841
4282,sekalian SIM juga perpanjang online,Perpanjangan STNK 5 Tahunan (Ganti Plat),"stnk, panjang, samsat, ganti, plat",Netral,0.493
4283,mantap nggak perlu antri,Kualitas Pelayanan dan Antrean di Samsat,"layan, antri, samsat, masyarakat, respon",Positif,1.0
4284,memudahkan kita yang di perantauan untuk membayar pajak kendaraan tidak harus mudik,Pembayaran Pajak Kendaraan Online,"bayar, pajak, kendara, tahun, online",Positif,0.992
4285,pelayanan cepat gak perlu antri antri lagi ke samsat dokumen bisa langsung di antar ke rumah,Kualitas Pelayanan dan Antrean di Samsat,"layan, antri, samsat, masyarakat, respon",Positif,1.0
4286,sangat membantu memudahkan,Topik Tidak Relevan,Tidak Ditemukan,Positif,0.992
4287,pelayanan cepat keren bgt,Kualitas Pelayanan dan Antrean di Samsat,"layan, antri, samsat, masyarakat, respon",Positif,0.999
4288,sangat mudah dan praktis untuk pembayaran pajak,Pembayaran Pajak Kendaraan Online,"bayar, pajak, kendara, tahun, online",Positif,0.993
4289,sangat membantu dimana padatnya rutinitas sehari hari.ga mesti datang ke lokasi.pokony mantap,Kendala Teknis Aplikasi (Loading),"orang, sibuk, data, bayar, bank",Positif,0.988
4290,layanan publik bebas calo,Kualitas Pelayanan dan Antrean di Samsat,"layan, antri, samsat, masyarakat, respon",Positif,0.698
4291,aplikasinya mudah bisa dipake pertama aja sterusnya dipersulit dipembayaran tpi knp kendalanya mesti dipembayaran loading trus GK bisa aplikasi apenih,Pembayaran Pajak Kendaraan Online,"bayar, pajak, kendara, tahun, online",Negatif,0.805
4292,Mantap Sangat membantu tidak perlu ke samsat bayar pajak makin mudah,Pembayaran Pajak Kendaraan Online,"bayar, pajak, kendara, tahun, online",Positif,1.0
4293,Proses mudah dan cepat mantap,Proses dan Durasi Pengiriman STNK,"kirim, proses, stnk, tanggal, minggu",Positif,0.999
4294,Proses mudah pengiriman cepat ga perlu repot ke samsat,Proses dan Durasi Pengiriman STNK,"kirim, proses, stnk, tanggal, minggu",Positif,0.998
4295,TOP,Topik Tidak Relevan,Tidak Ditemukan,Positif,0.907
4296,mantab dikirim sampai rumah,Layanan Pengiriman STNK ke Rumah,"rumah, langsung, kirim, stnk, samsat",Positif,0.993
4297,hari dokumen sampai,Layanan Jasa Kurir Pengiriman,"pos, kirim, via, indonesia, guna",Negatif,0.533
4298,trimakasih samsat,Perbandingan Layanan Online vs. Kantor Samsat,"kantor, samsat, online, daerah, kota",Positif,0.928
4299,pelayanan cepat tanpa antrian ke samsat,Kualitas Pelayanan dan Antrean di Samsat,"layan, antri, samsat, masyarakat, respon",Positif,0.999
4300,gaperlu antri cukup di rumah saja tinggal clik beres,Layanan Pengiriman STNK ke Rumah,"rumah, langsung, kirim, stnk, samsat",Positif,0.999
4301,proses pembayaran dan pengesahan STNK cepat,Proses dan Durasi Pengiriman STNK,"kirim, proses, stnk, tanggal, minggu",Positif,0.788
4302,pengiriman juga cepat tingkatkan terus,Permintaan Bantuan dan Saran Peningkatan,"bantu, tingkat, proses, samsat, rantau",Netral,0.508
4303,mantaap sangat mudah sekali gak harus ke kantor Samsat cuma duduk manis dirumah semua seslai makasih SIGNAL,Perbandingan Layanan Online vs. Kantor Samsat,"kantor, samsat, online, daerah, kota",Positif,0.999
4304,cepat dan akurat jangan ragu malah mudah,Topik Tidak Relevan,Tidak Ditemukan,Positif,0.996
4305,pelayanan baik dan cepat,Kualitas Pelayanan dan Antrean di Samsat,"layan, antri, samsat, masyarakat, respon",Positif,0.897
4306,sangat mudah untuk pembayaran tidak perlu antri,Kualitas Pelayanan dan Antrean di Samsat,"layan, antri, samsat, masyarakat, respon",Positif,0.995
4307,mudah dan gampang,Topik Tidak Relevan,Tidak Ditemukan,Positif,0.993
4308,membantu yang tidak ada waktu untuk datang ke samsat,Perbandingan Layanan Online vs. Kantor Samsat,"kantor, samsat, online, daerah, kota",Positif,0.9
4309,terus perbaiki dan pertahankan,Perpanjangan STNK 5 Tahunan (Ganti Plat),"stnk, panjang, samsat, ganti, plat",Positif,0.882
4310,sangat membantu dan memudahkan sekali,Topik Tidak Relevan,Tidak Ditemukan,Positif,0.988
4311,boro boro mau ngasih,Topik Tidak Relevan,Tidak Ditemukan,Netral,0.895
4312,mau bayar aja ribet,Pembayaran Pajak Kendaraan Online,"bayar, pajak, kendara, tahun, online",Negatif,0.775
4313,Proses cepat prosedur jelas dan mudah hari kerja STNK sudah sampai posisi beda kota dg Samsat terdaftar,Perpanjangan STNK 5 Tahunan (Ganti Plat),"stnk, panjang, samsat, ganti, plat",Positif,0.681
4314,mantapppppsss aman santosah dan satset tggal duduk manis total admin kurleb k. sangat membantu,Layanan Jasa Kurir Pengiriman,"pos, kirim, via, indonesia, guna",Positif,0.977
4315,bagus sangat membantu terutama pekerja ga perlu izin lg,Topik Tidak Relevan,Tidak Ditemukan,Positif,0.998
4316,Alhamdulillah jadi lebih mudah tanpa harus antri,Kualitas Pelayanan dan Antrean di Samsat,"layan, antri, samsat, masyarakat, respon",Positif,1.0
4317,pelayanan cepat dan mantap,Kualitas Pelayanan dan Antrean di Samsat,"layan, antri, samsat, masyarakat, respon",Positif,0.999
4318,terima kasih sangat membantu sekalai,Topik Tidak Relevan,Tidak Ditemukan,Positif,0.997
4319,Kurangi biaya aplikasi,Rincian Biaya Administrasi dan Transaksi,"kali, daftar, biaya, transaksi, ktp",Negatif,0.604
4320,dan klo bisa kurirnya dibanyakin jangan hanya pos indonesia saja,Layanan Jasa Kurir Pengiriman,"pos, kirim, via, indonesia, guna",Netral,0.759
4321,aplikasi signal mantap bayar pajak tidak perlu antri,Pembayaran Pajak Kendaraan Online,"bayar, pajak, kendara, tahun, online",Positif,0.998
4322,aplikasi bapuk bertele,Topik Tidak Relevan,Tidak Ditemukan,Negatif,0.947
4323,alhamdulillah sampai dalam hari Terima kasih jadi lebih mudah,Rincian Biaya Administrasi dan Transaksi,"kali, daftar, biaya, transaksi, ktp",Positif,1.0
4324,kebetulan saya lupa harus bayar pajak tahunan motor,Pembayaran Pajak Kendaraan Online,"bayar, pajak, kendara, tahun, online",Netral,0.926
4325,karena sudah mepet dan repot akhirnya pakai SIGNAL,Proses Pengurusan via Aplikasi SIGNAL,"signal, urus, samsat, digital, ambil",Positif,0.963
4326,Dan Alhamdulillah mudah untuk pemula yg baru bayar pajak online,Pembayaran Pajak Kendaraan Online,"bayar, pajak, kendara, tahun, online",Positif,0.999
4327,pembayaran pajak stnk lebih mudah tak perlu ke kantor samsat resi pembayaran bisa dikirim ke rumah atau di kantor,Layanan Pengiriman STNK ke Rumah,"rumah, langsung, kirim, stnk, samsat",Positif,0.969
4328,mantap saya suka,Permintaan Bantuan dan Saran Peningkatan,"bantu, tingkat, proses, samsat, rantau",Positif,0.922
4329,semoga fitur lain juga tersedia untuk bayar pajak tahunan mudah prosesnya,Pembayaran Pajak Kendaraan Online,"bayar, pajak, kendara, tahun, online",Netral,0.961
4330,terimakasih signal berkat apk ini bayar pajek kendaran jadi mudah,Proses Pengurusan via Aplikasi SIGNAL,"signal, urus, samsat, digital, ambil",Positif,0.984
4331,Mohon di respone jawab pertanyaan sesuai yang di tanya agar konsumen lebih percaya,Topik Tidak Relevan,Tidak Ditemukan,Netral,0.982
4332,kalau bisa di proses cepat dengan waktu hari kerja dan harapanya dalam kurang hari STNK asli sudah sampai di alamat tujuan,Proses dan Durasi Pengiriman STNK,"kirim, proses, stnk, tanggal, minggu",Negatif,0.53
4333,Actual skrang hari sampai bulan baru di terima di alamat STNK aslinya,Proses dan Durasi Pengiriman STNK,"kirim, proses, stnk, tanggal, minggu",Negatif,0.963
4334,proses pengiriman nya sangat lama,Proses dan Durasi Pengiriman STNK,"kirim, proses, stnk, tanggal, minggu",Negatif,0.653
4335,hadehhh,Topik Tidak Relevan,Tidak Ditemukan,Negatif,0.704
4336,good job thanks signal mempermudah bayar pajak dan cepat juga prosesnya,Pembayaran Pajak Kendaraan Online,"bayar, pajak, kendara, tahun, online",Positif,1.0
4337,mempermudah bagi kita yg sibuk,Kendala Teknis Aplikasi (Loading),"orang, sibuk, data, bayar, bank",Positif,0.899
4338,lebih mudah dan Praktis,Topik Tidak Relevan,Tidak Ditemukan,Positif,0.999
4339,mantap seminggu langsung jadi,Layanan Pengiriman STNK ke Rumah,"rumah, langsung, kirim, stnk, samsat",Positif,0.991
4340,lebih praktis bayar pajak lewat online gak perlu ke Samsat lagi,Pembayaran Pajak Kendaraan Online,"bayar, pajak, kendara, tahun, online",Positif,0.997
4341,Terbaik pokoknya gk perlu antri ke samsat Satset bayar dari rmh pengiriman juga cepaatt langganan tiap taun,Pembayaran Pajak Kendaraan Online,"bayar, pajak, kendara, tahun, online",Positif,0.995
4342,mantap cepat dak pokoknya sangat puas dengan aplikasi pajak online,Pembayaran Pajak Kendaraan Online,"bayar, pajak, kendara, tahun, online",Positif,1.0
4343,sampai saat ini dokumen masih belum saya terima,Layanan Jasa Kurir Pengiriman,"pos, kirim, via, indonesia, guna",Positif,0.832
4344,setiap melakukan pengaduan tidak pernah ada jawaban memuaskan,Rincian Biaya Administrasi dan Transaksi,"kali, daftar, biaya, transaksi, ktp",Negatif,0.839
4345,sudah melakukan pembayaran tapi STNK fisik masih belum saya terima sedangkan diaplikasi pesanan sudah selesai,Proses dan Durasi Pengiriman STNK,"kirim, proses, stnk, tanggal, minggu",Negatif,0.715
4346,tapi sayang pengiriman begitu lama,Proses dan Durasi Pengiriman STNK,"kirim, proses, stnk, tanggal, minggu",Negatif,0.904
4347,sudah hampir minggu belom juga datang,Proses dan Durasi Pengiriman STNK,"kirim, proses, stnk, tanggal, minggu",Negatif,0.913
4348,terimakasih signal dengan ada nya aplikasi ini jadi gak repot langsung ke Samsat,Layanan Pengiriman STNK ke Rumah,"rumah, langsung, kirim, stnk, samsat",Positif,0.997
4349,lebih enak bisa membantu,Topik Tidak Relevan,Tidak Ditemukan,Positif,0.997
4350,yang buat atas nama perusahaan dibuatkan juga pak untuk mempermudah akses samsat yang jauh dr tempat kerja,Fitur dan Layanan Bantuan Aplikasi,"bikin, sistem, antar, chat, cek",Netral,0.979
4351,Aplikasi ini sangat membantu sekali untuk pembayaran pajak tahunan tidak perlu repot lagi datang ke Samsat,Pembayaran Pajak Kendaraan Online,"bayar, pajak, kendara, tahun, online",Positif,0.955
4352,Terimakasih Signal,Proses Pengurusan via Aplikasi SIGNAL,"signal, urus, samsat, digital, ambil",Positif,0.965
4353,semoga kedepanya Lebih Banyak Fitru yang LainNya Lagi Biar Membayar Semua Pajak Bisa Online semua Engga Hanya Stnk Tpi semua Pajak Aamiin,Pembayaran Pajak Kendaraan Online,"bayar, pajak, kendara, tahun, online",Netral,0.942
4354,sangat membantu sekali pertahankan pelayanan dan kualitasnya,Kualitas Pelayanan dan Antrean di Samsat,"layan, antri, samsat, masyarakat, respon",Positif,0.995
4355,gajelas kode otp dikirim kemana di sms wa gmail gada satupun yg muncul,Proses dan Durasi Pengiriman STNK,"kirim, proses, stnk, tanggal, minggu",Negatif,0.998
4356,pas minta kode lagi malah batas maksimal,Layanan Pengiriman STNK ke Rumah,"rumah, langsung, kirim, stnk, samsat",Negatif,0.627
4357,mantap cuma lama di pengiriman aja kurir minta uang lebih pos,Layanan Jasa Kurir Pengiriman,"pos, kirim, via, indonesia, guna",Negatif,0.701
4358,membantu bgt,Topik Tidak Relevan,Tidak Ditemukan,Positif,0.976
4359,di saat lagi kerja,Topik Tidak Relevan,Tidak Ditemukan,Positif,0.517
4360,Aplikasinya sngt bermanfaat sngt efisien dg adanya Signal,Proses Pengurusan via Aplikasi SIGNAL,"signal, urus, samsat, digital, ambil",Positif,0.98
4361,tidak bisa daftarkan kendaraan,Rincian Biaya Administrasi dan Transaksi,"kali, daftar, biaya, transaksi, ktp",Negatif,0.799
4362,Mantep,Topik Tidak Relevan,Tidak Ditemukan,Positif,0.979
4363,ga perlu antri,Kualitas Pelayanan dan Antrean di Samsat,"layan, antri, samsat, masyarakat, respon",Positif,0.993
4364,Aplikasi nya berjalan dengan lancar dan baik sehingga sangat membantu dan mudah di gunakan,Layanan Jasa Kurir Pengiriman,"pos, kirim, via, indonesia, guna",Positif,0.987
4365,jadi gampang ada aplikasi ini,Topik Tidak Relevan,Tidak Ditemukan,Positif,0.923
4366,mau cek pajak aja ribet pakai bikin akun no rangka segala,Fitur dan Layanan Bantuan Aplikasi,"bikin, sistem, antar, chat, cek",Negatif,0.997
4367,awalnya bintang tp sekang udh sukses jd bintang,Topik Tidak Relevan,Tidak Ditemukan,Negatif,0.855
4368,lebih bagus klo uda bayar besoknya langsung proses kirim ga nunggu seminggu atau beberapa hari buat kirim,Proses dan Durasi Pengiriman STNK,"kirim, proses, stnk, tanggal, minggu",Positif,0.551
4369,dikirim dalam waktu Minggu,Proses dan Durasi Pengiriman STNK,"kirim, proses, stnk, tanggal, minggu",Negatif,0.949
4370,Mayan lah mempermudah,Topik Tidak Relevan,Tidak Ditemukan,Positif,0.869
4371,Mantabs,Topik Tidak Relevan,Tidak Ditemukan,Positif,0.986
4372,Pelayanan mantabs bukti pembayaran eTBPKP dikirim sesuai jadwal dan diterima sesuai alamat,Proses dan Durasi Pengiriman STNK,"kirim, proses, stnk, tanggal, minggu",Positif,0.995
4373,Bravo Pak Polisi atas pelayanan cepatnya,Fitur dan Layanan Bantuan Aplikasi,"bikin, sistem, antar, chat, cek",Positif,0.994
4374,aplikasi ini sangat bagus dan sangat membantu Ty,Topik Tidak Relevan,Tidak Ditemukan,Positif,0.986
4375,mntapp,Topik Tidak Relevan,Tidak Ditemukan,Positif,0.604
4376,memudahkan tdk perlu antri lagi,Kualitas Pelayanan dan Antrean di Samsat,"layan, antri, samsat, masyarakat, respon",Positif,0.999
4377,tapi agak bersabar menunggu kedatangan pengesahannya,Topik Tidak Relevan,Tidak Ditemukan,Negatif,0.733
4378,Ribet,Topik Tidak Relevan,Tidak Ditemukan,Positif,0.627
4379,trima kasih .sangat membantu tolongpertahankan dalam pelayanan bagi masyarakat,Kualitas Pelayanan dan Antrean di Samsat,"layan, antri, samsat, masyarakat, respon",Positif,0.998
4380,nyesel sdh th memperpanjang lewat onlain di kasihnya STNK notif doang giliran mau memperpanjang datang di tanyain stnk asli buat yang lain jangan lewat onlain ujung bikin stnk baru lagi,Perpanjangan STNK 5 Tahunan (Ganti Plat),"stnk, panjang, samsat, ganti, plat",Negatif,0.99
4381,menyesal,Topik Tidak Relevan,Tidak Ditemukan,Negatif,0.7
4382,mantap gak pake ribet,Topik Tidak Relevan,Tidak Ditemukan,Positif,0.993
4383,mantap pokok na mah,Perpanjangan STNK 5 Tahunan (Ganti Plat),"stnk, panjang, samsat, ganti, plat",Positif,0.998
4384,Saat bagus mempermudah urus pajak online,Pembayaran Pajak Kendaraan Online,"bayar, pajak, kendara, tahun, online",Positif,0.998
4385,bayar pajak gak harus ke kantor bisa bayar di aplikasi signal mudah dan praktis cocok untuk orang seperti saya yg sibuk kerja,Pembayaran Pajak Kendaraan Online,"bayar, pajak, kendara, tahun, online",Positif,0.959
4386,anti ribet langsung di kirim ke,Layanan Pengiriman STNK ke Rumah,"rumah, langsung, kirim, stnk, samsat",Positif,0.871
4387,wah gercep banget ya,Topik Tidak Relevan,Tidak Ditemukan,Negatif,0.48
4388,membantu banget kalau samsatnya jauh luar provinsi,Fitur dan Layanan Bantuan Aplikasi,"bikin, sistem, antar, chat, cek",Negatif,0.677
4389,terbaik sat set anti ribet sehati jadi langsung antar ke lokasi mantap mempermudah bagi kami yang sedang diluar daerah,Perbandingan Layanan Online vs. Kantor Samsat,"kantor, samsat, online, daerah, kota",Positif,0.996
4390,pengiriman terlalu lama,Proses dan Durasi Pengiriman STNK,"kirim, proses, stnk, tanggal, minggu",Negatif,0.662
4391,Sangat cepat,Topik Tidak Relevan,Tidak Ditemukan,Positif,0.755
4392,terimakasih sudah memudahkan kami yg tidak memiliki banyak waktu luang,Layanan Pengiriman STNK ke Rumah,"rumah, langsung, kirim, stnk, samsat",Positif,0.986
4393,sangat bermanfaat dan menolong pengiriman cepat meskipun pakai pos indonesia,Layanan Jasa Kurir Pengiriman,"pos, kirim, via, indonesia, guna",Netral,0.634
4394,Sangat Mempermudah membayar pajak kendaraan,Pembayaran Pajak Kendaraan Online,"bayar, pajak, kendara, tahun, online",Positif,0.849
4395,sangat membantu proses cepat,Proses dan Durasi Pengiriman STNK,"kirim, proses, stnk, tanggal, minggu",Positif,0.994
4396,Sangat membantu cuma stiker hologram pengesahan STNK sebaiknya tetap ada.Biaya admin sama pos kemahalan k lebih murah lewat orang dong jadinya,Perpanjangan STNK 5 Tahunan (Ganti Plat),"stnk, panjang, samsat, ganti, plat",Negatif,0.94
4397,keren cepat,Topik Tidak Relevan,Tidak Ditemukan,Positif,0.987
4398,Sangat membantu dan terbebas dari antrian panjang,Kualitas Pelayanan dan Antrean di Samsat,"layan, antri, samsat, masyarakat, respon",Positif,0.996
4399,bnyk kemajuan,Permintaan Bantuan dan Saran Peningkatan,"bantu, tingkat, proses, samsat, rantau",Positif,0.921
4400,cepat was wes,Topik Tidak Relevan,Tidak Ditemukan,Positif,0.959
4401,pelayanan signal nya bagus gercep tpi layanan pos nya lamhaaaay beneeeer,Kualitas Pelayanan dan Antrean di Samsat,"layan, antri, samsat, masyarakat, respon",Positif,0.875
4402,sangat membantu untuk bayar pajak jadi gx ribet,Pembayaran Pajak Kendaraan Online,"bayar, pajak, kendara, tahun, online",Positif,0.982
4403,Sangat membantu untuk pekerja seperti saya yang tidak bisa datang langsung ke samsat ataupun ke bank terdekat,Perpanjangan STNK 5 Tahunan (Ganti Plat),"stnk, panjang, samsat, ganti, plat",Positif,0.783
4404,mantap lebih mudah dan cpt gk pake ribet terimakasih,Topik Tidak Relevan,Tidak Ditemukan,Positif,1.0
4405,Hermanus Mangga Aplikasi sangat mempermudah terimakasih,Topik Tidak Relevan,Tidak Ditemukan,Positif,0.991
4406,tingkatkan kembali,Permintaan Bantuan dan Saran Peningkatan,"bantu, tingkat, proses, samsat, rantau",Netral,0.924
4407,note utk pihak samsat mana pun tolong yaa kalau pembayarann udh berhasil doc yg harusnya dikirim tu cpt di print dan di kasi ke layanan pos nya masa harus buat laporan dulu ke pihak pos indonesia baru doc nya di kirim,Layanan Jasa Kurir Pengiriman,"pos, kirim, via, indonesia, guna",Negatif,0.619
4408,cepat dan mempermudah saat pembayaran pajak,Pembayaran Pajak Kendaraan Online,"bayar, pajak, kendara, tahun, online",Positif,0.979
4409,bayar Senin Rabu sampai,Pembayaran Pajak Kendaraan Online,"bayar, pajak, kendara, tahun, online",Positif,0.869
4410,enak sekarang ga perlu antri antri lagi,Kualitas Pelayanan dan Antrean di Samsat,"layan, antri, samsat, masyarakat, respon",Positif,0.999
4411,lebih di optimalkan lagi,Topik Tidak Relevan,Tidak Ditemukan,Positif,0.869
4412,sangat memudahkan prosesnya,Proses dan Durasi Pengiriman STNK,"kirim, proses, stnk, tanggal, minggu",Positif,0.85
4413,mantabb tanpa antri panjang bisa urus pajak motor nunggak langsung jadi,Pembayaran Pajak Kendaraan Online,"bayar, pajak, kendara, tahun, online",Positif,1.0
4414,pelayanan sangat baik dan cepat,Kualitas Pelayanan dan Antrean di Samsat,"layan, antri, samsat, masyarakat, respon",Positif,0.871
4415,Pelayanan Sangat Memuaskan,Kualitas Pelayanan dan Antrean di Samsat,"layan, antri, samsat, masyarakat, respon",Positif,0.97
4416,semakin mudah,Topik Tidak Relevan,Tidak Ditemukan,Positif,0.811
4417,registrasi mudah proses pembayaran juga simpel,Rincian Biaya Administrasi dan Transaksi,"kali, daftar, biaya, transaksi, ktp",Positif,0.976
4418,mungkin bisa di tambahkan lagi pilihan untuk pengiriman instan seperti gosend dll,Proses dan Durasi Pengiriman STNK,"kirim, proses, stnk, tanggal, minggu",Netral,0.855
4419,Pembayaran pajak dg permainan jari tanpa harus datang ke samsat,Pembayaran Pajak Kendaraan Online,"bayar, pajak, kendara, tahun, online",Positif,0.5
4420,mantab pak simple,Topik Tidak Relevan,Tidak Ditemukan,Positif,0.998
4421,pembayaran pajak online ini sangat membantu buat orang yg kerja tanpa harus menyita waktu ke samsat,Pembayaran Pajak Kendaraan Online,"bayar, pajak, kendara, tahun, online",Positif,0.806
4422,semoga tidak sering bermasalah ya aplikasinya.kadang kadang bisa dibuka aplikasinya tapi gangguan,Permintaan Bantuan dan Saran Peningkatan,"bantu, tingkat, proses, samsat, rantau",Negatif,0.769
4423,keren mempercepat dan mengefesienkan waktu,Topik Tidak Relevan,Tidak Ditemukan,Positif,0.987
4424,oke semoga selalu amanah,Topik Tidak Relevan,Tidak Ditemukan,Positif,0.995
4425,ok bgt,Topik Tidak Relevan,Tidak Ditemukan,Negatif,0.594
4426,nnt mah harus ada opsi pengiriman lain kantor pos kurirnya pd ga niat,Layanan Jasa Kurir Pengiriman,"pos, kirim, via, indonesia, guna",Negatif,0.778
4427,sangat puas krn gak pake antri di loket,Kualitas Pelayanan dan Antrean di Samsat,"layan, antri, samsat, masyarakat, respon",Positif,0.994
4428,ok sip tmpa harus antri ke samsat cukup byar dari rmah sambil duduk ngopi dokumen datang dwek lawat pos,Layanan Jasa Kurir Pengiriman,"pos, kirim, via, indonesia, guna",Positif,0.996
4429,mantap sekali,Topik Tidak Relevan,Tidak Ditemukan,Positif,0.961
4430,mantap cuy,Topik Tidak Relevan,Tidak Ditemukan,Positif,0.992
4431,solusi efektif pembayaran pajak ranmor sangat membantu,Pembayaran Pajak Kendaraan Online,"bayar, pajak, kendara, tahun, online",Positif,0.911
4432,bayar pajak ga perlu repot repot antri tinggal isi data dan tinggal tunggu dirumah,Kendala Teknis Aplikasi (Loading),"orang, sibuk, data, bayar, bank",Positif,0.999
4433,gampanggg pollllll,Topik Tidak Relevan,Tidak Ditemukan,Positif,0.836
4434,makan di rumah ikan nya ikan sepat,Layanan Pengiriman STNK ke Rumah,"rumah, langsung, kirim, stnk, samsat",Netral,0.884
4435,Proses nya mudah pengiriman nya cepat,Proses dan Durasi Pengiriman STNK,"kirim, proses, stnk, tanggal, minggu",Positif,0.97
4436,Makasih Signal dan jajarannya,Proses Pengurusan via Aplikasi SIGNAL,"signal, urus, samsat, digital, ambil",Positif,0.986
4437,sangat membantu.memudahkan perpanjangan STNK,Perpanjangan STNK 5 Tahunan (Ganti Plat),"stnk, panjang, samsat, ganti, plat",Negatif,0.528
4438,Sangat sangat membantu tolong di tingkat kan mengenai masalah pengiriman agar lebih cepat lagi,Proses dan Durasi Pengiriman STNK,"kirim, proses, stnk, tanggal, minggu",Positif,0.603
4439,bagus bisa membantu meminilisir waktu bahi orang kerja yg g bisa hadir ke samsat cuma untuk agent chat tolong di bantu supaya bisa terhubung untuk bertanya tanya dan merespon dengan cepat tolong di perbaiki dan resi nya tolong kenapa tidak bisa di cek di pos Indonesia,Layanan Jasa Kurir Pengiriman,"pos, kirim, via, indonesia, guna",Positif,0.985
4440,Mempermudah perpanjangan tanpa ke samsat namun tolong di permudah saat verifikasi nya,Perpanjangan STNK 5 Tahunan (Ganti Plat),"stnk, panjang, samsat, ganti, plat",Positif,0.814
4441,Sangat membantu dan mempermudah pembayaran pajak kendaraan apalagi saat sibuk kerja tidak ada waktu untuk mengantri di loket,Pembayaran Pajak Kendaraan Online,"bayar, pajak, kendara, tahun, online",Positif,0.997
4442,Dengan melalui Signal pembayaran pajak kendaraan bermotor sangat sangat mudah dan cepat,Pembayaran Pajak Kendaraan Online,"bayar, pajak, kendara, tahun, online",Positif,0.502
4443,Aplikasi kurang Update Registrasi di persulit masak data sy gak cocok sama dukcapil,Rincian Biaya Administrasi dan Transaksi,"kali, daftar, biaya, transaksi, ktp",Negatif,0.927
4444,padahal sudah bulan lalu saya update KK online dan offline,Perbandingan Layanan Online vs. Kantor Samsat,"kantor, samsat, online, daerah, kota",Negatif,0.775
4445,testimoni pakai aplikasi signal proses bayar Apr STNK diterima Mei keren,Proses dan Durasi Pengiriman STNK,"kirim, proses, stnk, tanggal, minggu",Positif,0.894
4446,tanpa harus ke kantor samsat utk urus perpanjangan STNK cape bisa via aplikasi aja,Perpanjangan STNK 5 Tahunan (Ganti Plat),"stnk, panjang, samsat, ganti, plat",Positif,0.99
4447,Untuk yang sedang mencoba membayar dan berniat untuk menggunakan metode kirim menggunakan pos Indonesia,Layanan Jasa Kurir Pengiriman,"pos, kirim, via, indonesia, guna",Netral,0.73
4448,Segera hentikan niat anda dan ubah menjadi ambil di tempat,Proses Pengurusan via Aplikasi SIGNAL,"signal, urus, samsat, digital, ambil",Negatif,0.785
4449,Sepertinya untuk STNK digital sendiri tidak ada kepastian dari pihak SIGNAL saya sudah bertanya dan kondisinya masih pra Collecting dari tanggal Mei,Proses dan Durasi Pengiriman STNK,"kirim, proses, stnk, tanggal, minggu",Negatif,0.868
4450,Lebih baik datang ke Samsatnya dan bisa langsung diproses daripada harus pakai metode antar ke rumah,Layanan Pengiriman STNK ke Rumah,"rumah, langsung, kirim, stnk, samsat",Netral,0.535
4451,Aplikasinya sangat membantu dan keren,Topik Tidak Relevan,Tidak Ditemukan,Positif,0.992
4452,pelayanan dan pengiriman juga cepat,Kualitas Pelayanan dan Antrean di Samsat,"layan, antri, samsat, masyarakat, respon",Positif,0.931
4453,Cepat dan akurat,Topik Tidak Relevan,Tidak Ditemukan,Positif,0.983
4454,aplikasi ini cukup membantu cuma pelacakkan paket kurang detail,Layanan Jasa Kurir Pengiriman,"pos, kirim, via, indonesia, guna",Positif,0.671
4455,pelayanan cepat tanpa antri panjang,Kualitas Pelayanan dan Antrean di Samsat,"layan, antri, samsat, masyarakat, respon",Positif,0.999
4456,ke depan nya lbh bgs lg ya pelayanan nya,Kualitas Pelayanan dan Antrean di Samsat,"layan, antri, samsat, masyarakat, respon",Positif,0.886
4457,pengiriman pilihannya express tp satu Minggu br nyampe,Proses dan Durasi Pengiriman STNK,"kirim, proses, stnk, tanggal, minggu",Negatif,0.983
4458,mestinya sesuaikan dgn kata express,Kendala Teknis Aplikasi (Loading),"orang, sibuk, data, bayar, bank",Negatif,0.651
4459,mohon perbaikan nya,Topik Tidak Relevan,Tidak Ditemukan,Netral,0.983
4460,untuk manusia mageran app ini mempermudah hidup bgt kalo bisa yg pajak tahun sekalian dong,Pembayaran Pajak Kendaraan Online,"bayar, pajak, kendara, tahun, online",Positif,0.645
4461,sudah kali menggunakan aplikasi Signal tuk perpanjangan STNK,Perpanjangan STNK 5 Tahunan (Ganti Plat),"stnk, panjang, samsat, ganti, plat",Positif,0.613
4462,alhamdulillah terbantu sekali,Topik Tidak Relevan,Tidak Ditemukan,Positif,0.999
4463,tingkatkan,Permintaan Bantuan dan Saran Peningkatan,"bantu, tingkat, proses, samsat, rantau",Netral,0.924
4464,mantap pokoknyaa,Topik Tidak Relevan,Tidak Ditemukan,Positif,0.986
4465,ga perlu antri dtg ke samsat bekasi,Kualitas Pelayanan dan Antrean di Samsat,"layan, antri, samsat, masyarakat, respon",Positif,0.963
4466,cepet dan praktis ga perlu antri buat bayar pajak,Pembayaran Pajak Kendaraan Online,"bayar, pajak, kendara, tahun, online",Positif,1.0
4467,parah kaga ada yg bisa di pakai utk mengecek pajak dll ttg kendaraan bermotor,Pembayaran Pajak Kendaraan Online,"bayar, pajak, kendara, tahun, online",Negatif,0.983
4468,sangat membantu banget,Topik Tidak Relevan,Tidak Ditemukan,Positif,0.957
4469,mantap sangat memudahkan masyarakat,Kualitas Pelayanan dan Antrean di Samsat,"layan, antri, samsat, masyarakat, respon",Positif,0.998
4470,mudah ga ribet cuma klo bisa kita bayar onlinenya hari kerja jdi pengirimannya cepet sampai,Rincian Biaya Administrasi dan Transaksi,"kali, daftar, biaya, transaksi, ktp",Positif,0.978
4471,mantaf dah,Topik Tidak Relevan,Tidak Ditemukan,Positif,0.739
4472,aplikasi sangat membantu bilamana sedang di daerah pelosok tingkatkan waktu proses dari penerbitan dokumen digital ke pengiriman,Layanan Jasa Kurir Pengiriman,"pos, kirim, via, indonesia, guna",Positif,0.951
4473,terbantu banget dengan adanya aplikasi signal memudahkan buat org yg kerja kantor and proses juga cpt and gak bikin ribet,Fitur dan Layanan Bantuan Aplikasi,"bikin, sistem, antar, chat, cek",Positif,0.995
4474,sangat efisien waktu,Topik Tidak Relevan,Tidak Ditemukan,Positif,0.899
4475,Mohon bantuan sdh melakukan pembayaran via livin mandiri tp status di aplikasi signal belum bayar dan transaksi status kadaluarsa,Rincian Biaya Administrasi dan Transaksi,"kali, daftar, biaya, transaksi, ktp",Negatif,0.855
4476,mohon uang saya dikembalikan jika transaksi tidak bisa di proses,Proses dan Durasi Pengiriman STNK,"kirim, proses, stnk, tanggal, minggu",Negatif,0.54
4477,Simple dan Cepat,Topik Tidak Relevan,Tidak Ditemukan,Positif,0.995
4478,mempermudah dan tidak ribet dalam memperpanjang pajak kendaraan kita,Pembayaran Pajak Kendaraan Online,"bayar, pajak, kendara, tahun, online",Positif,0.988
4479,keren signal,Proses Pengurusan via Aplikasi SIGNAL,"signal, urus, samsat, digital, ambil",Positif,0.918
4480,Sangat mudah dan cepat,Topik Tidak Relevan,Tidak Ditemukan,Positif,0.973
4481,Bayar pajak dari rumah,Pembayaran Pajak Kendaraan Online,"bayar, pajak, kendara, tahun, online",Positif,0.807
4482,trimaksih atas layanan aplikasi signal lebih cepat dan mudah,Proses Pengurusan via Aplikasi SIGNAL,"signal, urus, samsat, digital, ambil",Positif,0.996
4483,cukup memudahkan cuma saran untuk pengiriman ditambahkan fitur pengiriman same day terimakasih,Proses dan Durasi Pengiriman STNK,"kirim, proses, stnk, tanggal, minggu",Netral,0.854
4484,terimakasih signal perpanjang STNK mudah engga angteri tinggal nunggu di rumah cepat engga terganggu kerjaan,Perpanjangan STNK 5 Tahunan (Ganti Plat),"stnk, panjang, samsat, ganti, plat",Positif,0.999
4485,baguss hemat bensin hehe,Topik Tidak Relevan,Tidak Ditemukan,Positif,0.998
4486,sangat puas dalam pelayanan di era di gital,Kualitas Pelayanan dan Antrean di Samsat,"layan, antri, samsat, masyarakat, respon",Positif,0.929
4487,sangat membatu bagus banget pengiriman cepat,Proses dan Durasi Pengiriman STNK,"kirim, proses, stnk, tanggal, minggu",Positif,0.99
4488,pelayanan.a cukup bagus dan proses.a cukup cepat,Topik Tidak Relevan,Tidak Ditemukan,Positif,0.93
4489,keren jadi ga perlu antri di kantor samsat,Perbandingan Layanan Online vs. Kantor Samsat,"kantor, samsat, online, daerah, kota",Positif,0.999
4490,selalu gagal menambahkan nomer kendaraan,Rincian Biaya Administrasi dan Transaksi,"kali, daftar, biaya, transaksi, ktp",Negatif,0.915
4491,gak ada keterangan alasan gagalnya,Layanan Pengiriman STNK ke Rumah,"rumah, langsung, kirim, stnk, samsat",Negatif,0.98
4492,sangat membantu praktis dan hemat,Topik Tidak Relevan,Tidak Ditemukan,Positif,0.999
4493,sangat memudahkan sekali untuk perpanjang STNK,Perpanjangan STNK 5 Tahunan (Ganti Plat),"stnk, panjang, samsat, ganti, plat",Positif,0.729
4494,sangat membantu bayar pajak jadi lebih mudah dan cepat,Pembayaran Pajak Kendaraan Online,"bayar, pajak, kendara, tahun, online",Positif,0.998
4495,mantap bang,Topik Tidak Relevan,Tidak Ditemukan,Positif,0.979
4496,aplikasi busuk,Topik Tidak Relevan,Tidak Ditemukan,Negatif,0.875
4497,kenapa tiap masukin data NRKB dan nomor rangka selalu di suruh cek ulang data padahal sudah bener semua tolong dong ini gimana bikin emosi aja,Kendala Teknis Aplikasi (Loading),"orang, sibuk, data, bayar, bank",Negatif,0.992
4498,Terima kasih terus jaga pelayan dan tingkatkan lg,Kualitas Pelayanan dan Antrean di Samsat,"layan, antri, samsat, masyarakat, respon",Positif,0.999
4499,pelayanan sangat bagus cepat dan memuaskan,Kualitas Pelayanan dan Antrean di Samsat,"layan, antri, samsat, masyarakat, respon",Positif,0.999
4500,proses cepet dan ga ribet,Proses dan Durasi Pengiriman STNK,"kirim, proses, stnk, tanggal, minggu",Positif,0.97
4501,sejauh ini sudah bagus cuma akan lebih bagus lagi jika dibuatkan fitur untuk pembuatan perpanjangan SIM online dan terintegrasi dengan Etele,Fitur dan Layanan Bantuan Aplikasi,"bikin, sistem, antar, chat, cek",Positif,0.968
4502,mudah cepat dan hemat,Topik Tidak Relevan,Tidak Ditemukan,Positif,0.999
4503,cepet dan mudah,Topik Tidak Relevan,Tidak Ditemukan,Positif,0.98
4504,status sudah terkirim dan selesai tapi sampai saat ini saya belum penerima fisik stnk saya,Proses dan Durasi Pengiriman STNK,"kirim, proses, stnk, tanggal, minggu",Negatif,0.995
4505,saya mengecek berapa biaya pajak bermotor tapi tidak ada di dalam aplikasi,Pembayaran Pajak Kendaraan Online,"bayar, pajak, kendara, tahun, online",Negatif,0.907
4506,sangat membantu dengan ada nya aplikasi ini.dan program pemutihan,Topik Tidak Relevan,Tidak Ditemukan,Positif,0.816
4507,saya gak harus antri pajak ke samsat,Kualitas Pelayanan dan Antrean di Samsat,"layan, antri, samsat, masyarakat, respon",Positif,0.958
4508,sangat Membantu Sekali Dalam mengurus pajak kendaraan,Pembayaran Pajak Kendaraan Online,"bayar, pajak, kendara, tahun, online",Positif,0.979
4509,mantap proses nya mudah,Proses dan Durasi Pengiriman STNK,"kirim, proses, stnk, tanggal, minggu",Positif,0.998
4510,pengiriman aman sampai tujuan,Proses dan Durasi Pengiriman STNK,"kirim, proses, stnk, tanggal, minggu",Positif,0.656
4511,Aplikasi ini Mudah Cepat Resmi dan Sangat membatu,Perbandingan Layanan Online vs. Kantor Samsat,"kantor, samsat, online, daerah, kota",Positif,0.993
4512,bagus simpel praktis,Topik Tidak Relevan,Tidak Ditemukan,Positif,1.0
4513,engga bisa tracking pengiriman STNK gw lebih ngeri ditilang perkara yg lalai dari mereka karena pengesahannya belum sampai ke pemilik estimasi hari udah lebih dari hari masih belum nyampe juga diperbaiki tolong masa sekelas aplikasi pelayanan publik malah bikin ribet,Layanan Pengiriman STNK ke Rumah,"rumah, langsung, kirim, stnk, samsat",Negatif,0.875
4514,mantap lah cepat dan sangat mudah,Topik Tidak Relevan,Tidak Ditemukan,Positif,0.998
4515,sangat membantu tanpa perlu datang ke samsat untuk mengantri pembayaran pajak,Pembayaran Pajak Kendaraan Online,"bayar, pajak, kendara, tahun, online",Positif,0.997
4516,daei tgl april baru di kirim sampe rumah tgl mei hadeh,Proses dan Durasi Pengiriman STNK,"kirim, proses, stnk, tanggal, minggu",Negatif,0.916
4517,sangat membantu sekali karena saya orang nya sibuk kerja,Kendala Teknis Aplikasi (Loading),"orang, sibuk, data, bayar, bank",Positif,0.836
4518,ok. mantap cuma sekarang agak lambat,Topik Tidak Relevan,Tidak Ditemukan,Positif,0.634
4519,baik sekali aplikasi ini bisa membantu sy bayar PKB dari Rantau,Pembayaran Pajak Kendaraan Online,"bayar, pajak, kendara, tahun, online",Positif,0.686
4520,hari sampe STNK nya,Rincian Biaya Administrasi dan Transaksi,"kali, daftar, biaya, transaksi, ktp",Negatif,0.821
4521,kurir sabar apk mudah digunakan,Layanan Jasa Kurir Pengiriman,"pos, kirim, via, indonesia, guna",Positif,0.489
4522,langsung jadi,Layanan Pengiriman STNK ke Rumah,"rumah, langsung, kirim, stnk, samsat",Positif,0.701
4523,gk perlu antri cukup dirumah aja perpanjang pajak motor nya,Pembayaran Pajak Kendaraan Online,"bayar, pajak, kendara, tahun, online",Positif,0.998
4524,yg penting sabar nungguin pak pos nya datang ke rumah,Layanan Pengiriman STNK ke Rumah,"rumah, langsung, kirim, stnk, samsat",Negatif,0.469
4525,bermanfaat sekali,Topik Tidak Relevan,Tidak Ditemukan,Positif,0.777
4526,mantap okeh,Topik Tidak Relevan,Tidak Ditemukan,Positif,0.995
4527,semoga makin ditingkatkan lagi,Permintaan Bantuan dan Saran Peningkatan,"bantu, tingkat, proses, samsat, rantau",Netral,0.977
4528,mudah n cepat,Topik Tidak Relevan,Tidak Ditemukan,Positif,0.997
4529,sudah x aku melakukan pembayaran Pajak lewat aplikasi Signal Alhamdulillah Amanah STNK sampe tujuan.Terima kasih,Rincian Biaya Administrasi dan Transaksi,"kali, daftar, biaya, transaksi, ktp",Positif,0.952
4530,pengiriman cepat cocok buat yg males ngantri,Kualitas Pelayanan dan Antrean di Samsat,"layan, antri, samsat, masyarakat, respon",Positif,0.953
4531,pelayanan ok tp waktu untuk pengiriman ke alamat tujuan klu bisa di percepat lg pak samsat,Proses dan Durasi Pengiriman STNK,"kirim, proses, stnk, tanggal, minggu",Negatif,0.642
4532,tks,Kualitas Pelayanan dan Antrean di Samsat,"layan, antri, samsat, masyarakat, respon",Netral,0.584
4533,Mantap dan Keren,Topik Tidak Relevan,Tidak Ditemukan,Positif,0.998
4534,mantap penyelesaiannya super expres,Proses dan Durasi Pengiriman STNK,"kirim, proses, stnk, tanggal, minggu",Positif,0.996
4535,sangat bermanfaat semoga SIM segera bisa seperti ini bermanfaat juga bagi POS Indonesia,Layanan Jasa Kurir Pengiriman,"pos, kirim, via, indonesia, guna",Positif,0.558
4536,lancar,Topik Tidak Relevan,Tidak Ditemukan,Positif,0.948
4537,mantap gak pake ribed terima kasih POLRI,Layanan Jasa Kurir Pengiriman,"pos, kirim, via, indonesia, guna",Positif,1.0
4538,Cukup mudah dan cepat untuk perpanjangan surat kendaraan,Perpanjangan STNK 5 Tahunan (Ganti Plat),"stnk, panjang, samsat, ganti, plat",Positif,0.997
4539,mantap tidak ribet,Topik Tidak Relevan,Tidak Ditemukan,Positif,0.995
4540,Alhamdulillah proses mudah cepat,Proses dan Durasi Pengiriman STNK,"kirim, proses, stnk, tanggal, minggu",Positif,1.0
4541,untuk aplikasi sangat baik memudahkan Bayar pajak,Pembayaran Pajak Kendaraan Online,"bayar, pajak, kendara, tahun, online",Positif,0.476
4542,Sedikit tambahan tolong diberikan informasi apabila sudah membayar disertakan tanggal perkiraan STNK dikirim dan apabila pencetakan datang ke Samsat kapan bisa datang nya,Proses dan Durasi Pengiriman STNK,"kirim, proses, stnk, tanggal, minggu",Negatif,0.948
4543,jd gk ribet dengan adanya aplikasi ini,Topik Tidak Relevan,Tidak Ditemukan,Negatif,0.669
4544,transaksi sangat mudah,Rincian Biaya Administrasi dan Transaksi,"kali, daftar, biaya, transaksi, ktp",Positif,0.572
4545,pengiriman dokumen juga jg cepat,Layanan Jasa Kurir Pengiriman,"pos, kirim, via, indonesia, guna",Positif,0.539
4546,Aplikasi cukup memudahkan hanya saja arahan untuk pemula yang instal masih kurang detail,Proses Pengurusan via Aplikasi SIGNAL,"signal, urus, samsat, digital, ambil",Positif,0.949
4547,Fitur pelacak pengiriman belum ketauan jadi baiknya ada,Proses dan Durasi Pengiriman STNK,"kirim, proses, stnk, tanggal, minggu",Netral,0.839
4548,Sudah x pake aplikasi cukup membantu lebih ditingkatkan lagi sukses Gasskeun aj Tapi plastik nya ga ada lupa apa efisiensi anggaran ya,Permintaan Bantuan dan Saran Peningkatan,"bantu, tingkat, proses, samsat, rantau",Positif,0.984
4549,jaman sudah berubah,Rincian Biaya Administrasi dan Transaksi,"kali, daftar, biaya, transaksi, ktp",Negatif,0.603
4550,mudah sekali skarang bayar pajak kendaraan,Pembayaran Pajak Kendaraan Online,"bayar, pajak, kendara, tahun, online",Positif,0.766
4551,semoga kedepannya bisa juga untuk ganti plat tahunan menjadi online juga,Pembayaran Pajak Kendaraan Online,"bayar, pajak, kendara, tahun, online",Netral,0.996
4552,mantap.cepet bgt,Topik Tidak Relevan,Tidak Ditemukan,Negatif,0.653
4553,cuma hari selesai,Proses dan Durasi Pengiriman STNK,"kirim, proses, stnk, tanggal, minggu",Negatif,0.531
4554,keren apk sangat berguna,Layanan Jasa Kurir Pengiriman,"pos, kirim, via, indonesia, guna",Positif,0.737
4555,sesuai dengan harapan,Proses dan Durasi Pengiriman STNK,"kirim, proses, stnk, tanggal, minggu",Netral,0.852
4556,terimakasih Dengan Aplikasi Ini ngurus perpanjangan Pajak Kendaraan Jadi Lebih Mudah Dan Praktis,Pembayaran Pajak Kendaraan Online,"bayar, pajak, kendara, tahun, online",Positif,0.999
4557,sangat membantu apalagi untuk posisi yg dluar Jawa barat sangat recommended,Perbandingan Layanan Online vs. Kantor Samsat,"kantor, samsat, online, daerah, kota",Positif,0.687
4558,Lumayan lah ya membantu tanpa kita hrs ke Biro Jasa or ke Samsat,Perpanjangan STNK 5 Tahunan (Ganti Plat),"stnk, panjang, samsat, ganti, plat",Positif,0.974
4559,pengiriman juga cepat g smpai berminggu,Proses dan Durasi Pengiriman STNK,"kirim, proses, stnk, tanggal, minggu",Negatif,0.635
4560,hitungan hari sampai sprti belanja online saja cepat,Perbandingan Layanan Online vs. Kantor Samsat,"kantor, samsat, online, daerah, kota",Positif,0.966
4561,mksih ya Samsat Digital,Proses Pengurusan via Aplikasi SIGNAL,"signal, urus, samsat, digital, ambil",Positif,0.969
4562,sangat bagus gak perlu ke Samsat dan sangat membantu .paling pengiriman nya aja bisa di tambah instan.dan sameday terimakasih,Proses dan Durasi Pengiriman STNK,"kirim, proses, stnk, tanggal, minggu",Positif,0.951
4563,Proses dan Pengiriman Cepat,Proses dan Durasi Pengiriman STNK,"kirim, proses, stnk, tanggal, minggu",Positif,0.698
4564,sangat membantu proses ny cpet dan lebih aman,Proses dan Durasi Pengiriman STNK,"kirim, proses, stnk, tanggal, minggu",Positif,0.999
4565,Very Usefull,Topik Tidak Relevan,Tidak Ditemukan,Netral,0.438
4566,aplikasi ini sangat membantu sekali tanpa harus ribet dan antri mempermudah utk pembayarna pajak kendaraan,Pembayaran Pajak Kendaraan Online,"bayar, pajak, kendara, tahun, online",Positif,0.997
4567,terima kasih yaaa,Topik Tidak Relevan,Tidak Ditemukan,Positif,0.942
4568,sangat memudahkan wajib pajak,Perbandingan Layanan Online vs. Kantor Samsat,"kantor, samsat, online, daerah, kota",Positif,0.896
4569,oke pelayanan nya mantap,Kualitas Pelayanan dan Antrean di Samsat,"layan, antri, samsat, masyarakat, respon",Positif,0.999
4570,Siiiiipppppppppp,Topik Tidak Relevan,Tidak Ditemukan,Positif,0.593
4571,proses cepat dan membantu sekali,Proses dan Durasi Pengiriman STNK,"kirim, proses, stnk, tanggal, minggu",Positif,0.993
4572,Semoga untuk pajak tahunan juga bisa lewat apk Signal,Pembayaran Pajak Kendaraan Online,"bayar, pajak, kendara, tahun, online",Netral,0.956
4573,sangan membantu d saat kita tidak bisa datang langsung praktis dan tidak ribet,Layanan Pengiriman STNK ke Rumah,"rumah, langsung, kirim, stnk, samsat",Positif,1.0
4574,Saran untuk perbaikan agar diberikan plastik pembungkus dokumennya agar tidak rusak apabila terkena air hujan,Layanan Jasa Kurir Pengiriman,"pos, kirim, via, indonesia, guna",Netral,0.991
4575,Tidak perlu cape cape antri ke samsat melalui online saja lebih praktis,Perbandingan Layanan Online vs. Kantor Samsat,"kantor, samsat, online, daerah, kota",Positif,1.0
4576,baik sekali,Topik Tidak Relevan,Tidak Ditemukan,Netral,0.879
4577,mantap signal,Proses Pengurusan via Aplikasi SIGNAL,"signal, urus, samsat, digital, ambil",Positif,0.983
4578,membantu sekali terimakasih,Topik Tidak Relevan,Tidak Ditemukan,Positif,0.997
4579,terima kasih pelayanan cepat dan sangat memuaskan,Kualitas Pelayanan dan Antrean di Samsat,"layan, antri, samsat, masyarakat, respon",Positif,0.999
4580,sangat membantu di kala ya ada waktu,Topik Tidak Relevan,Tidak Ditemukan,Positif,0.785
4581,trims,Topik Tidak Relevan,Tidak Ditemukan,Positif,0.942
4582,mantap urus pajak tidak pake ribet pengiriman stnk juga cepat thanks,Perpanjangan STNK 5 Tahunan (Ganti Plat),"stnk, panjang, samsat, ganti, plat",Positif,0.999
4583,Pengiriman cepat dan Amanah,Proses dan Durasi Pengiriman STNK,"kirim, proses, stnk, tanggal, minggu",Positif,0.98
4584,Bayar pajak jadi lebih mudah,Pembayaran Pajak Kendaraan Online,"bayar, pajak, kendara, tahun, online",Positif,0.977
4585,bagus simple dan efisien,Topik Tidak Relevan,Tidak Ditemukan,Positif,1.0
4586,mudah dan Praktis,Topik Tidak Relevan,Tidak Ditemukan,Positif,0.998
4587,Jadi lebih mudah untuk pembayaran pajak kendaraan dengan cara online setelah selesai penginputan data dan pembayaran tinggal tunggu dirumah dan hari kemudian sudah diantar sama abang kurir dari POS indonesia jadi tidak perlu antri lagi,Pembayaran Pajak Kendaraan Online,"bayar, pajak, kendara, tahun, online",Positif,0.982
4588,semoga sukses selalu untuk semuanya,Topik Tidak Relevan,Tidak Ditemukan,Netral,0.509
4589,dari pos ny lama,Layanan Jasa Kurir Pengiriman,"pos, kirim, via, indonesia, guna",Negatif,0.784
4590,proses tgl dicetak tgl,Proses dan Durasi Pengiriman STNK,"kirim, proses, stnk, tanggal, minggu",Negatif,0.628
4591,katanya nunggu org pos dtng ke samsat baru di cetak,Perpanjangan STNK 5 Tahunan (Ganti Plat),"stnk, panjang, samsat, ganti, plat",Netral,0.525
4592,pokoknya bagus mantap,Layanan Jasa Kurir Pengiriman,"pos, kirim, via, indonesia, guna",Positif,1.0
4593,prosesnya cepat stnk sdh sampai rmh,Proses dan Durasi Pengiriman STNK,"kirim, proses, stnk, tanggal, minggu",Positif,0.981
4594,Aplikasi yang sangat Baik proses mudah dan cepat tanpa harus keluar rumah dan antri mantappp,Layanan Pengiriman STNK ke Rumah,"rumah, langsung, kirim, stnk, samsat",Positif,0.988
4595,mantap GK bikin ribet hrus ke kantor Samsat,Perbandingan Layanan Online vs. Kantor Samsat,"kantor, samsat, online, daerah, kota",Positif,0.891
4596,sangat membantu dengan adanya samasat online,Perbandingan Layanan Online vs. Kantor Samsat,"kantor, samsat, online, daerah, kota",Positif,0.912
4597,kebanyakan bayar ini itu sim stnk plat ribet indonesiaaa,Perpanjangan STNK 5 Tahunan (Ganti Plat),"stnk, panjang, samsat, ganti, plat",Negatif,0.72
4598,pengiriman lamaaaaa,Proses dan Durasi Pengiriman STNK,"kirim, proses, stnk, tanggal, minggu",Negatif,0.882
4599,first time bayar pajak ga ngerti apa apaa soalnya ini kendaraan punya bapak tapi ternyataa mudahh banget pake aplikasi nya,Pembayaran Pajak Kendaraan Online,"bayar, pajak, kendara, tahun, online",Positif,0.927
4600,dari awal daftar pembayaran sampai pengesahan STNK fisik pun,Perpanjangan STNK 5 Tahunan (Ganti Plat),"stnk, panjang, samsat, ganti, plat",Negatif,0.983
4601,ga di persulit sama sekalii thanks btw aku pake jasa pos indonesiaa cepet banget datangnyaa,Layanan Jasa Kurir Pengiriman,"pos, kirim, via, indonesia, guna",Netral,0.476
4602,semoga sellu di pertahankan kerja yg bagus,Perpanjangan STNK 5 Tahunan (Ganti Plat),"stnk, panjang, samsat, ganti, plat",Positif,0.981
4603,dan sangat di permudah dengan adanya pembayaran pajak online good job,Pembayaran Pajak Kendaraan Online,"bayar, pajak, kendara, tahun, online",Positif,0.984
4604,kacau aplikasiny,Topik Tidak Relevan,Tidak Ditemukan,Negatif,0.855
4605,sangat membatu sekali Tdk pake antri lagi proses cepat dan mudah untuk cara pembayarannya,Perbandingan Layanan Online vs. Kantor Samsat,"kantor, samsat, online, daerah, kota",Positif,0.993
4606,pengiriman dari tgl maret smpe sekarang blm smpe STNK nya keterangan di apk nya Pracoleting,Proses dan Durasi Pengiriman STNK,"kirim, proses, stnk, tanggal, minggu",Negatif,0.997
4607,Gak Ribet Harus Nyerahin BPKB STNK Juga KTP,Rincian Biaya Administrasi dan Transaksi,"kali, daftar, biaya, transaksi, ktp",Positif,0.607
4608,aplikasi SIGNAL sangat membantu pembayaran pajak kendaraan proses cepat dan mudah pengiriman cepat sesuai dengan pilihan yg kita mau trimakasih pak pos semoga aplikasi SIGNAL makin oke lagi bisa bayar pajak tahunan juga,Pembayaran Pajak Kendaraan Online,"bayar, pajak, kendara, tahun, online",Positif,0.992
4609,maaf bintang karna tinggal proses pembayaran loadingnya ga ada ujungnya,Proses dan Durasi Pengiriman STNK,"kirim, proses, stnk, tanggal, minggu",Negatif,0.66
4610,udah sy coba berkali tetap aja sprt itu,Rincian Biaya Administrasi dan Transaksi,"kali, daftar, biaya, transaksi, ktp",Netral,0.821
4611,lambat jadinya biasanya kalo bayar pajak STNK langsung jadi ini mah harus nunggu bulan dulu baru dikirim STNK nya itupun harus d email dulu baru d proses,Proses dan Durasi Pengiriman STNK,"kirim, proses, stnk, tanggal, minggu",Negatif,0.962
4612,mantap aplikasi signal,Proses Pengurusan via Aplikasi SIGNAL,"signal, urus, samsat, digital, ambil",Positif,0.987
4613,TAK BERES APLIKASIMU RIBET KALI,Rincian Biaya Administrasi dan Transaksi,"kali, daftar, biaya, transaksi, ktp",Positif,0.665
4614,sangat membantu.harus ada sosialisasinya biar tidak ada antri lagi di sansat,Kualitas Pelayanan dan Antrean di Samsat,"layan, antri, samsat, masyarakat, respon",Netral,0.584
4615,sudah tahun ini bayar pajak mobil dan motor pakai aplikasi ini,Pembayaran Pajak Kendaraan Online,"bayar, pajak, kendara, tahun, online",Netral,0.909
4616,cepat mudah praktis dan langsung di kirim ke rumah,Layanan Pengiriman STNK ke Rumah,"rumah, langsung, kirim, stnk, samsat",Positif,0.999
4617,apalikasi nya bagus sangat mambantu bagi saya yg orang nya sibuk dan gampang,Kendala Teknis Aplikasi (Loading),"orang, sibuk, data, bayar, bank",Positif,0.995
4618,sangat membantu dan mempermudah proses dengan adanya aplikasi signal,Proses Pengurusan via Aplikasi SIGNAL,"signal, urus, samsat, digital, ambil",Positif,0.992
4619,Cepat dan mudah prosesnya sangat membantu sekali bravo Polri,Proses dan Durasi Pengiriman STNK,"kirim, proses, stnk, tanggal, minggu",Positif,0.999
4620,Alhamdulillah sangat bermanfaat dan benar benar membantu,Topik Tidak Relevan,Tidak Ditemukan,Positif,1.0
4621,saya mau perpanjangan stnk pny adik saya lewat signal alhamdulillah stnk sudah sampai di rumah pesan tgl Mei sampai rumah tgl Mei prtma agak ragu bisa enggak ya sampai rumah agak was was juga ternyata bisa untuk aplikasi signal tingkatkan lagi aplikasi signal jgn sampai error dan juga tolong kerjasama ekpedisi di perbanyak lagi jgn cmn satu doang yaitu pos kan ada lagi ekpedisi kurir yg swasta pokok Terima kasih signal,Proses Pengurusan via Aplikasi SIGNAL,"signal, urus, samsat, digital, ambil",Positif,0.911
4622,terbaikkkk hr kelarr,Rincian Biaya Administrasi dan Transaksi,"kali, daftar, biaya, transaksi, ktp",Positif,0.834
4623,jadi mempermudah efektif efisien,Topik Tidak Relevan,Tidak Ditemukan,Positif,0.999
4624,sangat memudahkan kan untuk bayar pajak,Pembayaran Pajak Kendaraan Online,"bayar, pajak, kendara, tahun, online",Positif,0.728
4625,proses mudah cepat,Proses dan Durasi Pengiriman STNK,"kirim, proses, stnk, tanggal, minggu",Positif,0.988
4626,sangat memuaskan pelayanan nya proses cepat,Kualitas Pelayanan dan Antrean di Samsat,"layan, antri, samsat, masyarakat, respon",Positif,0.996
4627,pertama kali coba dan bisa dikirim sampai rumah recommended bgt pokoknya,Layanan Jasa Kurir Pengiriman,"pos, kirim, via, indonesia, guna",Positif,0.824
4628,mudah dan hemat waktu,Topik Tidak Relevan,Tidak Ditemukan,Positif,0.995
4629,OK,Topik Tidak Relevan,Tidak Ditemukan,Netral,0.0
4630,trimakasih sudah mempermudah untuk membayar pajak secara online melalui aplikasi ini,Pembayaran Pajak Kendaraan Online,"bayar, pajak, kendara, tahun, online",Positif,0.975
4631,pelayanannya sangat bangus,Kualitas Pelayanan dan Antrean di Samsat,"layan, antri, samsat, masyarakat, respon",Positif,0.841
4632,semua jadi lebih mudah semenjak adanya aplikasi signal ini,Proses Pengurusan via Aplikasi SIGNAL,"signal, urus, samsat, digital, ambil",Positif,0.985
4633,dan yang pasti tepat sasaran semua,Topik Tidak Relevan,Tidak Ditemukan,Positif,0.593
4634,sangat membantu terima kasih signal STNK nya bisa dikirim kerumah,Layanan Pengiriman STNK ke Rumah,"rumah, langsung, kirim, stnk, samsat",Positif,0.995
4635,mau bayar tahun kedua malah notif harus validasi NIK ke samsat pdhl pembayarannya sebelumnya bisa,Pembayaran Pajak Kendaraan Online,"bayar, pajak, kendara, tahun, online",Negatif,0.878
4636,tanya cs live chat kehubung sm bot terus tanya IG ga dibales tanya ke email hari baru bales ga informatif lg,Fitur dan Layanan Bantuan Aplikasi,"bikin, sistem, antar, chat, cek",Negatif,0.985
4637,telat bayar kena denda,Kendala Teknis Aplikasi (Loading),"orang, sibuk, data, bayar, bank",Negatif,0.514
4638,lucu ya,Topik Tidak Relevan,Tidak Ditemukan,Negatif,0.609
4639,suruh bayar taat malah ribet gini,Pembayaran Pajak Kendaraan Online,"bayar, pajak, kendara, tahun, online",Negatif,0.985
4640,sering eror verivikasi administrasi mahal,Topik Tidak Relevan,Tidak Ditemukan,Negatif,0.992
4641,keren sangat membantu sekali is the best,Topik Tidak Relevan,Tidak Ditemukan,Positif,0.999
4642,aplikasi mantab sangat membantu,Topik Tidak Relevan,Tidak Ditemukan,Positif,0.998
4643,izin saran,Topik Tidak Relevan,Tidak Ditemukan,Netral,0.965
4644,untuk menu lacak semoga aja bisa lebih detail layaknya aplikasi penjualan on line,Layanan Jasa Kurir Pengiriman,"pos, kirim, via, indonesia, guna",Netral,0.854
4645,jadi kita tau posisi pengiriman STNK sudah ada di titik mana,Proses dan Durasi Pengiriman STNK,"kirim, proses, stnk, tanggal, minggu",Negatif,0.803
4646,seandainya bisa Terima kasih,Topik Tidak Relevan,Tidak Ditemukan,Positif,0.924
4647,semoga signal sukses selalu,Proses Pengurusan via Aplikasi SIGNAL,"signal, urus, samsat, digital, ambil",Positif,0.53
4648,Mantap Sangat mempermudah sekali,Topik Tidak Relevan,Tidak Ditemukan,Positif,0.995
4649,sangat cepat dan akurat,Topik Tidak Relevan,Tidak Ditemukan,Positif,0.972
4650,bayar pajak jadi mudah apa lagi buat orang perantauan,Pembayaran Pajak Kendaraan Online,"bayar, pajak, kendara, tahun, online",Positif,0.866
4651,minimal stnk a di kirim sampe berapa hari ya ko punya saya sudah seminggu belom sampe juga padahal status nya sudah selesai,Proses dan Durasi Pengiriman STNK,"kirim, proses, stnk, tanggal, minggu",Negatif,0.995
4652,kode bayar gak bisa di gunakan,Pembayaran Pajak Kendaraan Online,"bayar, pajak, kendara, tahun, online",Negatif,0.483
4653,live chat informasi operator sedang tidak ada di tempat,Fitur dan Layanan Bantuan Aplikasi,"bikin, sistem, antar, chat, cek",Negatif,0.996
4654,aplikasi gak berguna,Layanan Jasa Kurir Pengiriman,"pos, kirim, via, indonesia, guna",Negatif,0.416
4655,lama pengiriman nya,Proses dan Durasi Pengiriman STNK,"kirim, proses, stnk, tanggal, minggu",Negatif,0.597
4656,sangat membantu apalagi yang tidak berada didaerah sendiri,Perbandingan Layanan Online vs. Kantor Samsat,"kantor, samsat, online, daerah, kota",Positif,0.725
4657,terimakasih telah dibuatkan aplikasi signal,Proses Pengurusan via Aplikasi SIGNAL,"signal, urus, samsat, digital, ambil",Positif,0.879
4658,sangat bermanfaat dan memudahkan proses pembayaran pajak kendaraan bermotor,Pembayaran Pajak Kendaraan Online,"bayar, pajak, kendara, tahun, online",Positif,0.977
4659,sangat puas dengan pelayanan nya,Kualitas Pelayanan dan Antrean di Samsat,"layan, antri, samsat, masyarakat, respon",Positif,0.98
4660,good work,Topik Tidak Relevan,Tidak Ditemukan,Positif,0.995
4661,on time,Topik Tidak Relevan,Tidak Ditemukan,Positif,0.556
4662,tidak bisa untuk tahunan,Pembayaran Pajak Kendaraan Online,"bayar, pajak, kendara, tahun, online",Netral,0.848
4663,Pelayanan nya baik,Kualitas Pelayanan dan Antrean di Samsat,"layan, antri, samsat, masyarakat, respon",Positif,0.498
4664,the best pokok nya,Layanan Jasa Kurir Pengiriman,"pos, kirim, via, indonesia, guna",Positif,0.994
4665,sangat membantu dan mempermudah pembayaran pajak kendaraan tinggal duduk manis bisa sambil bekerja lalu di antara ke rumah tidak harus antri di Samsat,Pembayaran Pajak Kendaraan Online,"bayar, pajak, kendara, tahun, online",Positif,0.998
4666,memudahkan saat membayar pajak motor sukses trus buat signal,Pembayaran Pajak Kendaraan Online,"bayar, pajak, kendara, tahun, online",Positif,0.985
4667,MANTAPPPPP PAK,Topik Tidak Relevan,Tidak Ditemukan,Positif,0.796
4668,Sangat membantu dan memudahkan pembayaran Pajak,Pembayaran Pajak Kendaraan Online,"bayar, pajak, kendara, tahun, online",Positif,0.992
4669,mantap sangat membantu jdi ga usah libur kerja klo bisa usahakan ganti plat motor jga bisa di SIGNAL,Perpanjangan STNK 5 Tahunan (Ganti Plat),"stnk, panjang, samsat, ganti, plat",Positif,0.997
4670,tapi peroses nya tolong di percepat pengiriman nya agak lama,Proses dan Durasi Pengiriman STNK,"kirim, proses, stnk, tanggal, minggu",Netral,0.6
4671,sangat bagus membantu sekali,Topik Tidak Relevan,Tidak Ditemukan,Positif,0.988
4672,dengan adanya aplikasi ini,Topik Tidak Relevan,Tidak Ditemukan,Negatif,0.486
4673,prose terlalu lama tlng di perbaiki,Topik Tidak Relevan,Tidak Ditemukan,Netral,0.794
4674,jangan sampai berbulan org nunggu,Kendala Teknis Aplikasi (Loading),"orang, sibuk, data, bayar, bank",Negatif,0.529
4675,Tp kenapa sekarang dikenakan biaya aplikasi dan bank ya Sebelumnya kayaknya cuma di bebankan biaya ongkir aja,Rincian Biaya Administrasi dan Transaksi,"kali, daftar, biaya, transaksi, ktp",Negatif,0.99
4676,Ini udah tahun ke saya bayar pajak kendaraan via SIGNAL,Pembayaran Pajak Kendaraan Online,"bayar, pajak, kendara, tahun, online",Netral,0.846
4677,proses agak lama tolong di percepat trimakasih,Proses dan Durasi Pengiriman STNK,"kirim, proses, stnk, tanggal, minggu",Positif,0.965
4678,sangat membantu dan mudah di mengerti,Topik Tidak Relevan,Tidak Ditemukan,Positif,0.997
4679,mudah mudahan pajak tahunan juga bisa di urus di signal,Proses Pengurusan via Aplikasi SIGNAL,"signal, urus, samsat, digital, ambil",Positif,0.991
4680,untung tau aplikasi ini,Perbandingan Layanan Online vs. Kantor Samsat,"kantor, samsat, online, daerah, kota",Netral,0.43
4681,kalau enggak sudah kenak olah sama oknum samsat,Perbandingan Layanan Online vs. Kantor Samsat,"kantor, samsat, online, daerah, kota",Positif,0.568
4682,terimakasihh signal,Proses Pengurusan via Aplikasi SIGNAL,"signal, urus, samsat, digital, ambil",Netral,0.624
4683,pembayaran pajak jadi mudah sekali tidak perlu repot datang ke kantor Samsat,Pembayaran Pajak Kendaraan Online,"bayar, pajak, kendara, tahun, online",Positif,0.988
4684,simple dan sangat cepat sekali semoga kedepan lebih baik dan selalu berinovasi terimakasih,Proses Pengurusan via Aplikasi SIGNAL,"signal, urus, samsat, digital, ambil",Positif,0.983
4685,sangat membantu tapi tolong perbaiki lagi masih banyak kekurangan nya tentang sistem nya,Fitur dan Layanan Bantuan Aplikasi,"bikin, sistem, antar, chat, cek",Netral,0.723
4686,Aman Amanah Bisa di andalkan,Topik Tidak Relevan,Tidak Ditemukan,Positif,0.993
4687,Mantap ada perubahan yg biasanya Minggu jadi cuma seminggu selesai.tok,Proses dan Durasi Pengiriman STNK,"kirim, proses, stnk, tanggal, minggu",Negatif,0.562
4688,bagus dan praktis,Topik Tidak Relevan,Tidak Ditemukan,Positif,0.998
4689,apk signal ini sangat membantu sekali terima kasih,Proses Pengurusan via Aplikasi SIGNAL,"signal, urus, samsat, digital, ambil",Positif,0.981
4690,lama di pengiriman dari tgl nyampe tgl hari,Proses dan Durasi Pengiriman STNK,"kirim, proses, stnk, tanggal, minggu",Negatif,0.934
4691,ternyata enak lewat online,Perbandingan Layanan Online vs. Kantor Samsat,"kantor, samsat, online, daerah, kota",Netral,0.625
4692,jd bagi pekerja tdk usah izin cuti,Topik Tidak Relevan,Tidak Ditemukan,Positif,0.724
4693,SEMOGA MENGURANGI PUNGLI DAN KORUPSI,Proses Pengurusan via Aplikasi SIGNAL,"signal, urus, samsat, digital, ambil",Positif,0.513
4694,sangat membantu tidak perlu antri ke samsat lagi,Kualitas Pelayanan dan Antrean di Samsat,"layan, antri, samsat, masyarakat, respon",Positif,0.998
4695,sudah diterima dengan baik,Topik Tidak Relevan,Tidak Ditemukan,Positif,0.58
4696,cepat mudah dan efisien,Topik Tidak Relevan,Tidak Ditemukan,Positif,0.999
4697,bisa bayar pajak disini sangat membantu untuk aku yang tidak tinggal di alamat STNK,Proses dan Durasi Pengiriman STNK,"kirim, proses, stnk, tanggal, minggu",Positif,0.858
4698,lebih mahal termasuk biaya admin dan biaya pengiriman dibandingkan bayar langsung ke samsat,Rincian Biaya Administrasi dan Transaksi,"kali, daftar, biaya, transaksi, ktp",Negatif,0.997
4699,But that s okay,Topik Tidak Relevan,Tidak Ditemukan,Positif,0.974
4700,Alhamdulillah membantu bngt,Topik Tidak Relevan,Tidak Ditemukan,Positif,1.0
4701,trimakash,Topik Tidak Relevan,Tidak Ditemukan,Positif,0.606
4702,atas pemutihan tahun ini samsat,Pembayaran Pajak Kendaraan Online,"bayar, pajak, kendara, tahun, online",Netral,0.877
4703,akhrnya bayar pajak ga khwtr keluar uang gede bngt dan dah ga ribet,Pembayaran Pajak Kendaraan Online,"bayar, pajak, kendara, tahun, online",Negatif,0.96
4704,ada aplikasi ini,Topik Tidak Relevan,Tidak Ditemukan,Negatif,0.501
4705,Alhamdulillah STNK nya sudah sampai,Perpanjangan STNK 5 Tahunan (Ganti Plat),"stnk, panjang, samsat, ganti, plat",Positif,0.986
4706,bener bener sudh pemutihan gmpngan lewat sini,Topik Tidak Relevan,Tidak Ditemukan,Positif,0.841
4707,bisa dikirim ke rumah,Layanan Pengiriman STNK ke Rumah,"rumah, langsung, kirim, stnk, samsat",Positif,0.533
4708,mantap dah,Topik Tidak Relevan,Tidak Ditemukan,Positif,0.979
4709,tmbhn untuk penghapusan kendaraan klo bisa mah soalnya mau hapus kendaraan yg sudh bukan milik saya,Pembayaran Pajak Kendaraan Online,"bayar, pajak, kendara, tahun, online",Netral,0.732
4710,bisa di percaya,Topik Tidak Relevan,Tidak Ditemukan,Positif,0.903
4711,dan mempermudah bagi yang kerja ke luar kota,Perbandingan Layanan Online vs. Kantor Samsat,"kantor, samsat, online, daerah, kota",Positif,0.759
4712,ngak perlu pulang dan gak membuang waktu,Fitur dan Layanan Bantuan Aplikasi,"bikin, sistem, antar, chat, cek",Positif,0.778
4713,mantaappp kerennn,Topik Tidak Relevan,Tidak Ditemukan,Positif,0.979
4714,serba simple n instan,Topik Tidak Relevan,Tidak Ditemukan,Positif,0.99
4715,masih susah klo mau di kirim ke rumah gagal mulu,Layanan Pengiriman STNK ke Rumah,"rumah, langsung, kirim, stnk, samsat",Negatif,0.999
4716,sangat membantu untuk yg sibuk bekerja,Kendala Teknis Aplikasi (Loading),"orang, sibuk, data, bayar, bank",Positif,0.949
4717,Canggih bayar pajak kendaraan bermotor bisa di Aplikasi Signal pake BRImo dari Bank BRI,Pembayaran Pajak Kendaraan Online,"bayar, pajak, kendara, tahun, online",Positif,0.481
4718,cepet bgt,Topik Tidak Relevan,Tidak Ditemukan,Positif,0.963
4719,Mudah dan lancar,Topik Tidak Relevan,Tidak Ditemukan,Positif,0.994
4720,ribet gagal terus daftarin kendaraannya,Pembayaran Pajak Kendaraan Online,"bayar, pajak, kendara, tahun, online",Negatif,0.979
4721,mempermudah proses pembayaran pajak kendaraan,Pembayaran Pajak Kendaraan Online,"bayar, pajak, kendara, tahun, online",Positif,0.929
4722,the best,Topik Tidak Relevan,Tidak Ditemukan,Positif,0.943
4723,sangat membantu proses cepat langsung dikirim,Proses dan Durasi Pengiriman STNK,"kirim, proses, stnk, tanggal, minggu",Positif,0.992
4724,sangat memudahkan cuma tolong nanti untuk pembayaran pajak kendaraan di daerah Bangka Belitung di adakan soalnya saya masyarakat bangka Belitung tidak bisa menggunakan melakukan transaksi pembayaran pajak kendaraan,Pembayaran Pajak Kendaraan Online,"bayar, pajak, kendara, tahun, online",Positif,0.792
4725,aplikasi sangat membantu semoga kedepannya bayar pajak tahunan bisa melalui aplikasi signal,Pembayaran Pajak Kendaraan Online,"bayar, pajak, kendara, tahun, online",Positif,0.711
4726,bagus memudahkan dalam membayar pajak,Pembayaran Pajak Kendaraan Online,"bayar, pajak, kendara, tahun, online",Positif,0.993
4727,mantap cepat sampai good,Topik Tidak Relevan,Tidak Ditemukan,Positif,1.0
4728,Pelayanan nya Baik Sekali,Kualitas Pelayanan dan Antrean di Samsat,"layan, antri, samsat, masyarakat, respon",Netral,0.425
4729,sangat membantu kalau ngga sempat ke samsat langsung buat bayar pajak kendaraan,Pembayaran Pajak Kendaraan Online,"bayar, pajak, kendara, tahun, online",Positif,0.962
4730,Alhamdulillah proses cepat dan ga perlu bayar klo BPKB belum ada masih dleasing,Pembayaran Pajak Kendaraan Online,"bayar, pajak, kendara, tahun, online",Positif,0.999
4731,berjalan baik memudahkan pembayaran pajak motor,Pembayaran Pajak Kendaraan Online,"bayar, pajak, kendara, tahun, online",Netral,0.878
4732,bgus membntu bngt,Topik Tidak Relevan,Tidak Ditemukan,Positif,0.986
4733,Aplikasi sekelas pemerintah mau daftar aja susah,Rincian Biaya Administrasi dan Transaksi,"kali, daftar, biaya, transaksi, ktp",Negatif,0.998
4734,Selalu keterangan KTP tidak terdaftar di DUKCAPIL,Rincian Biaya Administrasi dan Transaksi,"kali, daftar, biaya, transaksi, ktp",Negatif,0.945
4735,Aneh bener,Topik Tidak Relevan,Tidak Ditemukan,Negatif,0.767
4736,Signal ini memudahkan buat yang susah bagi waktu,Proses Pengurusan via Aplikasi SIGNAL,"signal, urus, samsat, digital, ambil",Netral,0.421
4737,bayar online saya sih pake metode pembayaran aplikasi shoppe buat masukan kode bayar,Pembayaran Pajak Kendaraan Online,"bayar, pajak, kendara, tahun, online",Netral,0.678
4738,lalu tinggal tunggu dikirim bukti pembayaran ke rumah,Layanan Pengiriman STNK ke Rumah,"rumah, langsung, kirim, stnk, samsat",Netral,0.787
4739,terima kasih Signal,Proses Pengurusan via Aplikasi SIGNAL,"signal, urus, samsat, digital, ambil",Positif,0.965
4740,Simple gak ribet dokumen diterima dengan selamat,Layanan Jasa Kurir Pengiriman,"pos, kirim, via, indonesia, guna",Positif,0.999
4741,Biayanya banyak baget skrg ada biaya perbankan biaya platform klo biaya kirim masih oke lah,Rincian Biaya Administrasi dan Transaksi,"kali, daftar, biaya, transaksi, ktp",Negatif,0.998
4742,membantu sekali tidak perlu ke kantor Samsat untuk bayar pajak namun opsi pembayaran via perbankan perlu diperbaiki,Pembayaran Pajak Kendaraan Online,"bayar, pajak, kendara, tahun, online",Positif,0.99
4743,Sangat membantu untuk yg sibuk bekerja,Kendala Teknis Aplikasi (Loading),"orang, sibuk, data, bayar, bank",Positif,0.949
4744,aplikasi gak beguna mau bayar pajak gak bisa tertulis tidak berhasil di daftarkan padahal semua udah bener,Pembayaran Pajak Kendaraan Online,"bayar, pajak, kendara, tahun, online",Negatif,0.99
4745,mau bayar susah kga dibayar ribet,Pembayaran Pajak Kendaraan Online,"bayar, pajak, kendara, tahun, online",Negatif,0.992
4746,Mudah dan Cepat,Topik Tidak Relevan,Tidak Ditemukan,Positif,0.985
4747,Bagus sih trobosan apknya,Topik Tidak Relevan,Tidak Ditemukan,Positif,0.96
4748,tapi kalau mau urus pajak motor temen yang kita pakai kaga bisa,Pembayaran Pajak Kendaraan Online,"bayar, pajak, kendara, tahun, online",Negatif,0.857
4749,Tolong kalau bisa di tambah opsi nama lain selain pribadi atau keluarga kk,Layanan Pengiriman STNK ke Rumah,"rumah, langsung, kirim, stnk, samsat",Netral,0.942
4750,masukin data motor gak bisa bisa padahal mau bayar loh masih aja dipersulit ini alasan orang jadi malas bayar pajak,Pembayaran Pajak Kendaraan Online,"bayar, pajak, kendara, tahun, online",Negatif,0.974
4751,sangat berguna sekali dan sangat membantu tidak mengganggu pekerjaan sehari hari tinggal klik darimana saja bayar tunggu selesai dikirim ke alamat dimana saja terimakasih signal terus sempurnakan sistem ini,Proses dan Durasi Pengiriman STNK,"kirim, proses, stnk, tanggal, minggu",Positif,0.795
4752,Terus tingkatkan system agar bisa melayani semua masyarakat dalam pembayaran pajak kendaraannya.terima kasih,Pembayaran Pajak Kendaraan Online,"bayar, pajak, kendara, tahun, online",Netral,0.695
4753,Semakin modern semakin presisi,Kualitas Pelayanan dan Antrean di Samsat,"layan, antri, samsat, masyarakat, respon",Positif,0.94
4754,God job,Topik Tidak Relevan,Tidak Ditemukan,Positif,0.973
4755,Alhamdulillah prosesnya jadi lebih mudah dan praktis,Proses dan Durasi Pengiriman STNK,"kirim, proses, stnk, tanggal, minggu",Positif,1.0
4756,Sangat bermanfaat utk masyarakat karena lebih efisien,Kualitas Pelayanan dan Antrean di Samsat,"layan, antri, samsat, masyarakat, respon",Positif,0.996
4757,menghindari calo,Perpanjangan STNK 5 Tahunan (Ganti Plat),"stnk, panjang, samsat, ganti, plat",Positif,0.917
4758,pas mau pilih kurir buat kirim stnk ke rmh nya koq ga bs sih,Layanan Pengiriman STNK ke Rumah,"rumah, langsung, kirim, stnk, samsat",Negatif,0.871
4759,smoga lebih stabil tidak sering error,Topik Tidak Relevan,Tidak Ditemukan,Positif,0.721
4760,sangat membantu dikami yg perantau karna motor nya jauh di tinggal perantauan bayar secara digital.terimakasih,Pembayaran Pajak Kendaraan Online,"bayar, pajak, kendara, tahun, online",Positif,0.988
4761,sejauh ini baru ini aplikasi buat publik yg bagus ga perlu antri sangat memudahkan untuk warga yg ingin taat bayar pajak,Pembayaran Pajak Kendaraan Online,"bayar, pajak, kendara, tahun, online",Positif,0.93
4762,baik lumayan pengantaran cepet,Fitur dan Layanan Bantuan Aplikasi,"bikin, sistem, antar, chat, cek",Positif,0.749
4763,Signal Mantap,Proses Pengurusan via Aplikasi SIGNAL,"signal, urus, samsat, digital, ambil",Positif,0.967
4764,top markotop la pokok nya bayar pajak jadi ngak harus antri dan ngak pake calo nya lagi,Pembayaran Pajak Kendaraan Online,"bayar, pajak, kendara, tahun, online",Positif,0.999
4765,sukses buat signal,Proses Pengurusan via Aplikasi SIGNAL,"signal, urus, samsat, digital, ambil",Positif,0.792
4766,untuk login nomor tidak terdaftar padahal sudah dapat sms notifikasi sudah terdaftar,Rincian Biaya Administrasi dan Transaksi,"kali, daftar, biaya, transaksi, ktp",Negatif,0.993
4767,Aplikasi ga berguna,Layanan Jasa Kurir Pengiriman,"pos, kirim, via, indonesia, guna",Negatif,0.416
4768,lemot sekarang,Topik Tidak Relevan,Tidak Ditemukan,Negatif,0.866
4769,aplikasi gaguna eror mulu sampah,Kualitas Pelayanan dan Antrean di Samsat,"layan, antri, samsat, masyarakat, respon",Negatif,0.999
4770,produk bikin sakit kepala,Fitur dan Layanan Bantuan Aplikasi,"bikin, sistem, antar, chat, cek",Negatif,0.983
4771,sebaiknya pemerintah kalau gak mampu buat aplikasi gak usah dibuat,Fitur dan Layanan Bantuan Aplikasi,"bikin, sistem, antar, chat, cek",Netral,0.838
4772,apa lagi pakek uang rakyat,Proses Pengurusan via Aplikasi SIGNAL,"signal, urus, samsat, digital, ambil",Negatif,0.91
4773,di akun saya ga bisa menambahkan data kendaraan,Kendala Teknis Aplikasi (Loading),"orang, sibuk, data, bayar, bank",Netral,0.583
4774,Mantap jadi tak usah jauh bayar pajak ke kantor samsat asal daerah saya,Perbandingan Layanan Online vs. Kantor Samsat,"kantor, samsat, online, daerah, kota",Positif,0.952
4775,Hanya saja tinta STNK hasil cetak dari kantor samsat Garut kurang jelas jadi tidak terbaca,Perpanjangan STNK 5 Tahunan (Ganti Plat),"stnk, panjang, samsat, ganti, plat",Negatif,0.988
4776,Mohon di cek dahulu sebelum di kirim via pos indonesia,Layanan Jasa Kurir Pengiriman,"pos, kirim, via, indonesia, guna",Netral,0.656
4777,mudah dan cepat tanpa kendala pengiriman cepat terimakasiih signal dan samsat jakarta utara,Proses Pengurusan via Aplikasi SIGNAL,"signal, urus, samsat, digital, ambil",Positif,0.998
4778,mempermudah untuk pembayaran PKB,Pembayaran Pajak Kendaraan Online,"bayar, pajak, kendara, tahun, online",Positif,0.941
4779,sangat membantu dan mempermudah dlm membayar pajak biaya pengiriman pun terjangkau stnk smpe dgn selamat kurirnya pun baik thn ini bayar pajak motor ganti plat dan bayar pajak mobil sangat dipermudah bgt gk repot wlpun ada pemutihan prosesnya termasuk cepat untuk mobil the best samsat balaraja sangat membantu para petugasnya,Pembayaran Pajak Kendaraan Online,"bayar, pajak, kendara, tahun, online",Positif,0.956
4780,sudah bulan lebih gak dateng dateng lama banget dateng nya,Proses dan Durasi Pengiriman STNK,"kirim, proses, stnk, tanggal, minggu",Negatif,0.948
4781,aplikasi tidak membantu saya mau pengesahan STNK tapi g bisa daftar,Rincian Biaya Administrasi dan Transaksi,"kali, daftar, biaya, transaksi, ktp",Negatif,0.983
4782,sangat memudahkan bagi yg gak punya waktu untuk ke kantor lgsg samling,Layanan Pengiriman STNK ke Rumah,"rumah, langsung, kirim, stnk, samsat",Positif,0.75
4783,proses gampang sampainya cepat,Proses dan Durasi Pengiriman STNK,"kirim, proses, stnk, tanggal, minggu",Positif,0.992
4784,mantap pelayanan cepat,Kualitas Pelayanan dan Antrean di Samsat,"layan, antri, samsat, masyarakat, respon",Positif,0.999
4785,Lebih Ringkas dan Tidak Perlu Antri di Samsat,Kualitas Pelayanan dan Antrean di Samsat,"layan, antri, samsat, masyarakat, respon",Positif,0.993
4786,mantap daripada antry di samsat mending ini tinggal nunggu dirumah,Layanan Pengiriman STNK ke Rumah,"rumah, langsung, kirim, stnk, samsat",Positif,0.998
4787,Sip bermanfaat,Topik Tidak Relevan,Tidak Ditemukan,Positif,0.977
4788,Biaya admin platform masih sangat bisa diturunkan agar lebih banyak lagi pengguna,Rincian Biaya Administrasi dan Transaksi,"kali, daftar, biaya, transaksi, ktp",Negatif,0.545
4789,over all Ok,Topik Tidak Relevan,Tidak Ditemukan,Positif,0.968
4790,Aplikasi sangat membantu tidak perlu repot antri berkas langsung dikirim ke alamat,Proses dan Durasi Pengiriman STNK,"kirim, proses, stnk, tanggal, minggu",Positif,0.999
4791,Bagus keren efektif,Topik Tidak Relevan,Tidak Ditemukan,Positif,0.999
4792,sangat membantu perpanjang pajak motor tanpa harus antri,Pembayaran Pajak Kendaraan Online,"bayar, pajak, kendara, tahun, online",Positif,0.995
4793,sangat membantu sekali semoga tidak error lagi,Topik Tidak Relevan,Tidak Ditemukan,Positif,0.785
4794,mantap dengan ada nya pembayaran online jadi lebih mudah dan praktis,Pembayaran Pajak Kendaraan Online,"bayar, pajak, kendara, tahun, online",Positif,0.999
4795,mempermudah masyarakat bagus ini aplikasi,Kualitas Pelayanan dan Antrean di Samsat,"layan, antri, samsat, masyarakat, respon",Positif,0.993
4796,mantap efesien,Topik Tidak Relevan,Tidak Ditemukan,Positif,0.99
4797,gak ribet lagi,Topik Tidak Relevan,Tidak Ditemukan,Positif,0.627
4798,tinggal nunggu aja dirumah,Layanan Pengiriman STNK ke Rumah,"rumah, langsung, kirim, stnk, samsat",Positif,0.602
4799,Aplikasinya membantu banget,Topik Tidak Relevan,Tidak Ditemukan,Positif,0.95
4800,Tapi masih banyak hal yang perlu diprbaiki dari aplikasi ini,Topik Tidak Relevan,Tidak Ditemukan,Netral,0.449
4801,Pertama kita tidak bisa kembali ke kode pembayaran,Pembayaran Pajak Kendaraan Online,"bayar, pajak, kendara, tahun, online",Negatif,0.708
4802,Kedua tidak bisa membatalkan pembayaran jadi kita perlu menunggu selama sekitar satu jam,Proses Pengurusan via Aplikasi SIGNAL,"signal, urus, samsat, digital, ambil",Netral,0.554
4803,Ketiga agak lama memproses ke stage selanjutnya saat hendak melakukan pembayaran kayak tiba tiba tidak terdaftar dll,Rincian Biaya Administrasi dan Transaksi,"kali, daftar, biaya, transaksi, ktp",Negatif,0.821
4804,Lalu yang terakhir susah mengakses cara pembayaran dan loading lama bgt,Kendala Teknis Aplikasi (Loading),"orang, sibuk, data, bayar, bank",Negatif,0.99
4805,sangat membantu yang lg merantau cepat prosesnya,Permintaan Bantuan dan Saran Peningkatan,"bantu, tingkat, proses, samsat, rantau",Positif,0.996
4806,bagus aman aja udan beberapa kali,Rincian Biaya Administrasi dan Transaksi,"kali, daftar, biaya, transaksi, ktp",Positif,0.992
4807,mantaap bayar pajak lebih mudah menyenangkan,Pembayaran Pajak Kendaraan Online,"bayar, pajak, kendara, tahun, online",Positif,0.999
4808,proses pelacakan lokasi pengiriman tolong di perhatikan tidak seperti pengiriman on line shop yg lebih up date proses pengiriman nya,Proses dan Durasi Pengiriman STNK,"kirim, proses, stnk, tanggal, minggu",Negatif,0.54
4809,pelayanan cepat hari STNK sudah sampai rumah tanpa ribet tinggal duduk manis di rumah,Layanan Pengiriman STNK ke Rumah,"rumah, langsung, kirim, stnk, samsat",Positif,0.999
4810,pas mau bayar malah loading lama sinyal tibatiba ilang padahal klo pindah ke aplikasi lain sinyalnya lancar,Layanan Pengiriman STNK ke Rumah,"rumah, langsung, kirim, stnk, samsat",Negatif,0.996
4811,proses ya tidak lama,Proses dan Durasi Pengiriman STNK,"kirim, proses, stnk, tanggal, minggu",Netral,0.502
4812,asal sabar .tidak sampe hari kerja,Rincian Biaya Administrasi dan Transaksi,"kali, daftar, biaya, transaksi, ktp",Negatif,0.889
4813,demikian,Topik Tidak Relevan,Tidak Ditemukan,Netral,0.0
4814,membantu sekali ga perlu ke kantor samsat tinggal nunggi di rumah,Perbandingan Layanan Online vs. Kantor Samsat,"kantor, samsat, online, daerah, kota",Positif,0.999
4815,mantap pengiriman cepat proses mudah ga usah repot foto copy,Proses dan Durasi Pengiriman STNK,"kirim, proses, stnk, tanggal, minggu",Positif,1.0
4816,bisa lebih simple untuk memilih bayar pajak kendaraan,Pembayaran Pajak Kendaraan Online,"bayar, pajak, kendara, tahun, online",Positif,0.967
4817,pengirimannya dari pos telat,Layanan Jasa Kurir Pengiriman,"pos, kirim, via, indonesia, guna",Negatif,0.917
4818,mudah dan efisien waktu,Topik Tidak Relevan,Tidak Ditemukan,Positif,0.994
4819,mau bayar pajak aja di persulit tinggal melakukan pembayaran tapi tidak dapat di proses mulu anehhh,Pembayaran Pajak Kendaraan Online,"bayar, pajak, kendara, tahun, online",Negatif,0.919
4820,padahal saya ini jauh dari rumah mau bayar pajak aja susah,Pembayaran Pajak Kendaraan Online,"bayar, pajak, kendara, tahun, online",Negatif,0.796
4821,tolonglah ditingkat lagi ini aplikasinya,Permintaan Bantuan dan Saran Peningkatan,"bantu, tingkat, proses, samsat, rantau",Netral,0.946
4822,proses mudah untuk yg malas ngantri,Kualitas Pelayanan dan Antrean di Samsat,"layan, antri, samsat, masyarakat, respon",Positif,0.996
4823,tinggal tunggu di rumah,Layanan Pengiriman STNK ke Rumah,"rumah, langsung, kirim, stnk, samsat",Positif,0.602
4824,mantap gercep,Topik Tidak Relevan,Tidak Ditemukan,Positif,0.961
4825,memudahkan pelayanan pajak terhadap masyarakat tidak harus meninggalkan pekerjaan saat mau bayar pajak,Pembayaran Pajak Kendaraan Online,"bayar, pajak, kendara, tahun, online",Positif,0.996
4826,pesan saya kalau bisa untuk pergantian plat kendaraan juga bisa online,Perpanjangan STNK 5 Tahunan (Ganti Plat),"stnk, panjang, samsat, ganti, plat",Netral,0.929
4827,sangat membantu jadi solusi,Kendala Teknis Aplikasi (Loading),"orang, sibuk, data, bayar, bank",Positif,0.938
4828,cepat penanganan nya terimakasih,Rincian Biaya Administrasi dan Transaksi,"kali, daftar, biaya, transaksi, ktp",Positif,0.966
4829,sangat membantu untuk kaum mageran ke Samsat,Perbandingan Layanan Online vs. Kantor Samsat,"kantor, samsat, online, daerah, kota",Positif,0.983
4830,pengirimannya lumayan lama,Proses dan Durasi Pengiriman STNK,"kirim, proses, stnk, tanggal, minggu",Negatif,0.876
4831,sangat membantu menghemat waktu dan bebas antrian,Kualitas Pelayanan dan Antrean di Samsat,"layan, antri, samsat, masyarakat, respon",Positif,0.999
4832,mudah cepat dan tak perlu antri,Kualitas Pelayanan dan Antrean di Samsat,"layan, antri, samsat, masyarakat, respon",Positif,0.999
4833,bagus dan sangat membantu sekali mengurangi waktu dan tidak perlu lagi di biro jasa mantebbb pokoknya,Layanan Jasa Kurir Pengiriman,"pos, kirim, via, indonesia, guna",Positif,0.997
4834,sangat membantu aplikasi nya untuk memudahkan membayar pajak kendaraan,Pembayaran Pajak Kendaraan Online,"bayar, pajak, kendara, tahun, online",Positif,0.989
4835,sangat membantu bagi yg sibuk gak sempet ke Samsat dan gak mau ke biro jasa,Perpanjangan STNK 5 Tahunan (Ganti Plat),"stnk, panjang, samsat, ganti, plat",Positif,0.971
4836,mudah dan simple dgn syarat komplit sesuai yg ada,Topik Tidak Relevan,Tidak Ditemukan,Positif,0.995
4837,lebih cepat dan praktis pembayaranya,Topik Tidak Relevan,Tidak Ditemukan,Positif,0.999
4838,mudah cepat aman,Topik Tidak Relevan,Tidak Ditemukan,Positif,0.997
4839,saya tidak bisa mendaftarkan kendaraan bermotor saya mohon bantuannya,Rincian Biaya Administrasi dan Transaksi,"kali, daftar, biaya, transaksi, ktp",Negatif,0.591
4840,Sudah Mulai Membaik,Topik Tidak Relevan,Tidak Ditemukan,Netral,0.877
4841,sangat lama pengiriman STNK bulan lebih,Proses dan Durasi Pengiriman STNK,"kirim, proses, stnk, tanggal, minggu",Negatif,0.891
4842,PAKET STNK LAMA SAMPAINYA,Perpanjangan STNK 5 Tahunan (Ganti Plat),"stnk, panjang, samsat, ganti, plat",Negatif,0.939
4843,PAKE POS INDONESIA,Layanan Jasa Kurir Pengiriman,"pos, kirim, via, indonesia, guna",Netral,0.528
4844,tingkat kan truz pelayanan nya,Kualitas Pelayanan dan Antrean di Samsat,"layan, antri, samsat, masyarakat, respon",Netral,0.843
4845,sangat membantu tidak perlu repot repot Dateng Polda,Topik Tidak Relevan,Tidak Ditemukan,Positif,0.999
4846,Sy baru tahu ada.aplikasi signal ini,Proses Pengurusan via Aplikasi SIGNAL,"signal, urus, samsat, digital, ambil",Netral,0.875
4847,di kasih tahu sama teman sy pegawai bank BCA,Kendala Teknis Aplikasi (Loading),"orang, sibuk, data, bayar, bank",Netral,0.933
4848,ga perlu datang ke samsat antri,Kualitas Pelayanan dan Antrean di Samsat,"layan, antri, samsat, masyarakat, respon",Positif,0.986
4849,Sy mohon petunjuk utk pengiriman notice pajak berapa lama kira,Pembayaran Pajak Kendaraan Online,"bayar, pajak, kendara, tahun, online",Netral,0.96
4850,karena sy belum terima sejak transaksi hari jumat tgl mei,Rincian Biaya Administrasi dan Transaksi,"kali, daftar, biaya, transaksi, ktp",Negatif,0.907
4851,Sekali lagi sy mohon petunjuk berapa lama biasa nya dari transaksi sampe keterima notice pajak kendaraan sy,Pembayaran Pajak Kendaraan Online,"bayar, pajak, kendara, tahun, online",Netral,0.894
4852,moga apk signal lebih baik lagi khusus nya dalam proses pengiriman nya,Proses dan Durasi Pengiriman STNK,"kirim, proses, stnk, tanggal, minggu",Netral,0.733
4853,x transaksi cuman pengiriman tolong di evaluasi lagi soalnya lebih dr bln baru sampai selain itu semua bagus dan mempermudah,Rincian Biaya Administrasi dan Transaksi,"kali, daftar, biaya, transaksi, ktp",Negatif,0.944
4854,pelayanan dan pengirimannya sangat baik,Kualitas Pelayanan dan Antrean di Samsat,"layan, antri, samsat, masyarakat, respon",Negatif,0.564
4855,mantap gak pake lama joss,Topik Tidak Relevan,Tidak Ditemukan,Positif,0.996
4856,semoga bisa lebih cepat lg hasilny,Topik Tidak Relevan,Tidak Ditemukan,Positif,0.944
4857,pelayanan cepat dan transparan,Kualitas Pelayanan dan Antrean di Samsat,"layan, antri, samsat, masyarakat, respon",Positif,0.989
4858,aplikasi ini sangat membantu tolong pengiriman nya di percepat,Proses dan Durasi Pengiriman STNK,"kirim, proses, stnk, tanggal, minggu",Positif,0.957
4859,sangat bagus aplikasi ini,Topik Tidak Relevan,Tidak Ditemukan,Positif,0.799
4860,insyaallah KLO udah tau mudah pake signal g nunggak LG pajak,Perbandingan Layanan Online vs. Kantor Samsat,"kantor, samsat, online, daerah, kota",Positif,0.893
4861,sangat bermanfaat jadi mudah,Topik Tidak Relevan,Tidak Ditemukan,Positif,0.986
4862,Terimakasih tingkatkan terus ya,Permintaan Bantuan dan Saran Peningkatan,"bantu, tingkat, proses, samsat, rantau",Positif,0.912
4863,simple praktis mudah dan aman sangat membantu yg tfk bnyk cukup wkt disaat kerja,Topik Tidak Relevan,Tidak Ditemukan,Positif,1.0
4864,sayang hanya bisa untuk pajak tahunan saja,Pembayaran Pajak Kendaraan Online,"bayar, pajak, kendara, tahun, online",Negatif,0.533
4865,Apalikasi keren mantap sangat Mempermudah kita tanpa harus ke samsat proses nya pun Cepat Pertahankan pak,Perpanjangan STNK 5 Tahunan (Ganti Plat),"stnk, panjang, samsat, ganti, plat",Positif,0.999
4866,Pembayaran pajak kendaraan bisa dilakukan tanpa datang langsung ke kantor samsat.Terimakasih SIGNAL SAMSAT,Pembayaran Pajak Kendaraan Online,"bayar, pajak, kendara, tahun, online",Positif,0.526
4867,mantul banget simple,Topik Tidak Relevan,Tidak Ditemukan,Positif,0.998
4868,dengan adanya aplikasi digital ini jadi lebih mudah praktis sekali,Proses Pengurusan via Aplikasi SIGNAL,"signal, urus, samsat, digital, ambil",Positif,0.982
4869,mantap jadi lebih enak perpanjang stnk gk hrs datang ke samsat sangat membantu,Perpanjangan STNK 5 Tahunan (Ganti Plat),"stnk, panjang, samsat, ganti, plat",Positif,0.999
4870,cukup membantu mempermudah pembayaran pajak,Pembayaran Pajak Kendaraan Online,"bayar, pajak, kendara, tahun, online",Positif,0.992
4871,mantap memudahkan kita yang sibuk untuk tetap bayar pajak,Pembayaran Pajak Kendaraan Online,"bayar, pajak, kendara, tahun, online",Positif,0.998
4872,sukses terus buat signal,Proses Pengurusan via Aplikasi SIGNAL,"signal, urus, samsat, digital, ambil",Positif,0.943
4873,prosesnya lumayan lama hampir bulan baru terima stnknya,Proses dan Durasi Pengiriman STNK,"kirim, proses, stnk, tanggal, minggu",Negatif,0.872
4874,koq blom sampai ya stnk fisik krmh,Perpanjangan STNK 5 Tahunan (Ganti Plat),"stnk, panjang, samsat, ganti, plat",Negatif,0.529
4875,terlalu lama pengiriman y,Proses dan Durasi Pengiriman STNK,"kirim, proses, stnk, tanggal, minggu",Negatif,0.582
4876,tolong di perpaikii,Topik Tidak Relevan,Tidak Ditemukan,Netral,0.676
4877,sangat membantu kurang lebih dari pendaftaran sampe dokumen di kirim harian,Layanan Jasa Kurir Pengiriman,"pos, kirim, via, indonesia, guna",Positif,0.55
4878,layanan makin bagus sudah x transaksi tahun kemarin sama tahun ini makin mudah tanggal mulai pengajuan tanggal sudah sampai rumah,Proses dan Durasi Pengiriman STNK,"kirim, proses, stnk, tanggal, minggu",Positif,0.832
4879,oke cm pengiriman stnk ny lama bgt,Perpanjangan STNK 5 Tahunan (Ganti Plat),"stnk, panjang, samsat, ganti, plat",Negatif,0.941
4880,asli membantu bngt buat perantauan kyk saya.g perlu plng kmpung,Fitur dan Layanan Bantuan Aplikasi,"bikin, sistem, antar, chat, cek",Positif,0.595
4881,cukup membantu perpanjangan stnk jadi mudah dan simpel,Perpanjangan STNK 5 Tahunan (Ganti Plat),"stnk, panjang, samsat, ganti, plat",Positif,0.998
4882,mungkin next bisa buat perpanjang tnkb juga ya biar makin lengkap,Perpanjangan STNK 5 Tahunan (Ganti Plat),"stnk, panjang, samsat, ganti, plat",Netral,0.855
4883,sat set gk pake lama,Kualitas Pelayanan dan Antrean di Samsat,"layan, antri, samsat, masyarakat, respon",Positif,0.984
4884,Simpel mudah cepat,Topik Tidak Relevan,Tidak Ditemukan,Positif,0.999
4885,sangat lambat untuk proses cetak dan kirim dokumennya,Proses dan Durasi Pengiriman STNK,"kirim, proses, stnk, tanggal, minggu",Negatif,0.977
4886,harus komplain melalui email baru di proses cetak dokumen dan kirim ke alamat,Proses dan Durasi Pengiriman STNK,"kirim, proses, stnk, tanggal, minggu",Negatif,0.815
4887,tolong diperhatikan lagi kinerja petugas samsatnya,Fitur dan Layanan Bantuan Aplikasi,"bikin, sistem, antar, chat, cek",Negatif,0.936
4888,Harus Amanah Selalu Semoga Berkah,Topik Tidak Relevan,Tidak Ditemukan,Positif,0.977
4889,gagal terus komplain ke CS gak pernah ditanggepin,Kualitas Pelayanan dan Antrean di Samsat,"layan, antri, samsat, masyarakat, respon",Negatif,0.996
4890,oke bagus cuma untuk pengiriman fisik stnk,Proses dan Durasi Pengiriman STNK,"kirim, proses, stnk, tanggal, minggu",Positif,0.752
4891,lumayan lama,Topik Tidak Relevan,Tidak Ditemukan,Negatif,0.578
4892,benar dan lancar,Topik Tidak Relevan,Tidak Ditemukan,Positif,0.968
4893,sangat cepat dan ringkas,Topik Tidak Relevan,Tidak Ditemukan,Positif,0.547
4894,Sangat Membantu Buat Jadi Bisa Melakukan Aktifitas Kerja Saya Tidak Terganggu,Fitur dan Layanan Bantuan Aplikasi,"bikin, sistem, antar, chat, cek",Positif,0.954
4895,cepet jg pengirimannya ga perlu ke Samsat untuk perpanjangan,Perpanjangan STNK 5 Tahunan (Ganti Plat),"stnk, panjang, samsat, ganti, plat",Positif,0.958
4896,ga perlu repot ke samsat semuanya di permudah by aplikasi signal,Proses Pengurusan via Aplikasi SIGNAL,"signal, urus, samsat, digital, ambil",Positif,0.999
4897,ok puas,Topik Tidak Relevan,Tidak Ditemukan,Positif,0.97
4898,Aplikasi pemerintah yang useful,Perbandingan Layanan Online vs. Kantor Samsat,"kantor, samsat, online, daerah, kota",Positif,0.803
4899,mantap sangat memuaskan,Topik Tidak Relevan,Tidak Ditemukan,Positif,0.998
4900,Good Ok,Topik Tidak Relevan,Tidak Ditemukan,Positif,0.983
4901,Aplikasi yg sangat membantu,Topik Tidak Relevan,Tidak Ditemukan,Positif,0.927
4902,Tidak perlu antri,Kualitas Pelayanan dan Antrean di Samsat,"layan, antri, samsat, masyarakat, respon",Positif,0.993
4903,Pertama kali bayar pajak kendaraan menggunakan layanan signal,Pembayaran Pajak Kendaraan Online,"bayar, pajak, kendara, tahun, online",Positif,0.767
4904,Sangat memuaskan,Topik Tidak Relevan,Tidak Ditemukan,Positif,0.852
4905,pengirimannya aja agak dicepetin tapi ini sudah bagus kok,Proses dan Durasi Pengiriman STNK,"kirim, proses, stnk, tanggal, minggu",Negatif,0.501
4906,Proses cepat tanpa antri tanpa pungli tinggal bayar STNK di kirim ke rumah,Proses dan Durasi Pengiriman STNK,"kirim, proses, stnk, tanggal, minggu",Positif,0.999
4907,mantap baru pertama kali bayar pajak STNK online dikirim ke rumah hari sampai mantap,Layanan Pengiriman STNK ke Rumah,"rumah, langsung, kirim, stnk, samsat",Positif,0.985
4908,dengan online sangat membantu dan mudah,Perbandingan Layanan Online vs. Kantor Samsat,"kantor, samsat, online, daerah, kota",Positif,0.986
4909,alhamdulilah cepet prosesnya,Proses dan Durasi Pengiriman STNK,"kirim, proses, stnk, tanggal, minggu",Positif,0.99
4910,sangat memuaskan proses cpt,Proses dan Durasi Pengiriman STNK,"kirim, proses, stnk, tanggal, minggu",Positif,0.988
4911,sangat luar biasa ini aplikasi mempermudah,Perbandingan Layanan Online vs. Kantor Samsat,"kantor, samsat, online, daerah, kota",Positif,0.465
4912,sangat sangat membantu dan makin mudah dengan adanya aplikasi signal ini trimakasih kepada seluruh elemen yg terkait.salam sejahtera,Proses Pengurusan via Aplikasi SIGNAL,"signal, urus, samsat, digital, ambil",Positif,0.984
4913,praktis dan tepat waktu,Topik Tidak Relevan,Tidak Ditemukan,Positif,0.995
4914,terima kasih korlantas POLRI,Layanan Jasa Kurir Pengiriman,"pos, kirim, via, indonesia, guna",Positif,0.997
4915,makin maju,Permintaan Bantuan dan Saran Peningkatan,"bantu, tingkat, proses, samsat, rantau",Positif,0.928
4916,Okeh simple Terapkan untuk semua jenis pelayanan by aplikasi,Kualitas Pelayanan dan Antrean di Samsat,"layan, antri, samsat, masyarakat, respon",Positif,0.982
4917,sangat kebantu bagi yang tidak da waktu pelayanan bagus dan cepat,Permintaan Bantuan dan Saran Peningkatan,"bantu, tingkat, proses, samsat, rantau",Positif,0.996
4918,mempermudah hemat waktu,Topik Tidak Relevan,Tidak Ditemukan,Positif,0.995
4919,good cumaa terbilang lumayan lama pengerjaan yaa,Kualitas Pelayanan dan Antrean di Samsat,"layan, antri, samsat, masyarakat, respon",Positif,0.669
4920,mempermudah terimakasih,Topik Tidak Relevan,Tidak Ditemukan,Positif,0.994
4921,mantap aplikazinya,Topik Tidak Relevan,Tidak Ditemukan,Positif,0.987
4922,tinggal melakukan pembayaran sudah kali ini.loadingnya lama sudah loading lama gak bisa masuk pula tolong apk segera di perbaiki biar memudahkan masyarakat trimakasih,Rincian Biaya Administrasi dan Transaksi,"kali, daftar, biaya, transaksi, ktp",Negatif,0.531
4923,aplikasi belum berfungsi dengan baik,Proses Pengurusan via Aplikasi SIGNAL,"signal, urus, samsat, digital, ambil",Negatif,0.738
4924,bagus jobe,Topik Tidak Relevan,Tidak Ditemukan,Positif,0.961
4925,terimakasih lebih praktis,Topik Tidak Relevan,Tidak Ditemukan,Positif,0.999
4926,ini yg ke x nya manatap dah cepet dan ga usah dateng ke samsat,Rincian Biaya Administrasi dan Transaksi,"kali, daftar, biaya, transaksi, ktp",Positif,0.856
4927,jadi mudah,Topik Tidak Relevan,Tidak Ditemukan,Positif,0.943
4928,d bestt,Topik Tidak Relevan,Tidak Ditemukan,Netral,0.461
4929,gimana sih verifikasi wajah aja lama scan muka suruh kedap kedip malah lag tolong diperbaiki lah,Perpanjangan STNK 5 Tahunan (Ganti Plat),"stnk, panjang, samsat, ganti, plat",Negatif,0.994
4930,mau ngurus sim karena kewajiban saya sbg pengendara tp appnya aja malah lag sulit mendukung,Pembayaran Pajak Kendaraan Online,"bayar, pajak, kendara, tahun, online",Negatif,0.907
4931,mempermudah dan menjaga keamanan dari budaya suap menyulap,Topik Tidak Relevan,Tidak Ditemukan,Positif,0.999
4932,mantap bayar mudah dan cepat Sampai nya juga cepat,Pembayaran Pajak Kendaraan Online,"bayar, pajak, kendara, tahun, online",Positif,1.0
4933,cepat Dan ringan pembayaran lewat online mah,Pembayaran Pajak Kendaraan Online,"bayar, pajak, kendara, tahun, online",Positif,0.92
4934,mantap tinggal nunggu dirumah hari udah datang kerumah,Layanan Pengiriman STNK ke Rumah,"rumah, langsung, kirim, stnk, samsat",Positif,0.998
4935,lebih mudah dalam membayar pajak,Pembayaran Pajak Kendaraan Online,"bayar, pajak, kendara, tahun, online",Positif,0.98
4936,kalo STNK daerah bisa kan ya,Perpanjangan STNK 5 Tahunan (Ganti Plat),"stnk, panjang, samsat, ganti, plat",Negatif,0.489
4937,sangat membatu dan memudahkan para wajib pajak terimakasih,Perbandingan Layanan Online vs. Kantor Samsat,"kantor, samsat, online, daerah, kota",Positif,0.995
4938,Alhamdulillah sampai tepat waktunya terimakasih,Topik Tidak Relevan,Tidak Ditemukan,Positif,1.0
4939,pertama saya bayar pajak bisa ko sekarang mau bayar pajak yg ke kali nya ko ga bisa iia,Pembayaran Pajak Kendaraan Online,"bayar, pajak, kendara, tahun, online",Negatif,0.693
4940,Aplikasi yg sgt bagus buat yg sibuk,Kendala Teknis Aplikasi (Loading),"orang, sibuk, data, bayar, bank",Positif,0.746
4941,pemgiran stnk hanya hr,Rincian Biaya Administrasi dan Transaksi,"kali, daftar, biaya, transaksi, ktp",Negatif,0.553
4942,tidak ribet,Topik Tidak Relevan,Tidak Ditemukan,Positif,0.627
4943,efisien dan simple,Topik Tidak Relevan,Tidak Ditemukan,Positif,0.998
4944,gak heran aplikasi buatan Indonesia,Layanan Jasa Kurir Pengiriman,"pos, kirim, via, indonesia, guna",Negatif,0.659
4945,Seharus nya kalau melalui aplikasi itu lebih cepat jadi ada keunggulan nya jika pakai aplikasi,Topik Tidak Relevan,Tidak Ditemukan,Positif,0.913
4946,kalau tau lama kek gini bagus datang langsung aja enggak usah nyaranin pakek aplikasi,Layanan Pengiriman STNK ke Rumah,"rumah, langsung, kirim, stnk, samsat",Negatif,0.535
4947,Sampai dgn saat ini masih sangat terbantu dgn kemudahan perpanjangan pajak tetaplah berkarya utk kemudahan bagi masyarakat warga negara Indonesia yg kita cintai,Perbandingan Layanan Online vs. Kantor Samsat,"kantor, samsat, online, daerah, kota",Positif,0.992
4948,App Signal Samsat digital ini sangat membantu saya di saat baru tau klu pajak kendaraan sy udh jatuh t mpo hari ini dan kebetulan hri Sabtu samsat Dki libur jadi bisa memanfaatkan aplikasi signal ini untuk bayar pajaknya,Pembayaran Pajak Kendaraan Online,"bayar, pajak, kendara, tahun, online",Positif,0.697
4949,Prosesnya juga mudah download d playstore lalu daftar isi bayar prosesnya ga sampai menit selesai pilihan sarana bayarnya juga banyak,Proses dan Durasi Pengiriman STNK,"kirim, proses, stnk, tanggal, minggu",Positif,0.726
4950,saran saja u pengiriman ke rumahnya ada pilihan gosend dll,Layanan Pengiriman STNK ke Rumah,"rumah, langsung, kirim, stnk, samsat",Netral,0.958
4951,Tidak bisa registrasi user di aplikasi,Rincian Biaya Administrasi dan Transaksi,"kali, daftar, biaya, transaksi, ktp",Negatif,0.648
4952,Aplikasinya sangat membantu dengan proses yang mudah dan singkat Terima kasih,Proses dan Durasi Pengiriman STNK,"kirim, proses, stnk, tanggal, minggu",Positif,0.996
4953,tingkatin lagi,Topik Tidak Relevan,Tidak Ditemukan,Positif,0.556
4954,jadi tidak perlu repot ke samsat,Perbandingan Layanan Online vs. Kantor Samsat,"kantor, samsat, online, daerah, kota",Positif,0.995
4955,lebih simple dan cepat cuma ada kurangnya untuk angka perpanjang tdk ada stempel beda klau kita ke samsat,Perpanjangan STNK 5 Tahunan (Ganti Plat),"stnk, panjang, samsat, ganti, plat",Positif,0.905
4956,semua lebih mudah,Topik Tidak Relevan,Tidak Ditemukan,Positif,0.962
4957,lama proses pengirimannyabagus sih tpi lama pengirimannya,Proses dan Durasi Pengiriman STNK,"kirim, proses, stnk, tanggal, minggu",Negatif,0.771
4958,Sangat puas pelayanan Cepat stnk cepat di kirimnya,Proses dan Durasi Pengiriman STNK,"kirim, proses, stnk, tanggal, minggu",Positif,0.998
4959,tahun kemarin lancar aja bayar STNK tahun ini error terus gajelas aplikasinya,Pembayaran Pajak Kendaraan Online,"bayar, pajak, kendara, tahun, online",Negatif,0.836
4960,aplikasi banyak error nya,Topik Tidak Relevan,Tidak Ditemukan,Negatif,0.974
4961,woi admin dibaca lah komentar user ini aplikasi,Kualitas Pelayanan dan Antrean di Samsat,"layan, antri, samsat, masyarakat, respon",Netral,0.819
4962,kalo memang error segera di perbaiki,Topik Tidak Relevan,Tidak Ditemukan,Negatif,0.848
4963,jangan nunggu Masyarakat ngamok dulu baru kerja,Kualitas Pelayanan dan Antrean di Samsat,"layan, antri, samsat, masyarakat, respon",Netral,0.736
4964,lu itu di bayar dari hasil pajak jangan makan gaji buta,Pembayaran Pajak Kendaraan Online,"bayar, pajak, kendara, tahun, online",Negatif,0.929
4965,cukup membantu aplikasinya proses nya cepat,Proses dan Durasi Pengiriman STNK,"kirim, proses, stnk, tanggal, minggu",Positif,0.993
4966,BAPUK APLIKASINYA KEBANYAKAN PADA TIDUR POLISINYA HAHA,Fitur dan Layanan Bantuan Aplikasi,"bikin, sistem, antar, chat, cek",Negatif,0.957
4967,sangat memudahkan untuk bayar pajak,Pembayaran Pajak Kendaraan Online,"bayar, pajak, kendara, tahun, online",Positif,0.797
4968,mudah jadinya,Topik Tidak Relevan,Tidak Ditemukan,Positif,0.941
4969,pelayanan nya cepat dan kilat sblm tanggal pajak mati sudah di tanggan,Perbandingan Layanan Online vs. Kantor Samsat,"kantor, samsat, online, daerah, kota",Positif,0.991
4970,sama sekali gabsa di pake padahal data semuanya udah bener ttp aja gbsa,Kendala Teknis Aplikasi (Loading),"orang, sibuk, data, bayar, bank",Negatif,0.777
4971,bukanya jadi mudah Malah sebaliknya buat nambahin data kendaraan aja nga bisa eror Mulu,Kendala Teknis Aplikasi (Loading),"orang, sibuk, data, bayar, bank",Negatif,0.981
4972,sangat membantu untuk saya yang kerja beda provinsi plat,Perpanjangan STNK 5 Tahunan (Ganti Plat),"stnk, panjang, samsat, ganti, plat",Positif,0.656
4973,Memberi kemudahan dalam membayar pajak kendaraan,Pembayaran Pajak Kendaraan Online,"bayar, pajak, kendara, tahun, online",Positif,0.835
4974,stiker pengganti stempel gak ada.atau lupa petugasnya.gak dimasukkan keamplop,Perpanjangan STNK 5 Tahunan (Ganti Plat),"stnk, panjang, samsat, ganti, plat",Negatif,0.684
4975,Mantul pisan,Topik Tidak Relevan,Tidak Ditemukan,Positif,0.989
4976,alhamdulillah prosesnya memudahkan masyarakat dalam pembayaran pajak kendaraan,Pembayaran Pajak Kendaraan Online,"bayar, pajak, kendara, tahun, online",Positif,1.0
4977,bebas pungli,Topik Tidak Relevan,Tidak Ditemukan,Positif,0.756
4978,aplikasinya gampang di pergunakan dan mempermudahkan kita,Layanan Jasa Kurir Pengiriman,"pos, kirim, via, indonesia, guna",Positif,0.989
4979,mantap awal nya kagak bisa pass mau deket jatuh tempo bayar pajak langsung bisa padahal makai app daerah gak bisa disini bisa mantapp,Perbandingan Layanan Online vs. Kantor Samsat,"kantor, samsat, online, daerah, kota",Negatif,0.888
4980,lumayan membantu buat saya yang merantau,Fitur dan Layanan Bantuan Aplikasi,"bikin, sistem, antar, chat, cek",Positif,0.971
4981,dan cepet juga dikirim ke kuar kota,Proses dan Durasi Pengiriman STNK,"kirim, proses, stnk, tanggal, minggu",Positif,0.905
4982,aplikasi nya lambat banget mau chat live ajah ga bisa gagal Mulu,Fitur dan Layanan Bantuan Aplikasi,"bikin, sistem, antar, chat, cek",Negatif,1.0
4983,ok. aplikasi udah ngg error bayar pajak online kendaraan sekaligus hari udah sampe,Pembayaran Pajak Kendaraan Online,"bayar, pajak, kendara, tahun, online",Negatif,0.972
4984,ga repot kesana langsung dan ga kena biaya jasa yang besar,Layanan Pengiriman STNK ke Rumah,"rumah, langsung, kirim, stnk, samsat",Positif,0.863
4985,saat ini belum menerima STNK dari kantor pos,Layanan Jasa Kurir Pengiriman,"pos, kirim, via, indonesia, guna",Negatif,0.873
4986,tolong di percepat proses pengirimannya tks,Proses dan Durasi Pengiriman STNK,"kirim, proses, stnk, tanggal, minggu",Positif,0.596
4987,proses cepat hari langsung jadi gak perlu antri ke Samsat,Kualitas Pelayanan dan Antrean di Samsat,"layan, antri, samsat, masyarakat, respon",Positif,0.998
4988,Ok mantap,Topik Tidak Relevan,Tidak Ditemukan,Positif,0.979
4989,sangat membatu trimakasih,Perbandingan Layanan Online vs. Kantor Samsat,"kantor, samsat, online, daerah, kota",Positif,0.964
4990,Goooood.Mempermuda pembayaran pajak,Pembayaran Pajak Kendaraan Online,"bayar, pajak, kendara, tahun, online",Netral,0.467
4991,mantablah jd lebih gampang untuk bayarnya gak harus ngantri ke samsat,Kualitas Pelayanan dan Antrean di Samsat,"layan, antri, samsat, masyarakat, respon",Positif,0.998
4992,usul saja kedepannga kalo bisa ganti kaleng jg via online,Perpanjangan STNK 5 Tahunan (Ganti Plat),"stnk, panjang, samsat, ganti, plat",Netral,0.935
4993,proses cepat pengiriman nya juga cepat,Proses dan Durasi Pengiriman STNK,"kirim, proses, stnk, tanggal, minggu",Positif,0.938
4994,proses nya cepat GK pake lama,Proses dan Durasi Pengiriman STNK,"kirim, proses, stnk, tanggal, minggu",Positif,0.72
4995,Alhamdulillah sudah datang dan mudah nggk ribet tapi pembayaran belum bisa pake semua bank,Kendala Teknis Aplikasi (Loading),"orang, sibuk, data, bayar, bank",Positif,0.997
4996,semoga Oku Timur makin maju,Permintaan Bantuan dan Saran Peningkatan,"bantu, tingkat, proses, samsat, rantau",Positif,0.942
4997,respon cepat memudahkan masyarakat terimakasih,Kualitas Pelayanan dan Antrean di Samsat,"layan, antri, samsat, masyarakat, respon",Positif,0.999
4998,cara mengganti email yg salah di aplikasi signal makasih minta info nya,Proses Pengurusan via Aplikasi SIGNAL,"signal, urus, samsat, digital, ambil",Netral,0.885
4999,STNK yang baru nya belum sampai ke alamat saya untuk pernjanh via on line sangat cepat proses nya salam presisi,Proses dan Durasi Pengiriman STNK,"kirim, proses, stnk, tanggal, minggu",Negatif,0.497
5000,simpel gaes respect untuk program perpanjangan onlinenya,Perpanjangan STNK 5 Tahunan (Ganti Plat),"stnk, panjang, samsat, ganti, plat",Positif,0.987
5001,Proses sangat cepat dan akurat,Proses dan Durasi Pengiriman STNK,"kirim, proses, stnk, tanggal, minggu",Positif,0.978
5002,Proses cepat dan sangat membantu,Proses dan Durasi Pengiriman STNK,"kirim, proses, stnk, tanggal, minggu",Positif,0.992
5003,bisa lebih hemat waktu tenaga tinggal daftar pajak ga telat bukti pembayaran pajak diterima sesuai alamat kereen signal maju terus,Pembayaran Pajak Kendaraan Online,"bayar, pajak, kendara, tahun, online",Positif,0.998
5004,aplikasi sdh Ok hnya kadang u menu paket kirim sering tidak normal,Layanan Jasa Kurir Pengiriman,"pos, kirim, via, indonesia, guna",Negatif,0.918
5005,dn paket lacak kirimn urutan tgl lompat lompat,Proses dan Durasi Pengiriman STNK,"kirim, proses, stnk, tanggal, minggu",Negatif,0.993
5006,mayan buat bantu bayar pas kepepet tapi sayang biayanya mayan mahal,Fitur dan Layanan Bantuan Aplikasi,"bikin, sistem, antar, chat, cek",Negatif,0.989
5007,sat set gak perlu ke Samsat mantul,Kualitas Pelayanan dan Antrean di Samsat,"layan, antri, samsat, masyarakat, respon",Positif,1.0
5008,Sudah seminggu lebih fisik STNK saya belum di kirim,Proses dan Durasi Pengiriman STNK,"kirim, proses, stnk, tanggal, minggu",Negatif,0.973
5009,Tolong untuk dipermudah untuk penambahan data motor yang lebih dari satu dan perpanjang yg lima tahun,Rincian Biaya Administrasi dan Transaksi,"kali, daftar, biaya, transaksi, ktp",Netral,0.655
5010,Bagus sangat membantu efisiensi waktu dan mudah,Topik Tidak Relevan,Tidak Ditemukan,Positif,0.999
5011,Bagi pemilik kendaraan yang bukan atas nama sendiri ga usah download apalagi sampai input data lengkap sia sia dan buang waktu,Kendala Teknis Aplikasi (Loading),"orang, sibuk, data, bayar, bank",Negatif,0.867
5012,Aplikasi ini hanya support untuk pemilik kendaraan atas nama sesuai KTP sendiri beserta keluarga dalam KK,Layanan Pengiriman STNK ke Rumah,"rumah, langsung, kirim, stnk, samsat",Netral,0.48
5013,baik sekali pelayannya,Kualitas Pelayanan dan Antrean di Samsat,"layan, antri, samsat, masyarakat, respon",Netral,0.682
5014,sudah coba berapa kali untuk mendaftarkan kendaraan,Rincian Biaya Administrasi dan Transaksi,"kali, daftar, biaya, transaksi, ktp",Netral,0.64
5015,Tapi selalu muncul notifikasi untuk di suruh periksa kembali data kendaraan,Kendala Teknis Aplikasi (Loading),"orang, sibuk, data, bayar, bank",Negatif,0.996
5016,Udah ke pengaduannya malah nggak ada solusi,Kendala Teknis Aplikasi (Loading),"orang, sibuk, data, bayar, bank",Negatif,0.905
5017,Tidak Perlu mengantri tinggal tunggu dirumah dan waktu kerja atau aktivitas sehari hari tidak terganggu,Rincian Biaya Administrasi dan Transaksi,"kali, daftar, biaya, transaksi, ktp",Positif,0.998
5018,kalau mau daftarin masuk malah no tlp TDK falit,Fitur dan Layanan Bantuan Aplikasi,"bikin, sistem, antar, chat, cek",Negatif,0.967
5019,Uda di download aplikasi nya malah ini itulah,Rincian Biaya Administrasi dan Transaksi,"kali, daftar, biaya, transaksi, ktp",Negatif,0.825
5020,maff bintang nnya,Topik Tidak Relevan,Tidak Ditemukan,Negatif,0.969
5021,Signal POLRI mantab saya puas cepat tanggap dan presisi,Kualitas Pelayanan dan Antrean di Samsat,"layan, antri, samsat, masyarakat, respon",Positif,1.0
5022,sampah,Kualitas Pelayanan dan Antrean di Samsat,"layan, antri, samsat, masyarakat, respon",Negatif,0.811
5023,susah datap kan kode OTP gimna sih udah Minggu ga dapet dapet kode OTP nya,Proses dan Durasi Pengiriman STNK,"kirim, proses, stnk, tanggal, minggu",Negatif,0.999
5024,sangat memudahkan tidak perlu antri,Kualitas Pelayanan dan Antrean di Samsat,"layan, antri, samsat, masyarakat, respon",Positif,0.996
5025,Aplikasi yang sangat membantu untuk perpanjang stnk kendaraan,Perpanjangan STNK 5 Tahunan (Ganti Plat),"stnk, panjang, samsat, ganti, plat",Positif,0.95
5026,ga bisa buat bayar pajak live chat ga bisa nyambung operator apk ga guna,Fitur dan Layanan Bantuan Aplikasi,"bikin, sistem, antar, chat, cek",Negatif,0.986
5027,Gagal terus saat pembayar,Pembayaran Pajak Kendaraan Online,"bayar, pajak, kendara, tahun, online",Negatif,0.911
5028,ga sampai menit pembayaran selesai,Proses dan Durasi Pengiriman STNK,"kirim, proses, stnk, tanggal, minggu",Positif,0.674
5029,Mantab memudahkan p bayaran pajak,Pembayaran Pajak Kendaraan Online,"bayar, pajak, kendara, tahun, online",Positif,0.999
5030,Tolong stnk nya cepat dikirim,Proses dan Durasi Pengiriman STNK,"kirim, proses, stnk, tanggal, minggu",Positif,0.664
5031,sudah hampir bulan gak dikirim,Proses dan Durasi Pengiriman STNK,"kirim, proses, stnk, tanggal, minggu",Negatif,0.843
5032,Sangat membantu sekali.sukses selalu,Topik Tidak Relevan,Tidak Ditemukan,Positif,0.882
5033,berfungsi dengan baik,Proses Pengurusan via Aplikasi SIGNAL,"signal, urus, samsat, digital, ambil",Netral,0.566
5034,apk ini bukan mempermudah ya tmn datang aja ke kantornya wong ribetnya sama aja dgn datang ke kantor,Perbandingan Layanan Online vs. Kantor Samsat,"kantor, samsat, online, daerah, kota",Negatif,0.931
5035,Sangat bermanfaat bayar pajak cukup dari rumah,Pembayaran Pajak Kendaraan Online,"bayar, pajak, kendara, tahun, online",Positif,0.938
5036,simpel mudah cepat,Topik Tidak Relevan,Tidak Ditemukan,Positif,0.999
5037,Mantap sangat membantu bagi yang belum banyak punya waktu luang buat urus ke samsat,Proses Pengurusan via Aplikasi SIGNAL,"signal, urus, samsat, digital, ambil",Positif,0.997
5038,y walau lumayan lama tp GPP bwt org sibuk seperti saya terbantu TDK antri,Kendala Teknis Aplikasi (Loading),"orang, sibuk, data, bayar, bank",Positif,0.58
5039,Alhamdulillah sangat terbantu dan pelayanan mudah,Kualitas Pelayanan dan Antrean di Samsat,"layan, antri, samsat, masyarakat, respon",Positif,1.0
5040,proses mudah dan tidak mempersulit masyarakat membayar pajak kendaraan bermotor,Pembayaran Pajak Kendaraan Online,"bayar, pajak, kendara, tahun, online",Positif,0.617
5041,sangat membantu pelayanan nya cepat,Kualitas Pelayanan dan Antrean di Samsat,"layan, antri, samsat, masyarakat, respon",Positif,0.997
5042,keren sangat membantu waktu dan pengeluaran,Topik Tidak Relevan,Tidak Ditemukan,Positif,0.987
5043,suskses terus,Topik Tidak Relevan,Tidak Ditemukan,Positif,0.854
5044,sip membantu buat bayar pajak buat yg sibuk kalo bisa fitur ETLE dimasukin buat ngecek kendaraan,Fitur dan Layanan Bantuan Aplikasi,"bikin, sistem, antar, chat, cek",Positif,0.93
5045,mantap praktis ga ribet,Topik Tidak Relevan,Tidak Ditemukan,Positif,1.0
5046,bagus pak aplikasinya terus di kembangkan agar lebih baik lg thanks,Rincian Biaya Administrasi dan Transaksi,"kali, daftar, biaya, transaksi, ktp",Positif,0.995
5047,Bukti pengiriman belum diterima udah main selesai aja keluhan yg disampaikan jg tdk pernah ditanggapi,Proses dan Durasi Pengiriman STNK,"kirim, proses, stnk, tanggal, minggu",Negatif,0.986
5048,hari sudah jadi,Rincian Biaya Administrasi dan Transaksi,"kali, daftar, biaya, transaksi, ktp",Positif,0.502
5049,kontak pengaduan belum ada yang merespon langsung dari petugas mohon bantuannya,Permintaan Bantuan dan Saran Peningkatan,"bantu, tingkat, proses, samsat, rantau",Negatif,0.973
5050,proses cepat saya posisi luar kota proses dan pengiriman cepat,Proses dan Durasi Pengiriman STNK,"kirim, proses, stnk, tanggal, minggu",Positif,0.795
5051,Trimakasi pak STNK saya sudah sampai ke rumah,Layanan Pengiriman STNK ke Rumah,"rumah, langsung, kirim, stnk, samsat",Negatif,0.399
5052,sangat memudahkan gak perlu antri di samsat tinggal tunggu di rumah setelah input data di aplikasi signal,Kualitas Pelayanan dan Antrean di Samsat,"layan, antri, samsat, masyarakat, respon",Positif,0.998
5053,tungguin dirumah ntar dianterin beres,Layanan Pengiriman STNK ke Rumah,"rumah, langsung, kirim, stnk, samsat",Positif,0.956
5054,aplikasi lagi eror kah mau bayar pajak udh hari gak bisa,Pembayaran Pajak Kendaraan Online,"bayar, pajak, kendara, tahun, online",Negatif,0.996
5055,Pelayan bayar pajak online yang cepat,Pembayaran Pajak Kendaraan Online,"bayar, pajak, kendara, tahun, online",Positif,0.971
5056,gak bisa digunakan mau bayar aja sulit,Pembayaran Pajak Kendaraan Online,"bayar, pajak, kendara, tahun, online",Negatif,0.684
5057,alhamdulillah cepet proses perpanjang stnk disini hanya menunggu hari aja,Perpanjangan STNK 5 Tahunan (Ganti Plat),"stnk, panjang, samsat, ganti, plat",Positif,0.998
5058,terimakasih yah semoga tambah banyak fitur yang sangat membantu masyarakat ya pak pol,Rincian Biaya Administrasi dan Transaksi,"kali, daftar, biaya, transaksi, ktp",Positif,0.949
5059,easy,Topik Tidak Relevan,Tidak Ditemukan,Positif,0.748
5060,baru pertama kali pakai aplikasi ini biasanya bayar perpanjangan offline,Kendala Teknis Aplikasi (Loading),"orang, sibuk, data, bayar, bank",Netral,0.688
5061,tbh kalo dihitung waktu pengerjaannya memang lebih cepat datang offline ya karena langsung jadi di hari itu juga tapi buat orang yang kerja dan super sibuk aplikasi ini sangat membantu sih,Kendala Teknis Aplikasi (Loading),"orang, sibuk, data, bayar, bank",Positif,0.872
5062,mudah fan cepat,Topik Tidak Relevan,Tidak Ditemukan,Positif,0.991
5063,cepat dan akuntabel,Topik Tidak Relevan,Tidak Ditemukan,Positif,0.948
5064,Sangat membantu sekali sy di jakarta nopol jawatengah mempermudah pajak tahunan kendaraan bermotor saya tinggal masukan nopol dan verifikasi ktp cara pembayaran dari m banking prosesnya cepat dan mudah,Pembayaran Pajak Kendaraan Online,"bayar, pajak, kendara, tahun, online",Positif,0.959
5065,signal bayar pajak online luarbiasa nga sampe seminggu perpanjang STNK sudah dikirim kerumah,Pembayaran Pajak Kendaraan Online,"bayar, pajak, kendara, tahun, online",Negatif,0.556
5066,mantafff,Topik Tidak Relevan,Tidak Ditemukan,Positif,0.831
5067,Tanpa harus antri,Kualitas Pelayanan dan Antrean di Samsat,"layan, antri, samsat, masyarakat, respon",Positif,0.981
5068,mudah dan praktis tanpa ribet emang seharusnya kaya memberikan pelayanan terbaik,Kualitas Pelayanan dan Antrean di Samsat,"layan, antri, samsat, masyarakat, respon",Positif,0.992
5069,cepet banget Alhamdulillah,Topik Tidak Relevan,Tidak Ditemukan,Positif,0.999
5070,pelayanan okee cepat,Kualitas Pelayanan dan Antrean di Samsat,"layan, antri, samsat, masyarakat, respon",Positif,0.998
5071,Emang ia sangat membantu Tapi Udah bayar ongkir untuk kirim kerumah malah gak dikirim,Layanan Pengiriman STNK ke Rumah,"rumah, langsung, kirim, stnk, samsat",Negatif,0.833
5072,Dah mau abis pula tahun,Pembayaran Pajak Kendaraan Online,"bayar, pajak, kendara, tahun, online",Netral,0.668
5073,pembayaran kendaraan sistim online sangan membantu tanpa harus datang ke Samsat dikirim lewat pos praktis,Pembayaran Pajak Kendaraan Online,"bayar, pajak, kendara, tahun, online",Positif,0.955
5074,aplikasi gajelas mau bayar pajak aja susah banget gabisa di buka buka keterangan jaringan eror padahal sinyal kenceng buka yang lain lancar terus keterangan tidak bisa dibuka saat ini lah terus kapan bisa nya hadehhh,Proses Pengurusan via Aplikasi SIGNAL,"signal, urus, samsat, digital, ambil",Negatif,0.999
5075,ini kode bayar emang lama muncul nya apa gimana ya,Pembayaran Pajak Kendaraan Online,"bayar, pajak, kendara, tahun, online",Negatif,0.967
5076,Proses cepat banget,Proses dan Durasi Pengiriman STNK,"kirim, proses, stnk, tanggal, minggu",Positif,0.97
5077,pelayanan pengiriman cepat,Kualitas Pelayanan dan Antrean di Samsat,"layan, antri, samsat, masyarakat, respon",Positif,0.931
5078,sangat membantu bagi tidak sempat datang ke samsat,Perbandingan Layanan Online vs. Kantor Samsat,"kantor, samsat, online, daerah, kota",Positif,0.904
5079,mantaaf,Topik Tidak Relevan,Tidak Ditemukan,Positif,0.551
5080,puas utk pertama kali bayar pakai signal,Rincian Biaya Administrasi dan Transaksi,"kali, daftar, biaya, transaksi, ktp",Positif,0.979
5081,baru pertama kali pakai dan langsung bisa,Layanan Pengiriman STNK ke Rumah,"rumah, langsung, kirim, stnk, samsat",Netral,0.714
5082,meskipun aku sudah dijawa tapi bisa bayar pajak online bali hasilnya bisa dikirim dari bali,Pembayaran Pajak Kendaraan Online,"bayar, pajak, kendara, tahun, online",Positif,0.488
5083,Jadi praktis mengurus bayar pajak,Pembayaran Pajak Kendaraan Online,"bayar, pajak, kendara, tahun, online",Positif,0.996
5084,Semoga bermanfaat,Topik Tidak Relevan,Tidak Ditemukan,Positif,0.514
5085,aplikasi sangat membantu pembayaran pajak menjadi mudah cepat dan efisien layanan seperti ini yg masyarakat inginkan tidak ribet tapi semua tujuanya terselesaikan,Kualitas Pelayanan dan Antrean di Samsat,"layan, antri, samsat, masyarakat, respon",Positif,0.997
5086,harapanya kedepan Signal mampu menjaga performa terbaiknya,Proses Pengurusan via Aplikasi SIGNAL,"signal, urus, samsat, digital, ambil",Netral,0.724
5087,good cepat,Topik Tidak Relevan,Tidak Ditemukan,Positif,0.998
5088,pelayanan cepat dan mantap sangat membantu trimah kasih polri salam presisi,Kualitas Pelayanan dan Antrean di Samsat,"layan, antri, samsat, masyarakat, respon",Positif,1.0
5089,tahun kemarin untuk bayar pajak tahunan bisa tapi hari ini saya udah coba x daftar tapi saat bayar selalu tidak bisa diproses tolong dibantu min bukannya gak mau bayar pajak tahunan tapi masak error mulu gini pas mau bayar,Pembayaran Pajak Kendaraan Online,"bayar, pajak, kendara, tahun, online",Netral,0.609
5090,kode otp tidak bisa keluar padal udah coba verif beberapa kali cuihh,Proses dan Durasi Pengiriman STNK,"kirim, proses, stnk, tanggal, minggu",Negatif,0.987
5091,benar benar sangat membantu terima kasih buat semua petugas signal pelayanan kalian sangat memuaskan,Fitur dan Layanan Bantuan Aplikasi,"bikin, sistem, antar, chat, cek",Positif,0.994
5092,Aplikasi membantu dan memudahkan tetapi Biaya ongkos kirim mahal dan tidak diantar ke rumah dan ada beberapa biaya yang lain juga yang diminta STNK hanya Rp,Layanan Pengiriman STNK ke Rumah,"rumah, langsung, kirim, stnk, samsat",Negatif,0.783
5093,tetapi biaya yang harus dibayar Rp,Rincian Biaya Administrasi dan Transaksi,"kali, daftar, biaya, transaksi, ktp",Negatif,0.489
5094,sangat membantu Terima kasih,Topik Tidak Relevan,Tidak Ditemukan,Positif,0.994
5095,membatu sekali terimakasih,Perbandingan Layanan Online vs. Kantor Samsat,"kantor, samsat, online, daerah, kota",Positif,0.97
5096,Mantap lah mempermudah pembayaran pajak tidak harus ke samsat,Pembayaran Pajak Kendaraan Online,"bayar, pajak, kendara, tahun, online",Positif,0.997
5097,ya walaupun lama estimasi hari tapi oke lah tetap dikirim dan diterima di rumah,Layanan Pengiriman STNK ke Rumah,"rumah, langsung, kirim, stnk, samsat",Positif,0.957
5098,Sangat Bagus dan Mudah,Topik Tidak Relevan,Tidak Ditemukan,Positif,0.984
5099,Alhamdulillah STNK motor ku sudah smpai.Bayr pajak MLM Rabu jam,Pembayaran Pajak Kendaraan Online,"bayar, pajak, kendara, tahun, online",Positif,0.937
5100,hari kamis jam,Proses Pengurusan via Aplikasi SIGNAL,"signal, urus, samsat, digital, ambil",Negatif,0.565
5101,smpai,Topik Tidak Relevan,Tidak Ditemukan,Netral,0.0
5102,trimksh sudah amanah jga sllu kepercayaan masyarakat untuk bisa byr pajak online,Perbandingan Layanan Online vs. Kantor Samsat,"kantor, samsat, online, daerah, kota",Positif,0.991
5103,sangat memudahkan untuk keperluan perpanjangan STNK tahunan,Perpanjangan STNK 5 Tahunan (Ganti Plat),"stnk, panjang, samsat, ganti, plat",Positif,0.916
5104,salah kirim STNK di komplain nunggu email sampe berminggu minggu,Proses dan Durasi Pengiriman STNK,"kirim, proses, stnk, tanggal, minggu",Negatif,0.997
5105,puas banget stnk bayar pajak tahunan lebih mudah,Pembayaran Pajak Kendaraan Online,"bayar, pajak, kendara, tahun, online",Positif,0.984
5106,terimaskih signal,Proses Pengurusan via Aplikasi SIGNAL,"signal, urus, samsat, digital, ambil",Netral,0.564
5107,Selalu ada kendala untuk pembayaran dari m banking jadi harus bayar di minimarket semoga bisa diperbaiki masalah tersebut Overall sangat terbantu untuk membayar pajak tahunan kendaraan stnk langsung dikirim ke alamat harapannya untuk pengurusan dokumen lain bisa dilakukan dengan online juga,Pembayaran Pajak Kendaraan Online,"bayar, pajak, kendara, tahun, online",Positif,0.672
5108,kenapa saya bayar tahun,Pembayaran Pajak Kendaraan Online,"bayar, pajak, kendara, tahun, online",Netral,0.81
5109,jatuh temponya juga tetap sama di tahun,Perbandingan Layanan Online vs. Kantor Samsat,"kantor, samsat, online, daerah, kota",Negatif,0.545
5110,sangat membantu pekerja perantauan,Permintaan Bantuan dan Saran Peningkatan,"bantu, tingkat, proses, samsat, rantau",Positif,0.983
5111,tidak dapat tambah kendaraan loading terus,Rincian Biaya Administrasi dan Transaksi,"kali, daftar, biaya, transaksi, ktp",Negatif,0.594
5112,aplikasi mudah digunakan real time dan sangat membantu bagi masyarakat yg tidak sempat datang langsung ke samsat PENGIRIMAN CEPAT SAMPAI,Layanan Pengiriman STNK ke Rumah,"rumah, langsung, kirim, stnk, samsat",Positif,0.995
5113,Terbantu dgn aplikasi ini hanya saja pengirimannya sedikit lama hampir bln,Proses dan Durasi Pengiriman STNK,"kirim, proses, stnk, tanggal, minggu",Negatif,0.769
5114,belum sempurna,Topik Tidak Relevan,Tidak Ditemukan,Negatif,0.595
5115,keren cuma hari sampe,Rincian Biaya Administrasi dan Transaksi,"kali, daftar, biaya, transaksi, ktp",Positif,0.891
5116,Pelayanan mudah praktis dan sangat membantu,Kualitas Pelayanan dan Antrean di Samsat,"layan, antri, samsat, masyarakat, respon",Positif,1.0
5117,terima kasih polri Signal terima ksh,Proses Pengurusan via Aplikasi SIGNAL,"signal, urus, samsat, digital, ambil",Positif,0.999
5118,terimakasih atas bantuan nya,Permintaan Bantuan dan Saran Peningkatan,"bantu, tingkat, proses, samsat, rantau",Positif,0.996
5119,pembayaran pajak jadi lebih mudah,Pembayaran Pajak Kendaraan Online,"bayar, pajak, kendara, tahun, online",Positif,0.977
5120,puaaasss,Topik Tidak Relevan,Tidak Ditemukan,Positif,0.629
5121,cepet banget sat set,Kualitas Pelayanan dan Antrean di Samsat,"layan, antri, samsat, masyarakat, respon",Positif,0.999
5122,gak pake ngantri,Kualitas Pelayanan dan Antrean di Samsat,"layan, antri, samsat, masyarakat, respon",Positif,0.927
5123,buat org yg sibuk dan suka pake jasa calo antri di Samsat,Kendala Teknis Aplikasi (Loading),"orang, sibuk, data, bayar, bank",Netral,0.827
5124,mending beralih kesini deh,Topik Tidak Relevan,Tidak Ditemukan,Positif,0.843
5125,biar pajak yg masuk bsa tepat ke kas negara,Perbandingan Layanan Online vs. Kantor Samsat,"kantor, samsat, online, daerah, kota",Positif,0.702
5126,Bravo .Presisi,Fitur dan Layanan Bantuan Aplikasi,"bikin, sistem, antar, chat, cek",Positif,0.993
5127,Alhamdulillah Semakin Mudah dengan SIGNAL mantap dan terima kasih,Proses Pengurusan via Aplikasi SIGNAL,"signal, urus, samsat, digital, ambil",Positif,1.0
5128,Memudahkan untuk pembayaran pajak tahunan bagi orang yang sibuk bekerja tidak perlu antri lama lama,Pembayaran Pajak Kendaraan Online,"bayar, pajak, kendara, tahun, online",Positif,0.944
5129,sangat membantu jadi tidak usah antri kesamsat Lagi mudah an kedepannya untuk perpanjang tahunan bisa lewat online juga biar enak ga usah antri lagi disamsat,Kualitas Pelayanan dan Antrean di Samsat,"layan, antri, samsat, masyarakat, respon",Positif,0.998
5130,sehingga tidak perlu susah ngantri bayar pajak di Samsat,Pembayaran Pajak Kendaraan Online,"bayar, pajak, kendara, tahun, online",Positif,0.931
5131,pengiriman nya juga cepet,Proses dan Durasi Pengiriman STNK,"kirim, proses, stnk, tanggal, minggu",Positif,0.539
5132,sangat membantu tidak repot ke kantor,Perbandingan Layanan Online vs. Kantor Samsat,"kantor, samsat, online, daerah, kota",Positif,0.996
5133,mggu lebih baru sampe STNK nya mohon di tingkat kan lagi,Perpanjangan STNK 5 Tahunan (Ganti Plat),"stnk, panjang, samsat, ganti, plat",Netral,0.621
5134,lama di proses nya,Proses dan Durasi Pengiriman STNK,"kirim, proses, stnk, tanggal, minggu",Netral,0.449
5135,eror gak bisa bayar jadinya telat sama sama susah padahal mau bayar pajak,Pembayaran Pajak Kendaraan Online,"bayar, pajak, kendara, tahun, online",Negatif,0.995
5136,proses pembayaran mudah dokumen dikirimkan langsung ke rumah,Proses dan Durasi Pengiriman STNK,"kirim, proses, stnk, tanggal, minggu",Positif,0.963
5137,saya akan terus membayar pajak kendaraan disini karena cepat serta tidak perlu dtg lgsung ke samsat,Pembayaran Pajak Kendaraan Online,"bayar, pajak, kendara, tahun, online",Positif,0.929
5138,sangat sangat membantu masyarakat untuk membayar pajak kendaraan,Pembayaran Pajak Kendaraan Online,"bayar, pajak, kendara, tahun, online",Positif,0.937
5139,sangat memudahkan unt byr pajak,Perbandingan Layanan Online vs. Kantor Samsat,"kantor, samsat, online, daerah, kota",Positif,0.895
5140,bagus bgt gak usah lagi repot ngantri di samsat daftar online bayar surat udah sampe aja di rumah pokoe mantap,Pembayaran Pajak Kendaraan Online,"bayar, pajak, kendara, tahun, online",Positif,0.999
5141,pengiriman stnknya lama hampir mggu klo bisa jangan tggu kolektif butuh mggu untuk pengantaran ke pihak kantor pos diantar oleh kantor pos hari baru sampai ke rumah,Perbandingan Layanan Online vs. Kantor Samsat,"kantor, samsat, online, daerah, kota",Negatif,0.991
5142,udah download tp mo masuk pendaftaran STNK kok susah bgt ya gabisa bisa tlong diperbaiki min drtd dicoba trs tetep ga bisa,Rincian Biaya Administrasi dan Transaksi,"kali, daftar, biaya, transaksi, ktp",Negatif,0.998
5143,Mudah cepat dan aman,Topik Tidak Relevan,Tidak Ditemukan,Positif,0.997
5144,Lumayan sih ngk usah kesamsat,Kualitas Pelayanan dan Antrean di Samsat,"layan, antri, samsat, masyarakat, respon",Positif,0.552
5145,pengiriman pake yg kilat hari sampai padahal deket,Proses dan Durasi Pengiriman STNK,"kirim, proses, stnk, tanggal, minggu",Negatif,0.795
5146,beda nya ribu bila kita datang kesamsat,Perpanjangan STNK 5 Tahunan (Ganti Plat),"stnk, panjang, samsat, ganti, plat",Negatif,0.841
5147,sudah melalukan pembayaran tgl april,Rincian Biaya Administrasi dan Transaksi,"kali, daftar, biaya, transaksi, ktp",Negatif,0.528
5148,Alhamdulillah STNK sudah dikirim dengan amanah,Proses dan Durasi Pengiriman STNK,"kirim, proses, stnk, tanggal, minggu",Positif,0.998
5149,pelayanan melalui signal sangat mempermudah namun kedepan tlong pengiriman lebih dipercepat karena ada masyarakat yang membayar lewat aplikasi namun tidak Terima STNK mohon juga dicantumkan nomor pengaduan,Kualitas Pelayanan dan Antrean di Samsat,"layan, antri, samsat, masyarakat, respon",Positif,0.96
5150,memudahkan banget gak perlu ke Samsat,Perpanjangan STNK 5 Tahunan (Ganti Plat),"stnk, panjang, samsat, ganti, plat",Positif,0.992
5151,mempermudah waktu tidak perlu Dateng ke samsat cuma pengiriman nya aja lama banget padahal saya udah pilih yg kilat,Perbandingan Layanan Online vs. Kantor Samsat,"kantor, samsat, online, daerah, kota",Negatif,0.502
5152,sangat praktis gak perlu antri,Kualitas Pelayanan dan Antrean di Samsat,"layan, antri, samsat, masyarakat, respon",Positif,0.999
5153,tinggal klik klik selesai hari sampai rumah,Layanan Pengiriman STNK ke Rumah,"rumah, langsung, kirim, stnk, samsat",Positif,0.945
5154,gak perlu capek gak perlu buang waktu,Kualitas Pelayanan dan Antrean di Samsat,"layan, antri, samsat, masyarakat, respon",Positif,0.997
5155,mantap lah,Topik Tidak Relevan,Tidak Ditemukan,Positif,0.95
5156,walaupun pelayanan nya lemot tapi lumayan lah untuk orang yg hoby rebahan,Kualitas Pelayanan dan Antrean di Samsat,"layan, antri, samsat, masyarakat, respon",Positif,0.628
5157,susah di transaksi nya doang kode nya kadang tidak di temukan harus nunggu berapa hari,Rincian Biaya Administrasi dan Transaksi,"kali, daftar, biaya, transaksi, ktp",Negatif,0.997
5158,Bayar pake online lebih mudah dan praktis,Pembayaran Pajak Kendaraan Online,"bayar, pajak, kendara, tahun, online",Positif,0.987
5159,Coba klau bisa tambah bayr motor mobile yg bukn satu kk tmbh keren iye,Rincian Biaya Administrasi dan Transaksi,"kali, daftar, biaya, transaksi, ktp",Netral,0.977
5160,mantap mudah,Topik Tidak Relevan,Tidak Ditemukan,Positif,0.998
5161,dari hp STNK langsung dikirim dengan cepat,Layanan Pengiriman STNK ke Rumah,"rumah, langsung, kirim, stnk, samsat",Positif,0.913
5162,joss,Topik Tidak Relevan,Tidak Ditemukan,Positif,0.923
5163,Bayar pajak jadi praktis kalau gabisa sempat ke samsat,Pembayaran Pajak Kendaraan Online,"bayar, pajak, kendara, tahun, online",Positif,0.972
5164,Tinggal cetak QRbarcode tempelin di stnk jadi aman,Perpanjangan STNK 5 Tahunan (Ganti Plat),"stnk, panjang, samsat, ganti, plat",Positif,0.545
5165,cepat selesai dan cepat sampe mksh,Proses dan Durasi Pengiriman STNK,"kirim, proses, stnk, tanggal, minggu",Positif,0.999
5166,proses cepat dan bagus sangat membantu,Proses dan Durasi Pengiriman STNK,"kirim, proses, stnk, tanggal, minggu",Positif,0.998
5167,dengan signal sangat membantu sekali dan memudahkan saya,Proses Pengurusan via Aplikasi SIGNAL,"signal, urus, samsat, digital, ambil",Positif,0.984
5168,hingga sampai sudah kali melakukan pembayaran pajak kendaraan motor dan saya selalu pakai signal,Pembayaran Pajak Kendaraan Online,"bayar, pajak, kendara, tahun, online",Netral,0.506
5169,ngga ngantri cuma nunggu sampai datang ke alamat kita,Kualitas Pelayanan dan Antrean di Samsat,"layan, antri, samsat, masyarakat, respon",Positif,0.727
5170,sangat membantu sekali bagi masyarakat yg Tidak sempat kesamsat mantappp,Kualitas Pelayanan dan Antrean di Samsat,"layan, antri, samsat, masyarakat, respon",Positif,0.995
5171,pelayanan dan pengiriman nya cepat,Kualitas Pelayanan dan Antrean di Samsat,"layan, antri, samsat, masyarakat, respon",Positif,0.931
5172,aplikasi Signal korlantas sangat mrmbantu respon mantap,Proses Pengurusan via Aplikasi SIGNAL,"signal, urus, samsat, digital, ambil",Positif,0.983
5173,Penjelasan Di Aplikasi Kurang Detail,Proses Pengurusan via Aplikasi SIGNAL,"signal, urus, samsat, digital, ambil",Negatif,0.851
5174,Signal memang TOP,Proses Pengurusan via Aplikasi SIGNAL,"signal, urus, samsat, digital, ambil",Positif,0.87
5175,memberi kemudahan bagi wajib pajak tidak perlu cuti kerja utk perpanjangan stnk,Perpanjangan STNK 5 Tahunan (Ganti Plat),"stnk, panjang, samsat, ganti, plat",Positif,0.992
5176,memudahkan kami yg sibuk atau tidak ada waktu untuk ke samsat,Kendala Teknis Aplikasi (Loading),"orang, sibuk, data, bayar, bank",Positif,0.79
5177,Mudah Cepat,Topik Tidak Relevan,Tidak Ditemukan,Positif,0.985
5178,gimana sih saya mau cek pajak doank mesti liat liat nomor rangka sgala,Pembayaran Pajak Kendaraan Online,"bayar, pajak, kendara, tahun, online",Negatif,0.987
5179,fitur cek samsatnya gk fungsi padahal udah verifikasi sgala macem,Fitur dan Layanan Bantuan Aplikasi,"bikin, sistem, antar, chat, cek",Negatif,0.984
5180,ini bisa untuk bayar pajak mobil tidak,Pembayaran Pajak Kendaraan Online,"bayar, pajak, kendara, tahun, online",Netral,0.556
5181,sudah berkali mengunakan signal tetapi stiker hologram pengesahan STNK tidak pernah disertakan dalam pengiriman mohon untuk berikutnya lebih amanah,Perpanjangan STNK 5 Tahunan (Ganti Plat),"stnk, panjang, samsat, ganti, plat",Negatif,0.873
5182,sebenernya bagus aplikasinya cuma yg lama samsatnya,Topik Tidak Relevan,Tidak Ditemukan,Negatif,0.492
5183,tapi untyk upload ktp yg agak susah,Rincian Biaya Administrasi dan Transaksi,"kali, daftar, biaya, transaksi, ktp",Negatif,0.973
5184,STNK yg dari samsat sampai saat ini belum sampai,Perpanjangan STNK 5 Tahunan (Ganti Plat),"stnk, panjang, samsat, ganti, plat",Negatif,0.555
5185,Memudahkan untuk bayar pajak kendaraan,Pembayaran Pajak Kendaraan Online,"bayar, pajak, kendara, tahun, online",Positif,0.911
5186,cepat gampang dan mudah,Topik Tidak Relevan,Tidak Ditemukan,Positif,0.998
5187,Alhamdulillah mau usul untuk tambahkan untuk pajak progresif di matiin dong,Pembayaran Pajak Kendaraan Online,"bayar, pajak, kendara, tahun, online",Positif,0.908
5188,pengiriman nya tolong di percepat lagi,Proses dan Durasi Pengiriman STNK,"kirim, proses, stnk, tanggal, minggu",Netral,0.722
5189,keren sukses terus signal,Proses Pengurusan via Aplikasi SIGNAL,"signal, urus, samsat, digital, ambil",Positif,0.998
5190,terimkasih lebih mudah untuk membayar,Pembayaran Pajak Kendaraan Online,"bayar, pajak, kendara, tahun, online",Positif,0.993
5191,tolong dong kalo bisa masuk nya di permudah dengan alamat email jang pake nomor,Layanan Jasa Kurir Pengiriman,"pos, kirim, via, indonesia, guna",Netral,0.652
5192,pengalaman pertama coba pakai aplikasi ini jadi tgl april saya perpanjang stnk dan selesai sampai di alamat rumah tgl april,Proses dan Durasi Pengiriman STNK,"kirim, proses, stnk, tanggal, minggu",Negatif,0.596
5193,menurut kalian cepet lambat ya,Topik Tidak Relevan,Tidak Ditemukan,Positif,0.526
5194,pengiriman cepat dan mudah dalam pembayaran pajaknya,Pembayaran Pajak Kendaraan Online,"bayar, pajak, kendara, tahun, online",Positif,0.949
5195,aplikasi nge bug,Topik Tidak Relevan,Tidak Ditemukan,Negatif,0.861
5196,verivikasi gagal lebih sepuluh kalipun sama aja,Rincian Biaya Administrasi dan Transaksi,"kali, daftar, biaya, transaksi, ktp",Negatif,0.766
5197,udah kedukcapil data udah online,Kendala Teknis Aplikasi (Loading),"orang, sibuk, data, bayar, bank",Netral,0.866
5198,hasil nihil sama aja verifilasi gagal,Topik Tidak Relevan,Tidak Ditemukan,Negatif,0.994
5199,ntar kalau besok berhasil saya ganti bintang,Perpanjangan STNK 5 Tahunan (Ganti Plat),"stnk, panjang, samsat, ganti, plat",Negatif,0.888
5200,bayar pajak jadi mudah tinggal rebahan aja,Pembayaran Pajak Kendaraan Online,"bayar, pajak, kendara, tahun, online",Positif,0.992
5201,sudah berhasil proses bayarnya,Pembayaran Pajak Kendaraan Online,"bayar, pajak, kendara, tahun, online",Negatif,0.614
5202,tinggal menunggu dikirim stnknya,Proses dan Durasi Pengiriman STNK,"kirim, proses, stnk, tanggal, minggu",Netral,0.845
5203,tapi di sistem masih tertera pajak belum di bayar,Pembayaran Pajak Kendaraan Online,"bayar, pajak, kendara, tahun, online",Negatif,0.78
5204,udh thn ke pake aplikasi SIGNAL lembar pengesahan pasti sampe,Proses Pengurusan via Aplikasi SIGNAL,"signal, urus, samsat, digital, ambil",Netral,0.758
5205,cmn skrng ada pembayaran lebih seperti thn sblm nya di APK nya,Pembayaran Pajak Kendaraan Online,"bayar, pajak, kendara, tahun, online",Negatif,0.972
5206,tapi gk apa dri pada antri nyari samsat terdekat,Perpanjangan STNK 5 Tahunan (Ganti Plat),"stnk, panjang, samsat, ganti, plat",Positif,0.69
5207,Proses STNK mudah cepat,Proses dan Durasi Pengiriman STNK,"kirim, proses, stnk, tanggal, minggu",Positif,0.99
5208,terima kasih SIGNAL,Proses Pengurusan via Aplikasi SIGNAL,"signal, urus, samsat, digital, ambil",Positif,0.965
5209,cepet banget proses nya keren makin mudah transaksi pajak tahunannya,Pembayaran Pajak Kendaraan Online,"bayar, pajak, kendara, tahun, online",Positif,0.998
5210,klo bisa pajak tahunan juga dipermudah,Pembayaran Pajak Kendaraan Online,"bayar, pajak, kendara, tahun, online",Netral,0.587
5211,semoga tidak ada alasan untuk menunda pajak klo ada yang mudah kenapa harus dipersulit,Pembayaran Pajak Kendaraan Online,"bayar, pajak, kendara, tahun, online",Positif,0.487
5212,Dengan SIGNAL semakin mudah,Proses Pengurusan via Aplikasi SIGNAL,"signal, urus, samsat, digital, ambil",Positif,0.812
5213,Tanpa antri dan tanpa harus datang,Kualitas Pelayanan dan Antrean di Samsat,"layan, antri, samsat, masyarakat, respon",Positif,0.916
5214,STNK dianter ke rumah,Layanan Pengiriman STNK ke Rumah,"rumah, langsung, kirim, stnk, samsat",Positif,0.892
5215,Hanya kadang aplikasi suka error,Permintaan Bantuan dan Saran Peningkatan,"bantu, tingkat, proses, samsat, rantau",Negatif,0.992
5216,Mudah an kedepannya lebih baik lagi,Proses Pengurusan via Aplikasi SIGNAL,"signal, urus, samsat, digital, ambil",Netral,0.601
5217,Kenapa tidak berhasil didaftarkan ya Dan diminta untuk datang langsung ke samsat,Layanan Pengiriman STNK ke Rumah,"rumah, langsung, kirim, stnk, samsat",Negatif,0.974
5218,polri presisi,Kualitas Pelayanan dan Antrean di Samsat,"layan, antri, samsat, masyarakat, respon",Positif,0.995
5219,mempermudah perpanjang pajak tidak perlu antri,Kualitas Pelayanan dan Antrean di Samsat,"layan, antri, samsat, masyarakat, respon",Positif,0.999
5220,sangat simple dan mudah,Topik Tidak Relevan,Tidak Ditemukan,Positif,0.987
5221,jangan mahal dong uang di luar pajaknya,Perbandingan Layanan Online vs. Kantor Samsat,"kantor, samsat, online, daerah, kota",Negatif,0.981
5222,bayar pajak kendaraan gak perlu antri lagi membantu sekali apalagi kalo lagi sibuk top banget,Pembayaran Pajak Kendaraan Online,"bayar, pajak, kendara, tahun, online",Positif,0.996
5223,memuaskan bisa dikirim sampai rumah nggak ribet,Layanan Pengiriman STNK ke Rumah,"rumah, langsung, kirim, stnk, samsat",Positif,0.983
5224,hari langsung sampe ke alamat rumah,Layanan Pengiriman STNK ke Rumah,"rumah, langsung, kirim, stnk, samsat",Positif,0.874
5225,pilihan kirim pake jasa pos Indonesia,Layanan Jasa Kurir Pengiriman,"pos, kirim, via, indonesia, guna",Netral,0.717
5226,lebih mudah.semoga amanah ya aplikasinya,Topik Tidak Relevan,Tidak Ditemukan,Positif,0.985
5227,cepat mantap,Topik Tidak Relevan,Tidak Ditemukan,Positif,0.995
5228,sangat membantu bagi saya pribadi karna sekarang posisi lg tidak di daerah domisili,Perbandingan Layanan Online vs. Kantor Samsat,"kantor, samsat, online, daerah, kota",Positif,0.891
5229,cuma tinggal duduk manis di rumah,Layanan Pengiriman STNK ke Rumah,"rumah, langsung, kirim, stnk, samsat",Positif,0.989
5230,Tidak perlu repot datang ke samsat praktis perpanjang online,Perpanjangan STNK 5 Tahunan (Ganti Plat),"stnk, panjang, samsat, ganti, plat",Positif,0.999
5231,tidak bisa cek kendaraan lain selain milik kita sendiri saya kira bisa cek semua kendaraan,Fitur dan Layanan Bantuan Aplikasi,"bikin, sistem, antar, chat, cek",Negatif,0.927
5232,apk membantu untuk masyarakat gak mau ribet untuk bayar pajak tahunan,Pembayaran Pajak Kendaraan Online,"bayar, pajak, kendara, tahun, online",Positif,0.66
5233,bagus pelayanannya cepat pengiriman nya jga g terlalu lama semoga konsisten dlm melayani masayarakat,Kualitas Pelayanan dan Antrean di Samsat,"layan, antri, samsat, masyarakat, respon",Positif,0.998
5234,sangat puas dengan adanya apliksi signal ini,Proses Pengurusan via Aplikasi SIGNAL,"signal, urus, samsat, digital, ambil",Positif,0.948
5235,aplikasinya gimana ini,Topik Tidak Relevan,Tidak Ditemukan,Negatif,0.555
5236,mau bayar aja susah,Pembayaran Pajak Kendaraan Online,"bayar, pajak, kendara, tahun, online",Negatif,0.981
5237,muter terus,Perbandingan Layanan Online vs. Kantor Samsat,"kantor, samsat, online, daerah, kota",Negatif,0.801
5238,mantap ok,Topik Tidak Relevan,Tidak Ditemukan,Positif,0.979
5239,mantaplah sangat membantu,Topik Tidak Relevan,Tidak Ditemukan,Positif,0.999
5240,sangat membantu di kala tidak memungkin kan untuk datang ke Samsat terimakasih aplikasi signal,Proses Pengurusan via Aplikasi SIGNAL,"signal, urus, samsat, digital, ambil",Positif,0.953
5241,praktis bgt buat yg gabisa dateng ke samsatnya tapi pengirimannya sedikit lama,Proses dan Durasi Pengiriman STNK,"kirim, proses, stnk, tanggal, minggu",Negatif,0.951
5242,ok lancar,Topik Tidak Relevan,Tidak Ditemukan,Positif,0.948
5243,stnk ambil sendiri,Perpanjangan STNK 5 Tahunan (Ganti Plat),"stnk, panjang, samsat, ganti, plat",Negatif,0.616
5244,Mudah di aplikasikan dri proses registrasi pengesahan dan pengiriman via POS,Layanan Jasa Kurir Pengiriman,"pos, kirim, via, indonesia, guna",Negatif,0.758
5245,masih lambat pengiriman SMP tujuan harusnya lebih CPT SMP dmhny,Proses dan Durasi Pengiriman STNK,"kirim, proses, stnk, tanggal, minggu",Negatif,0.705
5246,gampang dan ga ngntri mantabbb,Topik Tidak Relevan,Tidak Ditemukan,Positif,0.986
5247,mantap cepat sigap ok,Topik Tidak Relevan,Tidak Ditemukan,Positif,0.999
5248,daftar aja gabisa bisa,Rincian Biaya Administrasi dan Transaksi,"kali, daftar, biaya, transaksi, ktp",Negatif,0.886
5249,Rekomendasi dari teman untuk membayar pajak tanpa harus datang ke outlet pembayaran karena rutinitas kerja yang sangat padat,Pembayaran Pajak Kendaraan Online,"bayar, pajak, kendara, tahun, online",Positif,0.89
5250,Mantap sekali aplikasi signal,Proses Pengurusan via Aplikasi SIGNAL,"signal, urus, samsat, digital, ambil",Positif,0.975
5251,sekarang lebih gampang bayar pajak semoga lebih baik lagi untuk kedepannya,Pembayaran Pajak Kendaraan Online,"bayar, pajak, kendara, tahun, online",Positif,0.973
5252,efisien dan sangat membantu,Topik Tidak Relevan,Tidak Ditemukan,Positif,0.998
5253,terima kasih sukses selalu,Topik Tidak Relevan,Tidak Ditemukan,Positif,0.992
5254,Samsat nya lama ngirim dokumen PKB sampai bulan,Layanan Jasa Kurir Pengiriman,"pos, kirim, via, indonesia, guna",Negatif,0.851
5255,bagus sangat membantu sekali,Topik Tidak Relevan,Tidak Ditemukan,Positif,0.993
5256,pengiriman nya lambat admin nya slow respon,Proses dan Durasi Pengiriman STNK,"kirim, proses, stnk, tanggal, minggu",Negatif,0.996
5257,saya verifikasi foto kenapa gagal terus ya mohon bantuannya,Permintaan Bantuan dan Saran Peningkatan,"bantu, tingkat, proses, samsat, rantau",Negatif,0.988
5258,agak lama doangan sntk nya di kirim nya,Proses dan Durasi Pengiriman STNK,"kirim, proses, stnk, tanggal, minggu",Negatif,0.904
5259,ini yg ke x saya bayar pajak lewat Signal,Pembayaran Pajak Kendaraan Online,"bayar, pajak, kendara, tahun, online",Netral,0.46
5260,mantap aplikasi nya,Topik Tidak Relevan,Tidak Ditemukan,Positif,0.977
5261,mantap cepat mudah,Topik Tidak Relevan,Tidak Ditemukan,Positif,0.999
5262,semoga sja bisa membantu,Topik Tidak Relevan,Tidak Ditemukan,Positif,0.763
5263,Sangat Mempermudah pembayaran pajak,Pembayaran Pajak Kendaraan Online,"bayar, pajak, kendara, tahun, online",Positif,0.797
5264,sangat membantu buat kedepan nya mudah an lebih cepat proses nya,Proses dan Durasi Pengiriman STNK,"kirim, proses, stnk, tanggal, minggu",Positif,0.978
5265,aplikasi tidak berguna error terus saat akan bayar pajak ujung nya telat bayar aplikasi sampah,Pembayaran Pajak Kendaraan Online,"bayar, pajak, kendara, tahun, online",Negatif,0.99
5266,sebaiknya ditambah pengiriman lain biar cepat,Proses dan Durasi Pengiriman STNK,"kirim, proses, stnk, tanggal, minggu",Netral,0.98
5267,Untuk Saat ini kereeenn,Topik Tidak Relevan,Tidak Ditemukan,Positif,0.76
5268,Biaya pengiriman Dokumen ny Tak mahal ini yg masyarakat Suka,Layanan Jasa Kurir Pengiriman,"pos, kirim, via, indonesia, guna",Negatif,0.992
5269,sangat membantu dengan baik,Topik Tidak Relevan,Tidak Ditemukan,Positif,0.828
5270,sangat cocok dan mudah,Topik Tidak Relevan,Tidak Ditemukan,Positif,0.753
5271,gak bisa pembayaran kode bayar nya pake mbaking bca livin mandiri BTN gak ada yang bisa,Pembayaran Pajak Kendaraan Online,"bayar, pajak, kendara, tahun, online",Negatif,0.513
5272,sesuai dengan Keinginan,Topik Tidak Relevan,Tidak Ditemukan,Netral,0.541
5273,Sangat Puass dengan Aplikasi ini,Topik Tidak Relevan,Tidak Ditemukan,Positif,0.526
5274,Bikin Buat Buat Bayar pajak Kendaraan Tahunan,Pembayaran Pajak Kendaraan Online,"bayar, pajak, kendara, tahun, online",Negatif,0.724
5275,stnk dikirim ke rumah sesuai alamat ktp,Proses dan Durasi Pengiriman STNK,"kirim, proses, stnk, tanggal, minggu",Negatif,0.64
5276,jelek bgt pelayanannya sistem error dsuruh email ga dibales bales mau live chat sama agen langsung malah tidak tersedia memudahkan apa menyulitkan datangin ke samsat terdekat malah ga ngerti dan bilang memang sistem dari sana nya terus siapa yg mau bantu,Fitur dan Layanan Bantuan Aplikasi,"bikin, sistem, antar, chat, cek",Negatif,0.999
5277,pelayanan mudah dan bisa diakses kapan pun,Kualitas Pelayanan dan Antrean di Samsat,"layan, antri, samsat, masyarakat, respon",Positif,0.87
5278,pertahankan ya,Perpanjangan STNK 5 Tahunan (Ganti Plat),"stnk, panjang, samsat, ganti, plat",Positif,0.928
5279,dari kemarin mau bayar susah,Proses dan Durasi Pengiriman STNK,"kirim, proses, stnk, tanggal, minggu",Negatif,0.983
5280,keterangan ga bisa daftar stnk la trus uda proses pembayaran di persulit lagi dengan ket kode bayar belum tersedia padahal uda input benar ga. trus ditanya di live chat juga ga membantu sama sekali,Proses dan Durasi Pengiriman STNK,"kirim, proses, stnk, tanggal, minggu",Negatif,0.949
5281,masa agent nya sibuk terus,Kendala Teknis Aplikasi (Loading),"orang, sibuk, data, bayar, bank",Negatif,0.497
5282,live chat tidak pernah ada respon alasan agent tidak sedang di tempat bagaimana bisa live chat dijam kerja tp agent tidak ada ditempat,Fitur dan Layanan Bantuan Aplikasi,"bikin, sistem, antar, chat, cek",Negatif,0.999
5283,alhamdulillah lancar dr proses sampai pengiriman,Proses dan Durasi Pengiriman STNK,"kirim, proses, stnk, tanggal, minggu",Positif,0.998
5284,aman terkendali,Topik Tidak Relevan,Tidak Ditemukan,Positif,0.945
5285,Lumayan praktis lebih hemat waktu,Topik Tidak Relevan,Tidak Ditemukan,Positif,0.999
5286,baguss buat orang yg ga mrnggeti,Kendala Teknis Aplikasi (Loading),"orang, sibuk, data, bayar, bank",Positif,0.737
5287,Klo bisa adain juga byr pajak atas nama kendaraan orang selain keluarga min biar lebih mudah lagi soal y saya repot klo mo byr pajak harus pinjem ktp y dulu mana jauh orang y dan makin di tingkatkan aplikasi y biar bisa balik nama dan ganti kaleng lewat online,Perbandingan Layanan Online vs. Kantor Samsat,"kantor, samsat, online, daerah, kota",Netral,0.942
5288,sangat efektif dan gampang digunakan jumlah pajak pasti,Pembayaran Pajak Kendaraan Online,"bayar, pajak, kendara, tahun, online",Positif,0.966
5289,sangat sangat puas,Topik Tidak Relevan,Tidak Ditemukan,Positif,0.882
5290,keren sangat memudahkan gak perlu antri bisa bayar pajak dari rumah sambil rebahan,Pembayaran Pajak Kendaraan Online,"bayar, pajak, kendara, tahun, online",Positif,1.0
5291,stnk saya sudah lebih sebulan belum sampai d aplikasi sudah selesai mohon konfirmasiny,Proses dan Durasi Pengiriman STNK,"kirim, proses, stnk, tanggal, minggu",Negatif,0.964
5292,aplikasi yang sangat membantu buat pekerja yang susah ijin untuk datang ke samsat,Fitur dan Layanan Bantuan Aplikasi,"bikin, sistem, antar, chat, cek",Positif,0.737
5293,pelayanan modern dan keren pastinya,Kualitas Pelayanan dan Antrean di Samsat,"layan, antri, samsat, masyarakat, respon",Positif,0.992
5294,enak gak perlu ke kantor Samsat perpanjang pajak tahunan bisa pake aplikasi ini terimakasih signal,Pembayaran Pajak Kendaraan Online,"bayar, pajak, kendara, tahun, online",Positif,0.953
5295,mau bayar pajak masukin kode pembayaran di BCA Mala kurang angka ke indo mart sama nga bisa juga,Pembayaran Pajak Kendaraan Online,"bayar, pajak, kendara, tahun, online",Negatif,0.946
5296,Tidak bisa digunakan untuk transaksi online,Rincian Biaya Administrasi dan Transaksi,"kali, daftar, biaya, transaksi, ktp",Netral,0.737
5297,Pengiriman sangat lama sekali cs juga lambat merespon,Proses dan Durasi Pengiriman STNK,"kirim, proses, stnk, tanggal, minggu",Negatif,0.991
5298,Apalagi jawab komen di platform sosial media yang dicantumkan lama sekali responnya,Topik Tidak Relevan,Tidak Ditemukan,Negatif,0.893
5299,mantap dan gak perlu antri di samsat,Kualitas Pelayanan dan Antrean di Samsat,"layan, antri, samsat, masyarakat, respon",Positif,1.0
5300,Biaya pengiriman mahal Biaya aplikasi juga mahal Apalah serba online tapi mahal,Rincian Biaya Administrasi dan Transaksi,"kali, daftar, biaya, transaksi, ktp",Negatif,0.999
5301,proses cepat dan aman,Proses dan Durasi Pengiriman STNK,"kirim, proses, stnk, tanggal, minggu",Positif,0.983
5302,kapan stnk saya di kirim ke alamat rumah,Proses dan Durasi Pengiriman STNK,"kirim, proses, stnk, tanggal, minggu",Negatif,0.731
5303,Top markotop,Topik Tidak Relevan,Tidak Ditemukan,Positif,0.985
5304,apk mudah digunakan cuma untuk pengiriman dokumenya lama tpi sangat membantu,Layanan Jasa Kurir Pengiriman,"pos, kirim, via, indonesia, guna",Positif,0.649
5305,klo bikin aplikasi yg niat,Fitur dan Layanan Bantuan Aplikasi,"bikin, sistem, antar, chat, cek",Negatif,0.983
5306,pengirimanya agak lama hmpr bulan tp okela,Proses dan Durasi Pengiriman STNK,"kirim, proses, stnk, tanggal, minggu",Positif,0.717
5307,untuk caranya mudah dan pembayarannya juga banyak pilihan cuma memang pengirimannya lama hampir minggu tapi untuk yang lain lancar kok,Proses dan Durasi Pengiriman STNK,"kirim, proses, stnk, tanggal, minggu",Negatif,0.714
5308,terobosan baru josh,Topik Tidak Relevan,Tidak Ditemukan,Positif,0.778
5309,dan fisik nya sampai dengan selamat,Perpanjangan STNK 5 Tahunan (Ganti Plat),"stnk, panjang, samsat, ganti, plat",Positif,0.731
5310,Tidak perlu repot datang ke Samsat dan pengiriman cepat dengan pos Indonesia,Layanan Jasa Kurir Pengiriman,"pos, kirim, via, indonesia, guna",Positif,0.993
5311,keren app nya jadi gak perlu ribet ngantri ke cabang samsat,Kualitas Pelayanan dan Antrean di Samsat,"layan, antri, samsat, masyarakat, respon",Positif,0.999
5312,mantap jadi memudahkan,Topik Tidak Relevan,Tidak Ditemukan,Positif,0.999
5313,sangat membantu tidak perlu ngantri tidak perlu datang ke Samsat cukup di genggaman tangan beres,Kualitas Pelayanan dan Antrean di Samsat,"layan, antri, samsat, masyarakat, respon",Positif,0.999
5314,proses nya cepat mudah bebas antri,Kualitas Pelayanan dan Antrean di Samsat,"layan, antri, samsat, masyarakat, respon",Positif,0.998
5315,lambat pengirimannya,Proses dan Durasi Pengiriman STNK,"kirim, proses, stnk, tanggal, minggu",Negatif,0.983
5316,lebih mudah informasinya juga cepat,Topik Tidak Relevan,Tidak Ditemukan,Positif,0.998
5317,mantapssss proses registrasi nya cepet dan oengiriman nya juga,Proses dan Durasi Pengiriman STNK,"kirim, proses, stnk, tanggal, minggu",Netral,0.494
5318,Terbantu sekali,Topik Tidak Relevan,Tidak Ditemukan,Positif,0.94
5319,sangat memuaskan semoga sukses selalu terimaksihh,Topik Tidak Relevan,Tidak Ditemukan,Positif,0.965
5320,pelayanan nya sangat cepat,Kualitas Pelayanan dan Antrean di Samsat,"layan, antri, samsat, masyarakat, respon",Positif,0.975
5321,makasih apk signal,Proses Pengurusan via Aplikasi SIGNAL,"signal, urus, samsat, digital, ambil",Positif,0.942
5322,byar pajak jadi mudah tanpa antri,Kualitas Pelayanan dan Antrean di Samsat,"layan, antri, samsat, masyarakat, respon",Positif,0.996
5323,yakin dan percaya skrang masih nya memuaskan pelayanan online sangat luar bias,Perbandingan Layanan Online vs. Kantor Samsat,"kantor, samsat, online, daerah, kota",Positif,0.971
5324,tingkatkan proses pengiriman saja,Proses dan Durasi Pengiriman STNK,"kirim, proses, stnk, tanggal, minggu",Netral,0.902
5325,lumayan efisien waktu terobosan baru yang sangat menghemat waktu dalam antrian,Kualitas Pelayanan dan Antrean di Samsat,"layan, antri, samsat, masyarakat, respon",Positif,0.998
5326,Apkikasi balik vana kendaraan,Pembayaran Pajak Kendaraan Online,"bayar, pajak, kendara, tahun, online",Netral,0.884
5327,mantap luar biasa,Perbandingan Layanan Online vs. Kantor Samsat,"kantor, samsat, online, daerah, kota",Positif,0.933
5328,cepat dan ringkas,Topik Tidak Relevan,Tidak Ditemukan,Positif,0.559
5329,Untuk yg mau perpanjang buru tidak recomend memakai aplikasi ini untuk yg mau perpanjang santai ini sangat recomend karena minggu Baru sampe di lokasi,Perpanjangan STNK 5 Tahunan (Ganti Plat),"stnk, panjang, samsat, ganti, plat",Negatif,0.982
5330,Penuh dengan cerita karena pertama kali perpanjang pajak tahunan STNK akhirnya di Proses SAMSAT dan di kirim juga oleh pihak POS,Perpanjangan STNK 5 Tahunan (Ganti Plat),"stnk, panjang, samsat, ganti, plat",Positif,0.471
5331,aplikasi mantap sangat membantu untuk yang mau perpanjang STNK,Perpanjangan STNK 5 Tahunan (Ganti Plat),"stnk, panjang, samsat, ganti, plat",Positif,0.991
5332,puasss bgt mempermudah,Topik Tidak Relevan,Tidak Ditemukan,Positif,0.989
5333,Aplikasi yang sangat membantu memanfaatkan teknologi Bravo POLRI,Fitur dan Layanan Bantuan Aplikasi,"bikin, sistem, antar, chat, cek",Positif,0.997
5334,cepat n mudah,Topik Tidak Relevan,Tidak Ditemukan,Positif,0.996
5335,pengalaman pertama lebih mudah tidak bertele tele gampang prosesnya.hanya saja warna tanggal kurang jelas.mungkin tintanya sudah mau Hapis,Proses dan Durasi Pengiriman STNK,"kirim, proses, stnk, tanggal, minggu",Positif,0.746
5336,dengan ada y aplikasi ini sangat membantu sekali Terima Kasih Banyak SIGNAL,Proses Pengurusan via Aplikasi SIGNAL,"signal, urus, samsat, digital, ambil",Positif,0.947
5337,cepat waktu kurir amanah,Proses Pengurusan via Aplikasi SIGNAL,"signal, urus, samsat, digital, ambil",Positif,0.961
5338,amanah mantab,Topik Tidak Relevan,Tidak Ditemukan,Positif,0.999
5339,praktis dan sangat mudah digunakan,Layanan Jasa Kurir Pengiriman,"pos, kirim, via, indonesia, guna",Positif,0.998
5340,makasih banyak pk,Topik Tidak Relevan,Tidak Ditemukan,Positif,0.848
5341,membantu bangat terima kasih,Topik Tidak Relevan,Tidak Ditemukan,Positif,0.999
5342,untuk saat ini bagus pertahankan dan tingkatkan,Permintaan Bantuan dan Saran Peningkatan,"bantu, tingkat, proses, samsat, rantau",Positif,0.992
5343,lebih praktis terima kasih,Topik Tidak Relevan,Tidak Ditemukan,Positif,0.999
5344,pengiriman cepat sangat baik,Proses dan Durasi Pengiriman STNK,"kirim, proses, stnk, tanggal, minggu",Netral,0.683
5345,pengiriman cepat dan sangat bagus untuk proses stnk nya mudah dan pasti aman,Proses dan Durasi Pengiriman STNK,"kirim, proses, stnk, tanggal, minggu",Positif,0.992
5346,Luar biasa memberikan kemudahan untuk kita yang sibuk bekerja,Kendala Teknis Aplikasi (Loading),"orang, sibuk, data, bayar, bank",Positif,0.499
5347,Aplikasi Berjalan Dengan Baik kode OTO cepat,Fitur dan Layanan Bantuan Aplikasi,"bikin, sistem, antar, chat, cek",Netral,0.668
5348,bagus pelayanan nya,Kualitas Pelayanan dan Antrean di Samsat,"layan, antri, samsat, masyarakat, respon",Positif,0.981
5349,ngebantu banget dengan adanya aplikasi ini bayar bayar pajak jadi lebih gampang,Pembayaran Pajak Kendaraan Online,"bayar, pajak, kendara, tahun, online",Positif,0.993
5350,STNK tinggal dipilih mau anter atau ambil,Proses Pengurusan via Aplikasi SIGNAL,"signal, urus, samsat, digital, ambil",Negatif,0.586
5351,makasihhh yaa,Topik Tidak Relevan,Tidak Ditemukan,Netral,0.487
5352,Alhamdulilah dengan ada ya Signal membantu sekali terimakasi cepat banget,Proses Pengurusan via Aplikasi SIGNAL,"signal, urus, samsat, digital, ambil",Positif,0.999
5353,Terimakasih banyak sangat membantu dan sangat mudah semoga sukses selalu,Topik Tidak Relevan,Tidak Ditemukan,Positif,0.999
5354,izin masukan mohon maaf untuk pengiriman lebih di cepatkan lagi,Layanan Jasa Kurir Pengiriman,"pos, kirim, via, indonesia, guna",Netral,0.952
5355,mantap jiwa,Topik Tidak Relevan,Tidak Ditemukan,Positif,0.993
5356,ok membantu sekali,Topik Tidak Relevan,Tidak Ditemukan,Positif,0.94
5357,ok cepat,Topik Tidak Relevan,Tidak Ditemukan,Positif,0.799
5358,app nya bagus tapi pengesahan masih harus ke samsat nyusahin niat baik,Kendala Teknis Aplikasi (Loading),"orang, sibuk, data, bayar, bank",Negatif,0.976
5359,simpen pengerjaannya lama lebih baik bayar online dan langsung jdi di hari yang sama,Pembayaran Pajak Kendaraan Online,"bayar, pajak, kendara, tahun, online",Netral,0.578
5360,diciptakan atau dibuatnya aplikasi ini agar dipermudah,Fitur dan Layanan Bantuan Aplikasi,"bikin, sistem, antar, chat, cek",Netral,0.775
5361,bukan malah dibuat lama,Fitur dan Layanan Bantuan Aplikasi,"bikin, sistem, antar, chat, cek",Netral,0.736
5362,mudah simpel dan cepat,Topik Tidak Relevan,Tidak Ditemukan,Positif,0.999
5363,Bagus isi data di aplikasinya enggak susah,Kendala Teknis Aplikasi (Loading),"orang, sibuk, data, bayar, bank",Negatif,0.935
5364,process lama pengiriman sangat lama walaupun memakai express,Layanan Pengiriman STNK ke Rumah,"rumah, langsung, kirim, stnk, samsat",Negatif,0.949
5365,gagal verifikasi email,Layanan Jasa Kurir Pengiriman,"pos, kirim, via, indonesia, guna",Negatif,0.987
5366,lebih mudah dan cepat bayar pajak kendaraan,Pembayaran Pajak Kendaraan Online,"bayar, pajak, kendara, tahun, online",Positif,0.998
5367,pengirimannya lambat,Proses dan Durasi Pengiriman STNK,"kirim, proses, stnk, tanggal, minggu",Negatif,0.981
5368,memudahkan dalam perpanjangan stnk,Perpanjangan STNK 5 Tahunan (Ganti Plat),"stnk, panjang, samsat, ganti, plat",Positif,0.929
5369,sangat membantu untuk proses pembayaran pajak jadi gak harus ke Samsat lagi,Pembayaran Pajak Kendaraan Online,"bayar, pajak, kendara, tahun, online",Positif,0.982
5370,praktis nggak pakai antri antri,Kualitas Pelayanan dan Antrean di Samsat,"layan, antri, samsat, masyarakat, respon",Positif,1.0
5371,Nyesel bayar pajak pake aplikasi ini udh hari belum di kirim Ke rumah.mau pengaduan pun di apk nya susah banget,Pembayaran Pajak Kendaraan Online,"bayar, pajak, kendara, tahun, online",Negatif,0.997
5372,terima kasih bukti pembayaran selesai diproses,Proses dan Durasi Pengiriman STNK,"kirim, proses, stnk, tanggal, minggu",Positif,0.949
5373,STNK belum jga datang sya belum bisa kasi bintang,Perpanjangan STNK 5 Tahunan (Ganti Plat),"stnk, panjang, samsat, ganti, plat",Negatif,0.87
5374,terimakasih STNK sudah saya Terima pembayaran dari tgl april baru di Terima tgl april lumayan lama juga ternyata saya rasa aplikasi ini belum sempurna kaya terlalu memaksa susah buat layanan komunikasi tanya ke pihak signal semua robot blm ada kemudahan semoga lebih baik lg dan kita sebagai yg mw bayar pajak juga di permudah dan di percepatan layanannya terimakasih,Pembayaran Pajak Kendaraan Online,"bayar, pajak, kendara, tahun, online",Negatif,0.902
5375,cepat tidak pake antri,Kualitas Pelayanan dan Antrean di Samsat,"layan, antri, samsat, masyarakat, respon",Positif,0.99
5376,Pengiriman sangat cepat,Proses dan Durasi Pengiriman STNK,"kirim, proses, stnk, tanggal, minggu",Positif,0.539
5377,informasi di aplikasi krg detail,Topik Tidak Relevan,Tidak Ditemukan,Negatif,0.54
5378,teruskan tingkatan pelayanan bravo bhayangkara,Kualitas Pelayanan dan Antrean di Samsat,"layan, antri, samsat, masyarakat, respon",Positif,0.969
5379,Bagus sekali,Topik Tidak Relevan,Tidak Ditemukan,Positif,0.813
5380,baru pertama kali bayar pajak kendaraan secara online mudah gak ribet tp baru bayar selanjutnya gimana ya admin saya harus ke kantor Samsat ya,Pembayaran Pajak Kendaraan Online,"bayar, pajak, kendara, tahun, online",Positif,0.628
5381,Alhamdulillah semenjak download ini cukup membantu sudah kali proses perpanjangan stnk gak perlu antri,Rincian Biaya Administrasi dan Transaksi,"kali, daftar, biaya, transaksi, ktp",Positif,1.0
5382,memang ada sedikit biaya tambahan tp kalau dihitung sama saja dengan antri di samsat,Rincian Biaya Administrasi dan Transaksi,"kali, daftar, biaya, transaksi, ktp",Positif,0.365
5383,oke mantap cepat,Topik Tidak Relevan,Tidak Ditemukan,Positif,1.0
5384,perbaiki utk pilihan kurirnya aja,Proses Pengurusan via Aplikasi SIGNAL,"signal, urus, samsat, digital, ambil",Netral,0.964
5385,sama klo pas ganti PLAT NOMOR juga bisa dikirim sekalian,Perpanjangan STNK 5 Tahunan (Ganti Plat),"stnk, panjang, samsat, ganti, plat",Netral,0.773
5386,pengiriman lama tolong kalo ada yg kurang lengkap dalam alamat tujuan konfirmasi ke pelanggan,Proses dan Durasi Pengiriman STNK,"kirim, proses, stnk, tanggal, minggu",Negatif,0.775
5387,penanganan cepat gak lama,Rincian Biaya Administrasi dan Transaksi,"kali, daftar, biaya, transaksi, ktp",Netral,0.546
5388,signal memudahkan semuanya,Proses Pengurusan via Aplikasi SIGNAL,"signal, urus, samsat, digital, ambil",Positif,0.818
5389,mantap pisan,Topik Tidak Relevan,Tidak Ditemukan,Positif,0.994
5390,keren banget nich aplikasi bikin gampang bayar pajak tanpa ribet,Pembayaran Pajak Kendaraan Online,"bayar, pajak, kendara, tahun, online",Positif,0.779
5391,hr sudah jadi dikirim pake pos Indonesia nyampe rumah pas mnggu,Layanan Jasa Kurir Pengiriman,"pos, kirim, via, indonesia, guna",Negatif,0.791
5392,sangat membantu dengan aplikasi Signal,Proses Pengurusan via Aplikasi SIGNAL,"signal, urus, samsat, digital, ambil",Positif,0.961
5393,terimakasih telah memberi kemudahan kepada kami untuk membayar pajak terimakasih pak pos yg sudah mengantar berkasnya,Pembayaran Pajak Kendaraan Online,"bayar, pajak, kendara, tahun, online",Positif,0.994
5394,klo dikirim lewat kurir takut gk sampe,Proses dan Durasi Pengiriman STNK,"kirim, proses, stnk, tanggal, minggu",Negatif,0.909
5395,Eet ini gimana udah bayar tapi harus nunggu padahal lagi dikantornya tapi mesti nunggu sampe hari kerja,Kendala Teknis Aplikasi (Loading),"orang, sibuk, data, bayar, bank",Netral,0.612
5396,mantaps jumat malem bayar pajak samasat jogja stnk minggu sudah sampai jakarta hari libur tetep di proses membantu banget terimakasih,Pembayaran Pajak Kendaraan Online,"bayar, pajak, kendara, tahun, online",Positif,0.922
5397,sangat memudah kan minus nya agak lama,Topik Tidak Relevan,Tidak Ditemukan,Positif,0.682
5398,tapi tidak apa apa karna tidak harus keluar rumah surat langsung d antar rumah,Layanan Pengiriman STNK ke Rumah,"rumah, langsung, kirim, stnk, samsat",Positif,0.921
5399,Kenapa mau bayar pajak yang ke kali malah gak bisa tulisannua eror sudah uninstall dan download lagi tetap gak bisa bayar pajak lagi,Pembayaran Pajak Kendaraan Online,"bayar, pajak, kendara, tahun, online",Negatif,0.981
5400,aplikasi signal sangat membantu dari proses registrasi pelayanan dan pengiriman kembali ke Alamat nya juga Ok cepat mantap,Proses dan Durasi Pengiriman STNK,"kirim, proses, stnk, tanggal, minggu",Positif,0.956
5401,membantu bgt jdi gak usah antri langsung dikirim ke rumh lewat abang pos,Layanan Pengiriman STNK ke Rumah,"rumah, langsung, kirim, stnk, samsat",Positif,0.999
5402,Baru pertama kali bayar pajak online via apk signal ternyata memang praktis nggak perlu datang ke Samsat tinggal duduk manis aja di rumah,Pembayaran Pajak Kendaraan Online,"bayar, pajak, kendara, tahun, online",Netral,0.483
5403,tolong pelayanan di samsat karangasem bali petugas judes di bagian pengambilan stnk kerjaan main hp tidak ada ramah sama sekali,Layanan Pengiriman STNK ke Rumah,"rumah, langsung, kirim, stnk, samsat",Negatif,0.919
5404,Ada yang tau cara ubah email saya mendaftar baru tidak terverifikasi karna ada keselahan tulis email,Rincian Biaya Administrasi dan Transaksi,"kali, daftar, biaya, transaksi, ktp",Negatif,0.577
5405,layanan oke sangat membantu proses cepat dan aman,Kualitas Pelayanan dan Antrean di Samsat,"layan, antri, samsat, masyarakat, respon",Positif,1.0
5406,pengiriman tidak sesuai masa di lacak selesai di antar tapi fisik nya belum ada,Proses dan Durasi Pengiriman STNK,"kirim, proses, stnk, tanggal, minggu",Negatif,0.829
5407,Alhamdulillah sudah di kirim walaupun hampir minggu,Proses dan Durasi Pengiriman STNK,"kirim, proses, stnk, tanggal, minggu",Positif,0.56
5408,mudah pakainya bagi pemula,Topik Tidak Relevan,Tidak Ditemukan,Positif,0.955
5409,makin mudah praktis systemnya,Topik Tidak Relevan,Tidak Ditemukan,Positif,0.993
5410,Semoga kedepanya LOKET SAMSAT baik pembuatan perpanjangan pajak SIM STNK bisa dilakukan disetiap Kantor Kelurahan kecamatan,Perpanjangan STNK 5 Tahunan (Ganti Plat),"stnk, panjang, samsat, ganti, plat",Netral,0.952
5411,bagus dan memudahkan,Topik Tidak Relevan,Tidak Ditemukan,Positif,0.994
5412,Mantap aplikasi yg sangat membantu,Topik Tidak Relevan,Tidak Ditemukan,Positif,0.999
5413,Alhamdulillah dokumen cepat sampai terimakasih Singal,Layanan Jasa Kurir Pengiriman,"pos, kirim, via, indonesia, guna",Positif,1.0
5414,Sangat membantu memberikan kemudahan disela banyaknya kesibukan,Kendala Teknis Aplikasi (Loading),"orang, sibuk, data, bayar, bank",Positif,0.986
5415,apk burik pelayanan ya jelek GK membantu,Kualitas Pelayanan dan Antrean di Samsat,"layan, antri, samsat, masyarakat, respon",Negatif,0.786
5416,sangat membantu bagi kaum yang malas antri,Kualitas Pelayanan dan Antrean di Samsat,"layan, antri, samsat, masyarakat, respon",Positif,0.998
5417,sangat simpel buat yg tidak punya banyak waktu,Fitur dan Layanan Bantuan Aplikasi,"bikin, sistem, antar, chat, cek",Positif,0.552
5418,ada beberapa deskripsi yg masih membingungkan,Topik Tidak Relevan,Tidak Ditemukan,Negatif,0.854
5419,alhamdulillah semoga terus baik pelayanannya,Kualitas Pelayanan dan Antrean di Samsat,"layan, antri, samsat, masyarakat, respon",Positif,0.995
5420,layanan baik dan memuaskan,Kualitas Pelayanan dan Antrean di Samsat,"layan, antri, samsat, masyarakat, respon",Positif,0.944
5421,kurangnya cuman satu napa ga bisa sama cop stempelnya yg tahun,Pembayaran Pajak Kendaraan Online,"bayar, pajak, kendara, tahun, online",Negatif,0.9
5422,aplikasi ini sangat membantu terima kasih,Topik Tidak Relevan,Tidak Ditemukan,Positif,0.992
5423,lebih hemat dan santai,Topik Tidak Relevan,Tidak Ditemukan,Positif,0.996
5424,jadi mudah bayar pajak tanpa antri lama,Pembayaran Pajak Kendaraan Online,"bayar, pajak, kendara, tahun, online",Positif,0.995
5425,bayar pajak lebih cepat,Pembayaran Pajak Kendaraan Online,"bayar, pajak, kendara, tahun, online",Positif,0.969
5426,Sangat membantu di saat tidak ada waktu ke samsat karena sibuk kerja dan juga bisa menghindari calo terima kasih,Perpanjangan STNK 5 Tahunan (Ganti Plat),"stnk, panjang, samsat, ganti, plat",Positif,0.987
5427,pelayanan ny sangat memuaskan dan pengiriman cepat dan rapi,Kualitas Pelayanan dan Antrean di Samsat,"layan, antri, samsat, masyarakat, respon",Positif,0.991
5428,mantap Masik sukses,Topik Tidak Relevan,Tidak Ditemukan,Positif,0.997
5429,pengiriman STNK dari Samsat ke penerima lama banget walaupun sudah memakai pengiriman kilat,Proses dan Durasi Pengiriman STNK,"kirim, proses, stnk, tanggal, minggu",Negatif,0.977
5430,sangat membantu sekali kami puas atas pelayanan dan informasinya,Kualitas Pelayanan dan Antrean di Samsat,"layan, antri, samsat, masyarakat, respon",Positif,0.996
5431,semoga tahun dan ganti kaleng juga bisa menggunakan aplikasi agar lebih mudah dan cepat,Permintaan Bantuan dan Saran Peningkatan,"bantu, tingkat, proses, samsat, rantau",Netral,0.995
5432,saya daftar dan bayar tgl April dan sampe tanggal April sedangkan STNK lama masa berlaku habis April,Rincian Biaya Administrasi dan Transaksi,"kali, daftar, biaya, transaksi, ktp",Negatif,0.992
5433,aplikasi sangat membantu saya sibuk kerja dan tidak perlu antri lagi di Samsat,Kualitas Pelayanan dan Antrean di Samsat,"layan, antri, samsat, masyarakat, respon",Positif,0.994
5434,tingkat kan lagi untuk prosesnya,Permintaan Bantuan dan Saran Peningkatan,"bantu, tingkat, proses, samsat, rantau",Netral,0.94
5435,Gila aja Pajak naik rata rata rb lebih tahun kemaren an sekarang an asli parah banget,Pembayaran Pajak Kendaraan Online,"bayar, pajak, kendara, tahun, online",Negatif,0.937
5436,jadi ga usah repot repot ke Samsat,Perbandingan Layanan Online vs. Kantor Samsat,"kantor, samsat, online, daerah, kota",Positif,0.997
5437,aplikasi cukup membantu trimakasih,Topik Tidak Relevan,Tidak Ditemukan,Positif,0.99
5438,semuanya jadi mudah tidak perlu ngnti bayar calo atau fotocopy berkas terimakasih Singal tingkatkan terus fitur aplikasinya,Permintaan Bantuan dan Saran Peningkatan,"bantu, tingkat, proses, samsat, rantau",Positif,0.991
5439,bayar pajak online gak cape antri di Samsat gak cape fotocopy berkas,Pembayaran Pajak Kendaraan Online,"bayar, pajak, kendara, tahun, online",Positif,0.996
5440,hemat waktu hemat biaya,Rincian Biaya Administrasi dan Transaksi,"kali, daftar, biaya, transaksi, ktp",Positif,0.996
5441,cepat dan tepat waktu terimakasih pak Signal semoga sehat selaluuuuuuu,Proses Pengurusan via Aplikasi SIGNAL,"signal, urus, samsat, digital, ambil",Positif,0.997
5442,proses mudah membantu rakyat,Proses dan Durasi Pengiriman STNK,"kirim, proses, stnk, tanggal, minggu",Positif,0.993
5443,masih sering gangguan smoga semakin bs ditingkatkan,Permintaan Bantuan dan Saran Peningkatan,"bantu, tingkat, proses, samsat, rantau",Netral,0.769
5444,Utk pengoperasian mudah,Topik Tidak Relevan,Tidak Ditemukan,Positif,0.945
5445,pelayanan online semakin mantap,Kualitas Pelayanan dan Antrean di Samsat,"layan, antri, samsat, masyarakat, respon",Positif,0.988
5446,Terima kasih team signal karena memudahkan saya utk membayar pajak,Pembayaran Pajak Kendaraan Online,"bayar, pajak, kendara, tahun, online",Positif,0.998
5447,Apply tgl april dokumen datang ke rumah tgl april,Proses dan Durasi Pengiriman STNK,"kirim, proses, stnk, tanggal, minggu",Positif,0.736
5448,Di luar ekspektasi bisa secepat itu prosesnya,Proses dan Durasi Pengiriman STNK,"kirim, proses, stnk, tanggal, minggu",Positif,0.584
5449,Pelayanan sudah baik semoga ke depannya makin baik,Kualitas Pelayanan dan Antrean di Samsat,"layan, antri, samsat, masyarakat, respon",Netral,0.942
5450,mantap layanan yg cepat,Kualitas Pelayanan dan Antrean di Samsat,"layan, antri, samsat, masyarakat, respon",Positif,0.999
5451,cepat tepat simple ga bisa berkata lagi klu utk bikin SIM spt ini enak kali ya,Fitur dan Layanan Bantuan Aplikasi,"bikin, sistem, antar, chat, cek",Positif,0.982
5452,Lebih mudah bayar pajak,Pembayaran Pajak Kendaraan Online,"bayar, pajak, kendara, tahun, online",Positif,0.98
5453,tolong untuk pengiriman nya di perbaiki yg tahu sebelum nya juga syh perpanjang tidak di kirim stnk asli nya,Proses dan Durasi Pengiriman STNK,"kirim, proses, stnk, tanggal, minggu",Negatif,0.757
5454,dan di apk tidak ada pilihan kirim apa ambil nya,Proses Pengurusan via Aplikasi SIGNAL,"signal, urus, samsat, digital, ambil",Negatif,0.938
5455,its ok lah tanpa ribet ke biro jasa maupun pengesahan bayar ke Samsat yg selama ini di lakukan walau secara wkt memang TTL nya hari baru sampe rmh itu STNK nya,Perpanjangan STNK 5 Tahunan (Ganti Plat),"stnk, panjang, samsat, ganti, plat",Positif,0.77
5456,mgkn ke depan bisa lebih cepet lagi Krn system nya sdh berbasis OL,Proses Pengurusan via Aplikasi SIGNAL,"signal, urus, samsat, digital, ambil",Netral,0.709
5457,tq,Topik Tidak Relevan,Tidak Ditemukan,Positif,0.942
5458,mantullll mudah dan terpercaya,Topik Tidak Relevan,Tidak Ditemukan,Positif,0.995
5459,nggak jelas aplikasi,Topik Tidak Relevan,Tidak Ditemukan,Negatif,0.916
5460,prosesnya mudah pembayaran banyak pilihan,Proses dan Durasi Pengiriman STNK,"kirim, proses, stnk, tanggal, minggu",Positif,0.558
5461,tambahan biaya admin SIGNAL,Rincian Biaya Administrasi dan Transaksi,"kali, daftar, biaya, transaksi, ktp",Netral,0.81
5462,dan biaya kirim,Rincian Biaya Administrasi dan Transaksi,"kali, daftar, biaya, transaksi, ktp",Negatif,0.87
5463,pengiriman lama banget transaksi Apr baru diterima Apr,Rincian Biaya Administrasi dan Transaksi,"kali, daftar, biaya, transaksi, ktp",Negatif,0.844
5464,Udah klik minta kode otp tapi gada pemberitahuan masuk di email atau masuk di pesan,Layanan Jasa Kurir Pengiriman,"pos, kirim, via, indonesia, guna",Negatif,0.993
5465,Udah juga dicek keduanya tapi gada kode OTP masuk,Layanan Jasa Kurir Pengiriman,"pos, kirim, via, indonesia, guna",Negatif,0.967
5466,Sampai max x percobaan dan disuruh ngulang besok lagi,Perpanjangan STNK 5 Tahunan (Ganti Plat),"stnk, panjang, samsat, ganti, plat",Negatif,0.623
5467,Hadeh mau ga ni aku bayar pajak,Pembayaran Pajak Kendaraan Online,"bayar, pajak, kendara, tahun, online",Negatif,0.977
5468,sangat memudahkan sekali untuk kita yang ada di luar daerah kota maupun provinsi,Perbandingan Layanan Online vs. Kantor Samsat,"kantor, samsat, online, daerah, kota",Netral,0.443
5469,pengiriman nya lebih di percepat lagi,Proses dan Durasi Pengiriman STNK,"kirim, proses, stnk, tanggal, minggu",Positif,0.923
5470,masih banyak kekurangan dalam pelayanan publik khususnya buat pengiriman STNK yang lama sampai ber minggu minggu,Proses dan Durasi Pengiriman STNK,"kirim, proses, stnk, tanggal, minggu",Negatif,0.968
5471,seharusnya ada opsi agar pengiriman bisa menggunakan jasa pihak lain bukan cuma mengandalkan jasa pengiriman POS Indonesia doang,Layanan Jasa Kurir Pengiriman,"pos, kirim, via, indonesia, guna",Netral,0.864
5472,karena jika jasa POS sedang overload bisa dibantu dengan jasa pengiriman lainnya seperti J t JNE GO JEK dll,Layanan Jasa Kurir Pengiriman,"pos, kirim, via, indonesia, guna",Netral,0.821
5473,selebihnya sudah baik,Topik Tidak Relevan,Tidak Ditemukan,Netral,0.519
5474,hanya perlu pengawasan dan peningkatan kualitas layanan saja,Kualitas Pelayanan dan Antrean di Samsat,"layan, antri, samsat, masyarakat, respon",Netral,0.612
5475,membantu dalam bayar pajak,Pembayaran Pajak Kendaraan Online,"bayar, pajak, kendara, tahun, online",Positif,0.971
5476,Aplikasi ini sangat memudahkan dalam pembayaran pajak kendaraan hanya saja perlu terus di tingkatkan dan perbaikan,Pembayaran Pajak Kendaraan Online,"bayar, pajak, kendara, tahun, online",Positif,0.947
5477,semenjak di update apk nya mau bayar pajak koq ga bisa min keterangan nya tidak dpt mengesahkan STNK dan di suruh dateng ke Samsat padahal setiap tahun bayar di apk signal sebelum nya aman aja,Pembayaran Pajak Kendaraan Online,"bayar, pajak, kendara, tahun, online",Negatif,0.993
5478,bagus cuman lama,Topik Tidak Relevan,Tidak Ditemukan,Negatif,0.747
